country_code,country,region,year,new_cars_total,new_cars_bev,new_cars_phev,ev_share,ev_phev_share,ev_level,gdp_per_capita_pps,median_disposable_income,aic_per_capita_pps,population,fuel_price,electricity_price,environmental_expenditure,bev_per_100k,gdp_change_pct,ev_share_change_pp
AT,Austria,Западная Европа,2015,308555.0,1677.0,1101.0,0.543501158626501,0.9003257117855812,до 1%,35681.9,21981.0,23093.3,8584926.0,1.2020816326530612,0.1996,0.4,19.534239433164597,,
AT,Austria,Западная Европа,2016,329604.0,3826.0,1237.0,1.1607868836543245,1.5360857271149622,1-5%,36385.1,23071.0,23408.9,8700471.0,1.11142,0.2022,0.4,43.974630798723425,1.9707470734461996,0.6172857250278235
AT,Austria,Западная Европа,2017,353320.0,5433.0,1721.0,1.5376995358315408,2.024793388429752,1-5%,37012.2,23361.0,23882.3,8772865.0,1.17744,0.19640000000000002,0.4,61.92959768559074,1.7235076995803178,0.37691265217721637
AT,Austria,Западная Европа,2018,341068.0,6757.0,2258.0,1.9811298626666822,2.643167931321613,1-5%,38419.4,23204.0,24516.7,8822267.0,1.26434,0.1989,0.4,76.5902913616194,3.8019896142353238,0.4434303268351414
AT,Austria,Западная Европа,2019,329363.0,9242.0,2156.0,2.8060225344073255,3.4606194381275373,1-5%,39263.8,23687.0,24965.0,8858775.0,1.238204081632653,0.2054,0.4,104.32593671246872,2.197847962227417,0.8248926717406433
AT,Austria,Западная Европа,2020,248740.0,15972.0,7641.0,6.421162659805419,9.493044946530514,5-15%,37385.6,23334.0,23604.3,8901064.0,1.08368,0.2139,0.4,179.43922209749306,-4.783541073456988,3.6151401253980935
AT,Austria,Западная Европа,2021,239803.0,33366.0,14626.0,13.91392101016251,20.01309408139181,5-15%,40185.6,24450.0,25686.7,8932664.0,1.2833673469387754,0.22505,0.4,373.5279867237814,7.489514679448761,7.49275835035709
AT,Austria,Западная Европа,2022,215050.0,34165.0,13268.0,15.887003022552895,22.056730992792374,выше 15%,44569.5,25119.0,28670.4,8978929.0,1.7277058823529412,0.23095,0.5,380.5019507337679,10.90913162924032,1.9730820123903854
AT,Austria,Западная Европа,2023,239150.0,47621.0,16956.0,19.912607150324064,27.002717959439682,выше 15%,46391.9,28690.0,30138.3,9104772.0,1.5954117647058825,0.27005,0.6,523.033415883451,4.088894872053772,4.025604127771169
AT,Austria,Западная Европа,2024,253789.0,44622.0,16928.0,17.582322322874514,24.25243016836821,выше 15%,47527.9,29758.0,31379.6,9158750.0,1.5682452830188678,0.2584,0.7,487.20622355670804,2.448703329676083,-2.3302848274495496
BE,Belgium,Западная Европа,2015,506284.0,1360.0,,0.2686239343925544,,до 1%,33127.0,19921.0,22339.7,11237274.0,1.365825918367347,0.2239,1.3,12.102579326623164,,
BE,Belgium,Западная Европа,2016,546142.0,2061.0,,0.37737438248660604,,до 1%,33631.0,21335.0,22670.2,11311117.0,1.2633166,0.26445,1.2,18.221012124620408,1.5214175747879422,0.10875044809405165
BE,Belgium,Западная Европа,2017,553692.0,2717.0,,0.49070602428787125,,до 1%,34519.6,20904.0,23338.4,11351727.0,1.3504261999999998,0.2867,1.3,23.934684123393737,2.642205108382134,0.1133316418012652
BE,Belgium,Западная Европа,2018,557487.0,3763.0,,0.6749933182298421,,до 1%,35579.3,21353.0,24076.4,11398589.0,1.4031835999999998,0.28800000000000003,1.3,33.012857994967625,3.0698501720761717,0.18428729394197085
BE,Belgium,Западная Европа,2019,558003.0,8892.0,,1.5935398196783888,,1-5%,36884.8,22141.0,24638.0,11455519.0,1.391061224489796,0.28495,1.3,77.62197417681381,3.6692683667188586,0.9185465014485467
BE,Belgium,Западная Европа,2020,439038.0,15044.0,,3.426582664826279,,1-5%,35850.5,22391.0,23612.1,11522440.0,1.2775436,0.2747,1.4,130.56262388869024,-2.804136121112233,1.8330428451478904
BE,Belgium,Западная Европа,2021,392769.0,22774.0,,5.798319113779346,,5-15%,38699.2,22768.0,25314.9,11554767.0,1.4857632653061223,0.2848,1.4,197.0961422242439,7.946053750993709,2.371736448953067
BE,Belgium,Западная Европа,2022,374597.0,37760.0,59269.0,10.080166151891232,25.9022362699114,5-15%,42520.4,24159.0,28396.9,11617623.0,1.797892745098039,0.3963,1.2,325.0234578966799,9.874105924670285,4.281847038111886
BE,Belgium,Западная Европа,2023,484639.0,93482.0,100308.0,19.28899655207278,39.986464151667526,выше 15%,45367.3,25150.0,30338.0,11742796.0,1.723139807692308,0.4064,1.2,796.0795708279358,6.695374455555458,9.208830400181549
BE,Belgium,Западная Европа,2024,456303.0,127915.0,67034.0,28.03290795808925,42.723584986292,выше 15%,46587.9,26361.0,31479.6,11817096.0,1.635917358490566,0.33335,1.2,1082.4571451395504,2.690484115210734,8.743911406016469
BG,Bulgaria,Восточная Европа,2015,17271.0,10.0,,0.057900526894794746,,до 1%,13586.9,6882.0,9522.7,7029690.0,1.1029548979591837,0.09495,0.8,0.14225378359500918,,
BG,Bulgaria,Восточная Европа,2016,20386.0,11.0,,0.05395859903855587,,до 1%,14411.0,6742.0,9841.1,6938759.0,0.9838294000000001,0.0947,0.7,0.15852978897235082,6.065401232069134,-0.003941927856238876
BG,Bulgaria,Восточная Европа,2017,25995.0,13.0,,0.05000961723408348,,до 1%,15329.3,7533.0,10396.1,6849518.0,1.0259268,0.0969,0.7,0.18979437677220498,6.372215668586501,-0.003948981804472389
BG,Bulgaria,Восточная Европа,2018,28584.0,145.0,,0.5072767982087881,,до 1%,16273.7,7218.0,11035.1,6757418.0,1.0982826,0.09920000000000001,0.7,2.145790004407009,6.160750980149143,0.45726718097470465
BG,Bulgaria,Восточная Европа,2019,32885.0,188.0,,0.5716892200091227,,до 1%,17407.9,8371.0,11743.7,6664177.0,1.0842144897959183,0.09775,0.7,2.8210535224379543,6.96952751986335,0.06441242180033457
BG,Bulgaria,Восточная Европа,2020,20429.0,139.0,41.0,0.6804053061823878,0.8811003964951785,до 1%,17473.0,8647.0,11830.3,6569275.0,0.9311896000000001,0.09895,0.7,2.115910812075914,0.3739681409015372,0.10871608617326511
BG,Bulgaria,Восточная Европа,2021,24467.0,321.0,97.0,1.311971226550047,1.7084235909592513,1-5%,19748.1,9375.0,13391.8,6532117.0,1.075895306122449,0.10575000000000001,0.8,4.914180196098753,13.020660447547638,0.6315659203676591
BG,Bulgaria,Восточная Европа,2022,28568.0,1021.0,141.0,3.5739288714645756,4.067488098571829,1-5%,22421.2,9671.0,15053.2,6482484.0,1.463731176470588,0.11199999999999999,0.7,15.750135287645909,13.535985740400358,2.2619576449145287
BG,Bulgaria,Восточная Европа,2023,37476.0,1754.0,355.0,4.68032874372932,5.627601665065642,1-5%,24254.4,11155.0,16312.1,6447710.0,1.3377064705882353,0.11649999999999999,0.6,27.203456731149508,8.17619039123687,1.1063998722647446
BG,Bulgaria,Восточная Европа,2024,42799.0,1665.0,467.0,3.890277810229211,4.981424799644851,1-5%,26324.3,13079.0,17891.3,6445481.0,1.3106739682646873,0.1202,0.6,25.832051944610495,8.534121643907898,-0.7900509335001091
CY,Cyprus,Южная Европа,2015,10078.0,4.0,,0.03969041476483429,,до 1%,22563.5,15313.0,16985.7,860846.0,1.2285032653061225,0.18975,0.7,0.4646591841049386,,
CY,Cyprus,Южная Европа,2016,12468.0,7.0,,0.05614372794353545,,до 1%,24483.3,16173.0,17860.7,863764.0,1.1451035999999999,0.15739999999999998,0.6,0.8104065462325357,8.508431759257196,0.016453313178701155
CY,Cyprus,Южная Европа,2017,13118.0,18.0,,0.13721603903034,,до 1%,25941.8,16877.0,18817.7,869878.0,1.2081784,0.18445,0.5,2.0692556887287643,5.95712179322232,0.08107231108680454
CY,Cyprus,Южная Европа,2018,13126.0,5.0,,0.03809233582203261,,до 1%,27303.3,17505.0,19647.8,878601.0,1.2799669999999999,0.20379999999999998,0.5,0.5690865364369037,5.248286549121506,-0.09912370320830738
CY,Cyprus,Южная Европа,2019,12601.0,58.0,,0.4602809300849139,,до 1%,28873.4,18844.0,20649.1,890194.0,1.1830710204081634,0.22194999999999998,0.5,6.51543371444876,5.750586925389989,0.4221885942628813
CY,Cyprus,Южная Европа,2020,10237.0,42.0,,0.4102764481781772,,до 1%,27194.2,18652.0,19596.4,902429.0,1.0802954,0.19155,0.7,4.654105752363898,-5.815733512506327,-0.050004481906736675
CY,Cyprus,Южная Европа,2021,10611.0,78.0,84.0,0.7350862312694374,1.5267175572519085,до 1%,30382.9,18629.0,20565.0,914476.0,1.24614693877551,0.214,0.7,8.529474803056614,11.725662089710308,0.3248097830912602
CY,Cyprus,Южная Европа,2022,11577.0,401.0,231.0,3.4637643603696984,5.459099939535285,1-5%,34492.5,19891.0,23490.7,929764.0,1.5368096078431372,0.2934,0.7,43.12922419022462,13.526029444193943,2.728678129100261
CY,Cyprus,Южная Европа,2023,14637.0,788.0,510.0,5.383616861378698,8.867937418869987,5-15%,37400.0,20917.0,25642.3,949084.0,1.4478507692307694,0.35955000000000004,0.7,83.0274243375718,8.4293687033413,1.9198525010089997
CY,Cyprus,Южная Европа,2024,15061.0,1193.0,664.0,7.9211207755129145,12.329858575127814,5-15%,39456.4,22817.0,26819.7,966365.0,1.4397558490566036,0.3246,0.6,123.45231874084844,5.498395721925142,2.5375039141342164
CZ,Czechia,Восточная Европа,2015,229731.0,312.0,,0.13581101375086516,,до 1%,24603.7,11652.0,14337.0,10538275.0,1.1541879591836735,0.13965,1.2,2.9606363470302304,,
CZ,Czechia,Восточная Европа,2016,257854.0,210.0,,0.0814414358512957,,до 1%,25443.3,12478.0,14877.5,10553843.0,1.058425,0.14205,0.8,1.9897965129858384,3.412494868657956,-0.05436957789956946
CZ,Czechia,Восточная Европа,2017,269622.0,376.0,,0.13945449555303352,,до 1%,27214.7,12641.0,15970.1,10578820.0,1.1509200000000002,0.14629999999999999,0.9,3.5542716484447228,6.962147205747682,0.058013059701737826
CZ,Czechia,Восточная Европа,2018,259525.0,731.0,,0.2816684327136114,,до 1%,28492.8,13264.0,16924.2,10610055.0,1.2527136,0.15794999999999998,0.9,6.889690958246682,4.696358953065793,0.1422139371605779
CZ,Czechia,Восточная Европа,2019,247567.0,778.0,,0.31425836238270854,,до 1%,30008.3,14035.0,17698.6,10649800.0,1.2418142857142858,0.1759,0.9,7.30530150800954,5.31888757861636,0.03258992966909713
CZ,Czechia,Восточная Европа,2020,198400.0,3284.0,1981.0,1.655241935483871,2.6537298387096775,1-5%,29178.2,14151.0,17275.5,10693939.0,1.0678868,0.18180000000000002,0.9,30.70898384589626,-2.7662346750732203,1.3409835731011626
CZ,Czechia,Восточная Европа,2021,205397.0,3172.0,,1.544326353354723,,1-5%,30502.4,13815.0,18132.8,10494836.0,1.2819434693877552,0.18425,1.0,30.22438845161563,4.538319704436877,-0.1109155821291481
CZ,Czechia,Восточная Европа,2022,177644.0,3786.0,3447.0,2.1312287496341,4.071626398865146,1-5%,32419.7,15354.0,19418.0,10516707.0,1.6959911764705882,0.20829999999999999,0.9,35.999861933968496,6.285734892992023,0.5869023962793769
CZ,Czechia,Восточная Европа,2023,212662.0,6567.0,5251.0,3.087998796211829,5.557175235820222,1-5%,34973.9,16208.0,20493.2,10827529.0,1.5741259615384615,0.31705,0.8,60.65095738833856,7.878542984666725,0.9567700465777293
CZ,Czechia,Восточная Европа,2024,217520.0,10854.0,4826.0,4.989885987495403,7.208532548731151,1-5%,36255.5,16972.0,21409.1,10900555.0,1.4879896026782085,0.33415,0.9,99.57291165449833,3.664446916128883,1.9018871912835738
DE,Germany,Западная Европа,2015,3206042.0,12363.0,,0.385615659433033,,до 1%,35148.9,20365.0,23145.7,81197537.0,1.3970408163265307,0.29484999999999995,0.5,15.22583129584337,,
DE,Germany,Западная Европа,2016,3285904.0,11410.0,,0.3472408201822086,,до 1%,36132.4,21152.0,23816.8,82175684.0,1.30542,0.2973,0.5,13.884885947526765,2.798096099735692,-0.03837483925082441
DE,Germany,Западная Европа,2017,3441262.0,25056.0,29435.0,0.728104980091606,1.5834597888797772,до 1%,37613.5,21331.0,24570.0,82521653.0,1.3738800000000002,0.3048,0.5,30.3629400152709,4.09909112043485,0.38086415990939737
DE,Germany,Западная Европа,2018,3435778.0,36062.0,31422.0,1.049602157066027,1.9641548435317997,1-5%,38726.7,21980.0,25355.0,82792351.0,1.4427999999999999,0.29935,0.6,43.557163873749644,2.9595756842622833,0.32149717697442104
DE,Germany,Западная Европа,2019,3607258.0,63281.0,45246.0,1.7542687548270737,3.008573270888858,1-5%,39216.9,22693.0,25825.6,83019213.0,1.4163265306122448,0.2983,0.6,76.22452407492709,1.2657933673667188,0.7046665977610467
DE,Germany,Западная Европа,2020,2917678.0,194163.0,200394.0,6.6547096698127755,13.522979574853702,5-15%,38270.8,24229.0,24947.9,83166711.0,1.2886,0.30245,0.6,233.4624005992013,-2.4124803337336687,4.900440914985702
DE,Germany,Западная Европа,2021,2622132.0,355961.0,325437.0,13.575250978974362,25.98641105787199,5-15%,40874.4,23336.0,26407.6,83155031.0,1.5828979591836736,0.32135,0.5,428.0691086508043,6.803097923220824,6.920541309161586
DE,Germany,Западная Европа,2022,2651357.0,470559.0,362092.0,17.747855154926327,31.404710870697535,выше 15%,43577.4,23127.0,29139.1,83237124.0,1.9233529411764705,0.3318,0.5,565.3234727331521,6.612941107392412,4.172604175951966
DE,Germany,Западная Европа,2023,2844609.0,524219.0,175723.0,18.428508100761828,24.605912447018202,выше 15%,45519.2,24086.0,30234.5,83118501.0,1.8500769230769232,0.40725,0.5,630.6887079207552,4.455979475599725,0.6806529458355008
DE,Germany,Западная Европа,2024,2817331.0,380609.0,191903.0,13.509559224670442,20.321076934162157,5-15%,47008.3,25192.0,31609.8,83456045.0,1.7916603773584907,0.3947,0.6,456.05923453477817,3.271366807852516,-4.918948876091386
DK,Denmark,Северная Европа,2015,206653.0,1265.0,406.0,0.6121372542377802,0.8086018591552022,до 1%,35165.0,20384.0,23061.2,5659715.0,1.5021897959183674,0.3055,0.4,22.350948766854867,,
DK,Denmark,Северная Европа,2016,222469.0,1265.0,572.0,0.5686185491012231,0.8257330234774283,до 1%,35992.7,21355.0,23446.3,5707251.0,1.4134422,0.3086,0.4,22.16478651455841,2.3537608417460554,-0.04351870513655709
DK,Denmark,Северная Европа,2017,221473.0,691.0,621.0,0.31200191445458364,0.5923972673869953,до 1%,37964.1,20955.0,24479.3,5748769.0,1.4959422,0.30295,0.4,12.019964621991248,5.477221769970031,-0.2566166346466395
DK,Denmark,Северная Европа,2018,218475.0,1544.0,3126.0,0.7067170156768509,2.137544341457833,до 1%,38810.6,21646.0,25301.7,5781190.0,1.5923,0.31245,0.4,26.70730420553554,2.229738094673661,0.3947151012222672
DK,Denmark,Северная Европа,2019,225620.0,5501.0,3880.0,2.4381703749667585,4.157876074816063,1-5%,39393.0,22371.0,25569.9,5806081.0,1.6078091836734694,0.2954,0.4,94.74549183864296,1.5006209643757096,1.7314533592899077
DK,Denmark,Северная Европа,2020,198979.0,14218.0,18235.0,7.1454776634720245,16.309761331597805,5-15%,40054.4,21796.0,25739.5,5822763.0,1.4491034,0.28259999999999996,0.4,244.17961026406192,1.6789784987180534,4.707307288505266
DK,Denmark,Северная Европа,2021,186592.0,24876.0,40445.0,13.331761275938947,35.007395815469046,5-15%,44240.3,22899.0,27852.1,5840045.0,1.6712206122448978,0.3174,0.4,425.95562191729687,10.450537269313731,6.186283612466922
DK,Denmark,Северная Европа,2022,149285.0,30799.0,26443.0,20.63100780386509,38.34410690960244,выше 15%,48465.5,23244.0,28675.2,5873420.0,2.088567843137255,0.5215,0.4,524.379322439056,9.550568147141858,7.299246527926142
DK,Denmark,Северная Европа,2023,173374.0,62576.0,17218.0,36.09307047192774,46.02420201414284,выше 15%,48240.3,22820.0,29375.7,5932654.0,1.9747351923076921,0.36824999999999997,0.4,1054.7724509132001,-0.46466042855226597,15.46206266806265
DK,Denmark,Северная Европа,2024,173461.0,89058.0,7068.0,51.34180017410254,55.41649131505064,выше 15%,51785.4,24297.0,30354.4,5961249.0,1.9974811726665531,0.37355000000000005,0.4,1493.9486674688476,7.348834895305378,15.2487297021748
EE,Estonia,Северная Европа,2015,21064.0,30.0,,0.1424230915305735,,до 1%,21398.6,10432.0,13380.0,1313271.0,1.1081632653061224,0.12965,0.7,2.2843723801104265,,
EE,Estonia,Северная Европа,2016,23020.0,32.0,,0.13900955690703737,,до 1%,22190.6,11867.0,13928.1,1315944.0,1.05862,0.12229999999999999,0.6,2.431714419458579,3.7011767124952133,-0.0034135346235361352
EE,Estonia,Северная Европа,2017,25621.0,26.0,,0.10147925529838804,,до 1%,23734.0,12414.0,14548.7,1315635.0,1.18536,0.1263,0.7,1.9762320096379316,6.955197245680611,-0.03753030160864933
EE,Estonia,Северная Европа,2018,26299.0,83.0,,0.3156013536636374,,до 1%,25227.3,13378.0,15516.2,1319133.0,1.3323399999999999,0.1383,0.7,6.292011495429195,6.29181764557174,0.21412209836524937
EE,Estonia,Северная Европа,2019,27579.0,77.0,,0.2791979404619457,,до 1%,26438.1,14240.0,16237.7,1324820.0,1.339204081632653,0.1384,0.7,5.812110324421431,4.799562378851485,-0.036403413201691714
EE,Estonia,Северная Европа,2020,19295.0,344.0,,1.782845296708992,,1-5%,25994.6,14331.0,16246.2,1328889.0,1.25316,0.12635,0.7,25.88628546101292,-1.6775033001615092,1.5036473562470465
EE,Estonia,Северная Европа,2021,22610.0,487.0,240.0,2.1539141972578504,3.215391419725785,1-5%,28242.8,14810.0,17468.6,1330068.0,1.4264897959183673,0.16315,0.6,36.61466932517736,8.648719349403343,0.3710689005488583
EE,Estonia,Северная Европа,2022,20558.0,693.0,391.0,3.3709504815643547,5.272886467555209,1-5%,30146.6,17064.0,19162.1,1331796.0,1.851137254901961,0.2353,0.5,52.03499635079246,6.740833061877716,1.2170362843065043
EE,Estonia,Северная Европа,2023,22986.0,1448.0,555.0,6.299486644044201,8.713999825981032,5-15%,30454.9,15492.0,20022.2,1365884.0,1.7165961538461538,0.22494999999999998,0.7,106.01193073496725,1.0226692230633105,2.9285361624798463
EE,Estonia,Северная Европа,2024,25744.0,1323.0,1269.0,5.139061528899938,10.068365444375388,5-15%,31583.4,16482.0,20763.0,1374687.0,1.6737735849056603,0.2257,0.7,96.2400895622058,3.70547924964455,-1.160425115144263
EL,Greece,Южная Европа,2015,75497.0,32.0,,0.04238579016384757,,до 1%,19131.7,8802.0,14769.7,10818041.0,1.4805714285714286,0.1769,1.5,0.2958021697274026,,
EL,Greece,Южная Европа,2016,78790.0,20.0,,0.025383931971062316,,до 1%,19106.0,9048.0,14785.5,10735415.0,1.39374,0.17195,1.5,0.18629927208216915,-0.13433202485927387,-0.01700185819278525
EL,Greece,Южная Европа,2017,88001.0,37.0,,0.04204497676162771,,до 1%,19700.8,9035.0,15372.2,10707527.0,1.51092,0.16655,1.4,0.34555131170810965,3.1131581702082967,0.016661044790565394
EL,Greece,Южная Европа,2018,103322.0,77.0,,0.07452430266545364,,до 1%,20203.0,9245.0,15833.2,10667336.0,1.5969,0.1659,1.4,0.7218297051859995,2.549135060505159,0.03247932590382593
EL,Greece,Южная Европа,2019,114007.0,188.0,,0.1649021551308253,,до 1%,20765.1,9765.0,16372.1,10635213.0,1.5857142857142859,0.1573,1.4,1.7677125977636743,2.782260060387065,0.09037785246537165
EL,Greece,Южная Европа,2020,79597.0,678.0,,0.8517908966418333,,до 1%,18866.4,10175.0,15474.7,10612591.0,1.4451800000000001,0.16575,0.9,6.388637798253037,-9.143707470708051,0.686888741511008
EL,Greece,Южная Европа,2021,100274.0,2174.0,,2.168059516923629,,1-5%,21245.7,9917.0,16771.9,10555344.0,1.646204081632653,0.1827,0.8,20.596202264938025,12.611308993766702,1.316268620281796
EL,Greece,Южная Европа,2022,105219.0,2826.0,5322.0,2.685826704302455,7.743848544464403,1-5%,24026.4,10841.0,19402.0,10461627.0,2.051176470588235,0.22694999999999999,0.9,27.01300667668614,13.08829551391577,0.5177671873788259
EL,Greece,Южная Европа,2023,134465.0,6377.0,8836.0,4.742498047819135,11.313724761090247,1-5%,26263.1,11389.0,20701.1,10401868.0,1.9020192307692307,0.2318,1.0,61.306296138347456,9.309343055971752,2.0566713435166797
EL,Greece,Южная Европа,2024,136984.0,8708.0,8262.0,6.356946796706184,12.388308123576476,5-15%,27373.2,12436.0,21309.9,10375764.0,1.8548490566037736,0.22644999999999998,0.9,83.9263499054142,4.226842985024626,1.6144487488870496
ES,Spain,Южная Европа,2015,1047782.0,2620.0,66.0,0.2500520146366324,0.25635103485266975,до 1%,25351.1,14463.0,17581.9,46425722.0,1.2317565306122449,0.23395,0.9,5.643423272986471,,
ES,Spain,Южная Европа,2016,1228412.0,2085.0,152.0,0.16973132792580992,0.1821050266522958,до 1%,26145.0,15347.0,18045.3,46418884.0,1.149463,0.22344999999999998,0.8,4.491706435682512,3.1316195352469878,-0.08032068671082249
ES,Spain,Южная Европа,2017,1339232.0,4038.0,517.0,0.3015160928054288,0.3401203077584765,до 1%,27390.8,15526.0,18938.2,46497393.0,1.2168797999999998,0.22365000000000002,0.8,8.684357852062803,4.764964620386314,0.13178476487961888
ES,Spain,Южная Европа,2018,1439270.0,6238.0,1915.0,0.43341416134568217,0.5664677232207994,до 1%,27853.5,16030.0,19208.8,46645070.0,1.2926786,0.243,0.8,13.373331844072696,1.689253325934259,0.13189806854025338
ES,Spain,Южная Европа,2019,1372821.0,10415.0,5588.0,0.7586568095913451,1.1657018649918671,до 1%,28663.4,16171.0,19626.2,46918951.0,1.2972826530612245,0.23985,0.9,22.19785348568428,2.907713572800552,0.3252426482456629
ES,Spain,Южная Европа,2020,927523.0,18217.0,22602.0,1.96404833087697,4.4008612185358205,1-5%,25131.2,16661.0,17386.0,47318050.0,1.1779389999999998,0.22685,1.0,38.49905057372398,-12.323032159478641,1.205391521285625
ES,Spain,Южная Европа,2021,918831.0,24400.0,43096.0,2.6555481911254626,7.345855766729682,1-5%,28285.0,16297.0,19479.0,47400798.0,1.3802679591836735,0.25695,0.9,51.47592662891456,12.54934105812695,0.6914998602484925
ES,Spain,Южная Европа,2022,851525.0,31737.0,48077.0,3.7270778896685357,9.373065969877572,1-5%,31781.2,17254.0,21735.1,47486843.0,1.7809982352941176,0.32105,1.0,66.83324894855613,12.360615167049671,1.0715296985430731
ES,Spain,Южная Европа,2023,983721.0,55388.0,62780.0,5.630458229518329,12.012349029857043,5-15%,34768.5,19021.0,23349.0,48085361.0,1.6360392307692306,0.24004999999999999,1.0,115.18682369879681,9.399582142902085,1.903380339849793
ES,Spain,Южная Европа,2024,1067172.0,59383.0,59459.0,5.564520058622228,11.136161743374076,5-15%,36413.1,20800.0,24394.9,48619695.0,1.5777730188679244,0.2422,1.0,122.13774685340992,4.730143664523911,-0.06593817089610088
FI,Finland,Северная Европа,2015,108819.0,243.0,415.0,0.2233065916797618,0.6046738161534291,до 1%,30379.3,19430.0,21426.5,5471753.0,1.4680816326530612,0.15410000000000001,0.2,4.440989935035445,,
FI,Finland,Северная Европа,2016,119000.0,223.0,1209.0,0.18739495798319328,1.203361344537815,до 1%,30955.1,19997.0,21668.6,5487308.0,1.3808399999999998,0.1543,0.2,4.063923512221293,1.8953695443937102,-0.03591163369656852
FI,Finland,Северная Европа,2017,118587.0,502.0,2553.0,0.4233179016249673,2.5761677080961656,до 1%,32444.6,19827.0,22078.3,5503297.0,1.4643199999999998,0.15899999999999997,0.2,9.121804620030503,4.811808070398738,0.23592294364177402
FI,Finland,Северная Европа,2018,120505.0,776.0,4932.0,0.6439566822953404,4.7367329156466536,до 1%,33393.2,20048.0,22644.7,5513130.0,1.52234,0.1655,0.2,14.07548887836855,2.9237531052933363,0.22063878067037312
FI,Finland,Северная Европа,2019,114202.0,1897.0,5967.0,1.6610917497066602,6.886044027249961,1-5%,33999.7,20362.0,22902.2,5517919.0,1.5240816326530613,0.17585,0.2,34.378902626153085,1.8162380364864728,1.0171350674113198
FI,Finland,Северная Европа,2020,96418.0,4245.0,13231.0,4.402704889128586,18.12524632330063,1-5%,34039.9,20290.0,22799.5,5525292.0,1.41178,0.17565,0.2,76.82851874615858,0.1182363373794626,2.7416131394219256
FI,Finland,Северная Европа,2021,98485.0,10153.0,20144.0,10.309184139716708,30.763060364522516,5-15%,36222.4,20078.0,24376.2,5533793.0,1.6736122448979593,0.18035,0.2,183.47271030918577,6.41159345356479,5.906479250588122
FI,Finland,Северная Европа,2022,81700.0,14531.0,16171.0,17.78580171358629,37.578947368421055,выше 15%,38350.4,20941.0,25703.8,5548241.0,2.108627450980392,0.22039999999999998,0.2,261.90282649942566,5.87481779230532,7.476617573869584
FI,Finland,Северная Европа,2023,87509.0,29537.0,18087.0,33.75309968117565,54.42183089739341,выше 15%,39690.3,21691.0,27599.2,5563970.0,1.9292307692307693,0.248,0.2,530.8619564807143,3.4938357878927073,15.967297967589356
FI,Finland,Северная Европа,2024,74075.0,21870.0,14863.0,29.524130948363144,49.58893013837327,выше 15%,40871.6,23055.0,28516.3,5603851.0,1.8016415094339622,0.2404,0.2,390.2673358017549,2.976293955953957,-4.228968732812504
FR,France,Западная Европа,2015,1886229.0,17269.0,5677.0,0.9155304048447988,1.2165012837783746,до 1%,29516.0,19885.0,20603.5,66458153.0,1.356370612244898,0.1679,0.9,25.98477270350863,,
FR,France,Западная Европа,2016,1984471.0,21758.0,7479.0,1.0964130995111543,1.4732893551984383,1-5%,29858.6,20621.0,20943.3,66638391.0,1.3011674,0.1698,0.9,32.65084836757238,1.1607263856891148,0.18088269466635554
FR,France,Западная Европа,2017,2157670.0,25368.0,12089.0,1.1757126900777228,1.73599299244092,1-5%,30585.2,20357.0,21396.0,66809816.0,1.375376,0.173,0.9,37.970468291665405,2.4334697541076977,0.07929959056656855
FR,France,Западная Европа,2018,2223581.0,31687.0,14753.0,1.425043657055893,2.0885229726283865,1-5%,31463.5,20223.0,21964.4,67026224.0,1.5071972,0.17735,0.9,47.275526068721994,2.8716503406876592,0.24933096697817025
FR,France,Западная Европа,2019,2258277.0,43564.0,18789.0,1.9290813305896486,2.7610873245399037,1-5%,33247.6,20471.0,22999.0,67290471.0,1.5049191836734692,0.18455,0.9,64.74022153894569,5.67037996408537,0.5040376735337555
FR,France,Западная Европа,2020,1693530.0,112499.0,74961.0,6.6428702178290315,11.06918684640957,5-15%,31555.5,19518.0,22048.7,67473651.0,1.356537,0.19255,1.0,166.73026927207482,-5.089389910850706,4.713788887239383
FR,France,Западная Европа,2021,1708675.0,165566.0,141242.0,9.689730346613604,17.955901502626304,5-15%,33443.0,20100.0,23127.5,67728568.0,1.5529438775510205,0.1984,1.0,244.45519060730769,5.981524615360234,3.046860128784573
FR,France,Западная Европа,2022,1576950.0,207171.0,127436.0,13.137448872824123,21.21861821871334,5-15%,35145.8,20575.0,24599.7,68091703.0,1.808916862745098,0.2148,1.0,304.252927849374,5.091648476512289,3.4477185262105188
FR,France,Западная Европа,2023,1841326.0,303590.0,162836.0,16.487574715178084,25.330984301530528,выше 15%,38055.1,21875.0,26696.6,68277210.0,1.880760576923077,0.24455,1.0,444.64324186650276,8.277802753102769,3.350125842353961
FR,France,Западная Европа,2024,1781580.0,295053.0,147094.0,16.561310746640622,24.817689915692814,выше 15%,39294.2,23222.0,27457.0,68669303.0,1.8208333962264152,0.28865,1.0,429.67233845376296,3.2560681748307063,0.07373603146253771
HR,Croatia,Южная Европа,2015,34820.0,80.0,,0.22975301550832855,,до 1%,17084.7,8253.0,11850.9,4180915.0,1.2594518367346939,0.13145,0.8,1.9134567433205412,,
HR,Croatia,Южная Европа,2016,43015.0,66.0,,0.15343484830872953,,до 1%,17960.8,8985.0,12267.4,4131115.0,1.1834938,0.1321,0.9,1.5976316321380548,5.127980005501986,-0.07631816719959902
HR,Croatia,Южная Европа,2017,50412.0,55.0,,0.10910100769658018,,до 1%,19169.3,9444.0,13015.9,4078769.0,1.2665072,0.1216,0.8,1.3484460630155815,6.728542158478468,-0.044333840612149344
HR,Croatia,Южная Европа,2018,59856.0,182.0,,0.3040630847367014,,до 1%,20216.2,9870.0,13705.5,4014341.0,1.3556758,0.1316,0.9,4.533745389342858,5.461336616360546,0.19496207704012122
HR,Croatia,Южная Европа,2019,62975.0,279.0,,0.4430329495831679,,до 1%,21518.8,10734.0,14594.1,3968676.0,1.3405481632653062,0.13224999999999998,0.9,7.03005233987355,6.443347414449785,0.1389698648464665
HR,Croatia,Южная Европа,2020,36047.0,639.0,143.0,1.772685660387827,2.169389963103726,1-5%,20213.9,11090.0,14484.6,3933511.0,1.2038003999999998,0.13040000000000002,0.9,16.245028932167724,-6.063999851292811,1.329652710804659
HR,Croatia,Южная Европа,2021,35246.0,1121.0,,3.180502752085343,,1-5%,23588.3,11385.0,16491.0,3893026.0,1.4069765306122448,0.13019999999999998,0.9,28.795081255558017,16.693463408842412,1.4078170916975161
HR,Croatia,Южная Европа,2022,37044.0,1062.0,689.0,2.866861030126336,4.7268113594644205,1-5%,26007.8,12277.0,18210.2,3862305.0,1.6045325490196078,0.14165,0.8,27.496533805590186,10.257203783231517,-0.31364172195900686
HR,Croatia,Южная Европа,2023,43866.0,1125.0,783.0,2.5646286417726714,4.3496101764464505,1-5%,29847.3,13438.0,20127.2,3850894.0,1.4909940384615386,0.148,0.9,29.213995503381813,14.762878828659098,-0.30223238835366484
HR,Croatia,Южная Европа,2024,47806.0,882.0,350.0,1.8449566999958165,2.577082374597331,1-5%,31053.1,16277.0,21539.9,3861967.0,1.5362641509433963,0.14775,1.2,22.838102966700646,4.039896406040078,-0.7196719417768549
HU,Hungary,Восточная Европа,2015,77414.0,116.0,,0.14984369752241197,,до 1%,19369.1,7919.0,11306.4,9815858.0,1.1580304081632653,0.1136,1.2,1.181761186846835,,
HU,Hungary,Восточная Европа,2016,96735.0,176.0,,0.181940352509433,,до 1%,19574.4,8267.0,11637.7,9779652.0,1.0690575999999998,0.11195,0.5,1.7996550388500532,1.059935670733303,0.03209665498702102
HU,Hungary,Восточная Европа,2017,116305.0,749.0,,0.6439963888052964,,до 1%,20419.5,8332.0,12215.7,9739857.0,1.1473538,0.11295,0.7,7.690051301574551,4.317373712604211,0.46205603629586345
HU,Hungary,Восточная Европа,2018,136755.0,1300.0,,0.9506050967057877,,до 1%,21875.5,8603.0,12790.8,9713655.0,1.1972828,0.11205,0.6,13.383221866537363,7.130439041112657,0.30660870790049133
HU,Hungary,Восточная Европа,2019,158167.0,1834.0,,1.1595339103605682,,1-5%,23171.4,9344.0,13462.2,9700272.0,1.1715461224489796,0.11085,0.7,18.90668632797101,5.923978880482728,0.20892881365478044
HU,Hungary,Восточная Европа,2020,128196.0,3047.0,2996.0,2.376829230241193,4.713875627944709,1-5%,22731.5,9056.0,13491.7,9689376.0,1.022405,0.10200000000000001,0.8,31.446813499651576,-1.89846103386071,1.217295319880625
HU,Hungary,Восточная Европа,2021,122080.0,4313.0,4236.0,3.532929226736566,7.00278505897772,1-5%,24805.4,9960.0,14461.8,9651461.0,1.2363522448979594,0.10065,0.7,44.68753487166347,9.123463035875323,1.156099996495373
HU,Hungary,Восточная Европа,2022,111631.0,4707.0,4876.0,4.216570665854467,8.584532970232283,1-5%,27305.6,10620.0,16292.2,9610403.0,1.289545882352941,0.1016,0.6,48.97817500473185,10.079256935989722,0.6836414391179004
HU,Hungary,Восточная Европа,2023,107860.0,5807.0,5542.0,5.383830891896904,10.521972927869461,5-15%,28968.6,10913.0,16880.1,9599744.0,1.5836482692307694,0.11445,0.6,60.491196431904854,6.090325793976326,1.167260226042437
HU,Hungary,Восточная Европа,2024,121674.0,8569.0,5695.0,7.042589213800812,11.723129016881174,5-15%,30445.5,11199.0,18552.9,9584627.0,1.533441165446103,0.1063,0.4,89.40358346756739,5.0982788260392375,1.6587583219039086
IE,Ireland,Северная Европа,2015,129959.0,494.0,,0.38011988396340385,,до 1%,51462.7,17656.0,20468.9,4677627.0,1.369,0.244,0.4,10.560910478753437,,
IE,Ireland,Северная Европа,2016,149763.0,402.0,,0.26842411009394845,,до 1%,50754.0,18397.0,20883.2,4726286.0,1.283018,0.2329,0.4,8.505621538772727,-1.377113909686034,-0.1116957738694554
IE,Ireland,Северная Европа,2017,133579.0,631.0,330.0,0.472379640512356,0.7194244604316546,до 1%,55280.2,18198.0,21366.7,4799157.0,1.3638,0.23299999999999998,0.3,13.148142475855655,8.917917799582288,0.20395553041840753
IE,Ireland,Северная Европа,2018,128549.0,1252.0,747.0,0.9739476775393041,1.5550490474449432,до 1%,58626.5,19464.0,22316.0,4855733.0,1.4378,0.2454,0.3,25.78395476028027,6.053342788195426,0.5015680370269482
IE,Ireland,Северная Европа,2019,126104.0,3665.0,1451.0,2.9063312821163483,4.0569688511070225,1-5%,59944.4,19692.0,22173.1,4940311.0,1.4032102040816328,0.24845,0.4,74.18561301100274,2.2479595404808483,1.9323836045770442
IE,Ireland,Северная Европа,2020,92393.0,4075.0,2516.0,4.410507289513275,7.133657311701103,1-5%,62296.2,19720.0,20727.3,5012600.0,1.2910339999999998,0.25125,0.4,81.29513625663328,3.9233022600943412,1.5041760073969264
IE,Ireland,Северная Европа,2021,108615.0,9199.0,7969.0,8.46936426828707,15.806288265893293,5-15%,74720.4,20551.0,23488.2,5066893.0,1.5149940816326533,0.27645,0.3,181.5511004475524,19.94375258844039,4.058856978773795
IE,Ireland,Северная Европа,2022,107620.0,15872.0,7835.0,14.748188069132132,22.02843337669578,5-15%,86108.3,20904.0,27050.1,5154277.0,1.8506117647058822,0.27745,0.3,307.93843637041624,15.240683936381515,6.278823800845062
IE,Ireland,Северная Европа,2023,125530.0,23181.0,10485.0,18.46650203138692,26.819087070819723,выше 15%,82972.1,21568.0,29284.4,5271395.0,1.6778269230769232,0.32645,0.4,439.750768060447,-3.642157608499985,3.718313962254788
IE,Ireland,Северная Европа,2024,125138.0,17780.0,11552.0,14.208314021320462,23.439722546308875,5-15%,88342.7,23288.0,30622.7,5351681.0,1.7484169811320756,0.2818,0.4,332.23205942207693,6.472778198936746,-4.258188010066458
IT,Italy,Южная Европа,2015,1593857.0,1576.0,,0.09887963600247701,,до 1%,26880.4,15395.0,19313.2,60295497.0,1.537684489795918,0.2439,0.9,2.613793862583138,,
IT,Italy,Южная Европа,2016,1848841.0,1497.0,,0.08096964530751968,,до 1%,28121.1,16237.0,19964.8,60163712.0,1.4432364000000002,0.23015,0.9,2.4882108337996165,4.61563071978095,-0.01790999069495733
IT,Italy,Южная Европа,2017,1993826.0,2109.0,,0.10577653215476175,,до 1%,28946.7,16522.0,20577.8,60066734.0,1.5276387999999999,0.2106,0.9,3.5110948432788107,2.9358737744967334,0.02480688684724207
IT,Italy,Южная Европа,2018,1944312.0,5198.0,,0.267343924226153,,до 1%,29555.4,16715.0,20980.8,59937769.0,1.6042421999999998,0.21139999999999998,0.9,8.672328127528404,2.102830374446829,0.16156739207139126
IT,Italy,Южная Европа,2019,1948479.0,10612.0,,0.5446299395579834,,до 1%,30348.1,17099.0,21406.4,59816673.0,1.5724161224489797,0.2321,0.9,17.740873017126848,2.6820817853928425,0.27728601533183045
IT,Italy,Южная Европа,2020,1437259.0,30930.0,,2.1520129635646743,,1-5%,28386.4,17764.0,19839.6,59641488.0,1.4319976,0.21894999999999998,1.0,51.85987311382976,-6.463996098602543,1.6073830240066909
IT,Italy,Южная Европа,2021,1518876.0,69178.0,69834.0,4.554552182008274,9.152294196497937,1-5%,31782.5,17304.0,21576.4,59236213.0,1.6250157142857145,0.23095,1.0,116.78329267942905,11.963827748499266,2.4025392184436
IT,Italy,Южная Европа,2022,1335690.0,48960.0,64632.0,3.665521191294387,8.504368528625655,1-5%,35348.2,18472.0,24554.1,59030133.0,1.813873137254902,0.3378,0.9,82.94069064692773,11.219067096672685,-0.8890309907138874
IT,Italy,Южная Европа,2023,1581156.0,65800.0,69008.0,4.16151221005391,8.52591395156455,1-5%,37697.0,19691.0,25657.3,58997201.0,1.8664192307692309,0.35645,0.9,111.53071482153874,6.644751359333734,0.49599101875952334
IT,Italy,Южная Европа,2024,1592098.0,66606.0,51784.0,4.183536440595994,7.436100039067947,1-5%,39068.5,20804.0,26638.5,58971230.0,1.8205828301886793,0.31925000000000003,0.9,112.94660124945672,3.6382205480542273,0.022024230542083245
LT,Lithuania,Северная Европа,2015,13757.0,26.0,,0.18899469361052554,,до 1%,20741.3,8251.0,14729.4,2926644.0,1.1600551020408163,0.12494999999999999,0.6,0.8883895683930126,,
LT,Lithuania,Северная Европа,2016,16402.0,62.0,,0.37800268259968295,,до 1%,21376.1,9364.0,15341.4,2895573.0,1.0636748,0.1201,0.5,2.141199686555994,3.0605603313196283,0.1890079889891574
LT,Lithuania,Северная Европа,2017,19083.0,43.0,,0.22533144683749934,,до 1%,23073.2,9819.0,16243.5,2859077.0,1.1314138,0.11115,0.5,1.503981879466695,7.93924055370252,-0.1526712357621836
LT,Lithuania,Северная Европа,2018,21678.0,141.0,,0.650429006365901,,до 1%,24746.4,10702.0,17087.4,2826200.0,1.2162214,0.1097,0.5,4.98903120798245,7.251703274795007,0.4250975595284016
LT,Lithuania,Северная Европа,2019,25609.0,175.0,,0.6833535085321567,,до 1%,26382.0,11509.0,17999.4,2812200.0,1.2013877551020407,0.12545,0.5,6.22288599672854,6.60944622248083,0.032924502166255754
LT,Lithuania,Северная Европа,2020,40878.0,480.0,,1.1742257448994569,,1-5%,26359.5,12546.0,17653.6,2809977.0,1.0973624,0.13735,0.5,17.0819903508107,-0.08528542187855592,0.49087223636730015
LT,Lithuania,Северная Европа,2021,28209.0,1277.0,400.0,4.526924031337517,5.944911198553653,1-5%,29277.0,13742.0,19590.7,2810761.0,1.282711224489796,0.14125,0.5,45.43253588618883,11.06811585955727,3.35269828643806
LT,Lithuania,Северная Европа,2022,24115.0,1507.0,740.0,6.24922247563757,9.317851959361393,5-15%,31269.3,14202.0,21102.0,2805998.0,1.7080682352941177,0.1963,0.6,53.706381829210144,6.805000512347581,1.722298444300053
LT,Lithuania,Северная Европа,2023,26866.0,2210.0,787.0,8.22601057098191,11.155363656666418,5-15%,32931.3,14312.0,21947.9,2857279.0,1.5201973076923074,0.25215,0.5,77.34631444811654,5.3151173835039645,1.9767880953443395
LT,Lithuania,Северная Европа,2024,27857.0,1877.0,1674.0,6.737983271709085,12.747244857665937,5-15%,34935.9,15110.0,23259.0,2885891.0,1.45379,0.22295,0.5,65.04057152539718,6.087217935520295,-1.488027299272824
LU,Luxembourg,Западная Европа,2015,46473.0,73.0,25.0,0.15708045531814172,0.21087513179695738,до 1%,77581.8,29285.0,32740.4,562958.0,1.1773473469387754,0.1767,0.8,12.967219579435765,,
LU,Luxembourg,Западная Европа,2016,50561.0,145.0,108.0,0.28678230256521825,0.5003856727517256,до 1%,78464.2,27834.0,33041.0,576249.0,1.0906532,0.1698,0.7,25.16273347112099,1.1373801587485577,0.12970184724707653
LU,Luxembourg,Западная Европа,2017,52775.0,386.0,687.0,0.7314069161534817,2.0331596399810516,до 1%,78896.1,29596.0,33906.5,590667.0,1.15788,0.16165000000000002,0.8,65.34985025403485,0.5504421124538528,0.4446246135882635
LU,Luxembourg,Западная Европа,2018,52811.0,430.0,713.0,0.8142243093294957,2.1643218268921247,до 1%,78985.2,27529.0,34603.1,602005.0,1.22162,0.1681,0.9,71.42797817293877,0.11293333891027046,0.082817393176014
LU,Luxembourg,Западная Европа,2019,55008.0,986.0,913.0,1.7924665503199535,3.4522251308900525,1-5%,78744.5,28943.0,34793.5,613894.0,1.2109795918367348,0.17985,0.9,160.61404737625713,-0.3047406349543924,0.9782422409904578
LU,Luxembourg,Западная Европа,2020,45189.0,2473.0,2685.0,5.4725707583703995,11.414282236827546,5-15%,77888.8,28675.0,32429.9,626108.0,1.07772,0.19855,1.0,394.9797798462885,-1.08667906964931,3.6801042080504462
LU,Luxembourg,Западная Европа,2021,44372.0,4649.0,4444.0,10.477328044712882,20.49265302442982,5-15%,87098.2,32132.0,35615.9,634730.0,1.3314489795918367,0.19885,0.9,732.4374143336537,11.82377954211644,5.004757286342483
LU,Luxembourg,Западная Европа,2022,42094.0,6391.0,3854.0,15.182686368603601,24.3383855181261,выше 15%,90395.4,33214.0,39260.1,645397.0,1.676313725490196,0.20295,1.0,990.2432146415307,3.785612102201874,4.705358323890719
LU,Luxembourg,Западная Европа,2023,49155.0,11048.0,4806.0,22.47584172515512,32.253077001322346,выше 15%,95129.1,34777.0,41830.6,660809.0,1.5698076923076925,0.20115,1.1,1671.890062030027,5.236660272535998,7.2931553565515195
LU,Luxembourg,Западная Европа,2024,46635.0,12777.0,3820.0,27.39787713091026,35.589149780208,выше 15%,97690.2,37781.0,43699.3,672050.0,1.5372641509433964,0.20265,1.1,1901.1978275425936,2.692236129638559,4.922035405755139
LV,Latvia,Северная Европа,2015,14291.0,17.0,0.0,0.11895598628507452,0.11895598628507452,до 1%,17353.1,8092.0,11643.3,1986096.0,1.1294914285714286,0.16425,0.7,0.8559505683511773,,
LV,Latvia,Северная Европа,2016,16768.0,19.0,0.0,0.11331106870229007,0.11331106870229007,до 1%,17925.2,9257.0,12193.4,1968957.0,1.070633,0.1626,0.6,0.9649779045454014,3.2968172833672593,-0.005644917582784445
LV,Latvia,Северная Европа,2017,17064.0,41.0,,0.24027191748710736,,до 1%,18999.8,9248.0,12881.1,1950116.0,1.1506856,0.15839999999999999,0.6,2.1024390343959025,5.994912190658952,0.12696084878481728
LV,Latvia,Северная Европа,2018,17185.0,78.0,0.0,0.4538842013383765,0.4538842013383765,до 1%,20230.2,10031.0,13535.4,1934379.0,1.2707891999999998,0.1521,0.6,4.032301839505082,6.475857640606741,0.21361228385126912
LV,Latvia,Северная Европа,2019,18537.0,116.0,0.0,0.6257754760748773,0.6257754760748773,до 1%,20948.7,11031.0,13933.3,1919968.0,1.258,0.16344999999999998,0.6,6.04176736278938,3.55162084408458,0.1718912747365008
LV,Latvia,Северная Европа,2020,13725.0,351.0,0.0,2.557377049180328,2.557377049180328,1-5%,20911.4,11339.0,13576.0,1907675.0,1.1444834000000002,0.1426,0.6,18.399360478068854,-0.17805400812460626,1.9316015731054508
LV,Latvia,Северная Европа,2021,14621.0,480.0,,3.282949182682443,,1-5%,23542.2,11975.0,15658.9,1893223.0,1.3378542857142857,0.16444999999999999,0.6,25.35359014759487,12.580697609916115,0.7255721335021148
LV,Latvia,Северная Европа,2022,16715.0,1069.0,301.0,6.395453185761292,8.196230930302123,5-15%,24939.3,12845.0,17327.4,1875757.0,1.7780054901960785,0.23755,0.5,56.990324439679554,5.9344496266279245,3.1125040030788496
LV,Latvia,Северная Европа,2023,18451.0,1629.0,352.0,8.828789767492276,10.736545444691345,5-15%,26755.5,13228.0,18304.1,1895239.0,1.6421236538461539,0.2914,0.5,85.9522202740657,7.28248186597058,2.433336581730984
LV,Latvia,Северная Европа,2024,17135.0,1260.0,765.0,7.353370294718412,11.817916545083163,5-15%,27536.5,14721.0,19157.8,1878575.0,1.6306892452830188,0.24769999999999998,0.5,67.07211583247941,2.9190259946553,-1.475419472773864
MT,Malta,Южная Европа,2015,7168.0,23.0,,0.3208705357142857,,до 1%,27577.1,16753.0,16230.4,438805.0,1.3581632653061224,0.12630000000000002,1.7,5.241508187007897,,
MT,Malta,Южная Европа,2016,7306.0,19.0,,0.26006022447303584,,до 1%,28475.6,17264.0,16494.2,449635.0,1.2872000000000001,0.12655,1.0,4.225649693640397,3.2581380928379033,-0.06081031124124986
MT,Malta,Южная Европа,2017,7776.0,24.0,,0.30864197530864196,,до 1%,31415.2,17899.0,17037.5,459375.0,1.31,0.1313,0.9,5.224489795918367,10.323224093609973,0.04858175083560612
MT,Malta,Южная Европа,2018,8175.0,285.0,,3.4862385321100917,,1-5%,32639.5,17932.0,18006.3,474837.0,1.33,0.1296,1.0,60.02059654155005,3.897158063612527,3.1775965568014497
MT,Malta,Южная Европа,2019,7698.0,281.0,0.0,3.650298778903611,3.650298778903611,1-5%,33381.9,18588.0,18707.2,492968.0,1.380408163265306,0.12969999999999998,1.2,57.00167150808977,2.2745446468236397,0.1640602467935195
MT,Malta,Южная Европа,2020,4602.0,178.0,215.0,3.867883528900478,8.539765319426337,1-5%,31931.9,18756.0,17380.8,514855.0,1.3708,0.12924999999999998,1.3,34.57284089695157,-4.343671270958216,0.21758474999686683
MT,Malta,Южная Европа,2021,5250.0,416.0,673.0,7.923809523809524,20.742857142857144,5-15%,36291.8,19012.0,18881.2,516125.0,1.34,0.13015,1.2,80.60062969241947,13.653744374747511,4.055925994909046
MT,Malta,Южная Европа,2022,6429.0,990.0,1216.0,15.398973401773215,34.313268004355265,выше 15%,37451.1,20698.0,20280.4,520174.0,1.34,0.1291,1.2,190.320931073064,3.1943855085721617,7.475163877963691
MT,Malta,Южная Европа,2023,7464.0,1516.0,978.0,20.310825294748124,33.41371918542337,выше 15%,41830.7,21060.0,23353.6,542051.0,1.34,0.127,1.1,279.67848043818753,11.69418254737511,4.911851892974909
MT,Malta,Южная Европа,2024,7683.0,2893.0,508.0,37.65456202004425,44.266562540674215,выше 15%,43805.0,22077.0,24452.5,563443.0,1.34,0.12875,1.2,513.4503401408838,4.719739330204864,17.34373672529613
NL,Netherlands,Западная Европа,2015,448906.0,3193.0,,0.7112847678578589,,до 1%,36639.1,19387.0,22810.0,16900726.0,1.5633469387755101,0.1916,1.3,18.89267952157795,,
NL,Netherlands,Западная Европа,2016,382512.0,3988.0,,1.0425816706403983,,1-5%,36929.7,21189.0,22703.8,16979120.0,1.477,0.16060000000000002,1.4,23.487671917036927,0.7931417529360774,0.3312969027825394
NL,Netherlands,Западная Европа,2017,414306.0,7958.0,,1.9208024986362737,,1-5%,38491.7,21195.0,23638.5,17081507.0,1.5521099999999999,0.1615,1.3,46.58839527449188,4.229657971767975,0.8782208279958754
NL,Netherlands,Западная Европа,2018,443529.0,23985.0,,5.407763641159879,,5-15%,39886.4,21528.0,24461.9,17181084.0,1.6245120000000002,0.178,1.4,139.60120327681304,3.6233785465438206,3.4869611425236053
NL,Netherlands,Западная Европа,2019,445218.0,61547.0,,13.824014303105445,,5-15%,40548.0,21968.0,24584.2,17282163.0,1.6481224489795918,0.2055,1.3,356.1301904165584,1.6587107384973265,8.416250661945565
NL,Netherlands,Западная Европа,2020,355432.0,72859.0,,20.498717054176325,,выше 15%,39986.8,22117.0,24051.6,17407585.0,1.565,0.1392,1.5,418.5474320533262,-1.3840386702180019,6.67470275107088
NL,Netherlands,Западная Европа,2021,322318.0,63658.0,30991.0,19.750060499258495,29.36509906365763,выше 15%,43741.8,24560.0,26278.2,17475415.0,1.8178571428571428,0.136,1.4,364.2717497696049,9.390598897636227,-0.7486565549178295
NL,Netherlands,Западная Европа,2022,312070.0,73250.0,34742.0,23.472297881885474,34.605056557823566,выше 15%,48540.1,25437.0,29426.6,17590672.0,2.0738768627450983,0.0877,1.4,416.41388117520466,10.969598873388819,3.722237382626979
NL,Netherlands,Западная Европа,2023,369635.0,113968.0,47096.0,30.832578083785357,43.57379577150432,выше 15%,50216.4,25116.0,31056.8,17811291.0,1.9220192307692308,0.3029,1.5,639.863780789388,3.4534333468616785,7.360280201899883
NL,Netherlands,Западная Европа,2024,381463.0,132167.0,52757.0,34.647396995252485,48.47757187459859,выше 15%,53149.4,27091.0,32491.2,17942942.0,1.9701509433962265,0.2353,1.6,736.596038709817,5.8407213579627415,3.8148189114671283
PL,Poland,Восточная Европа,2015,356337.0,112.0,188.0,0.03143092072953412,0.08418996623982354,до 1%,19407.7,9950.0,13384.2,38005614.0,1.1100208163265306,0.1431,0.6,0.29469330504698593,,
PL,Poland,Восточная Европа,2016,418058.0,157.0,443.0,0.03755459768740223,0.1435207554932569,до 1%,19706.9,10865.0,13575.4,37967209.0,0.9958760000000001,0.13419999999999999,0.4,0.4135147252988757,1.541656146787096,0.006123676957868106
PL,Poland,Восточная Европа,2017,490651.0,508.0,592.0,0.10353591452987969,0.22419194091115682,до 1%,20730.1,11079.0,14367.3,37972964.0,1.0789016000000002,0.14485,0.4,1.3377939104253227,5.192090080124201,0.06598131684247746
PL,Poland,Восточная Европа,2018,540396.0,694.0,706.0,0.12842434066869482,0.2590692751241682,до 1%,21945.0,11513.0,15060.5,37976687.0,1.1586754000000001,0.14029999999999998,0.5,1.8274369220253468,5.860560248141589,0.02488842613881513
PL,Poland,Восточная Европа,2019,561153.0,1464.0,1236.0,0.2608914146409268,0.48115219913285684,до 1%,23348.0,12335.0,15778.5,37972812.0,1.1627467346938773,0.13595000000000002,0.5,3.8553900090412054,6.393255866940084,0.13246707397223198
PL,Poland,Восточная Европа,2020,432394.0,3679.0,4499.0,0.8508443687932765,1.8913305920063646,до 1%,23916.5,13350.0,16012.3,37958138.0,1.0003166,0.14925,0.6,9.692256242916867,2.4348980640740203,0.5899529541523497
PL,Poland,Восточная Европа,2021,450831.0,7092.0,9138.0,1.5730950178670056,3.600018632259095,1-5%,26197.3,13870.0,17531.9,37073357.0,1.2004510204081633,0.15610000000000002,0.6,19.129640728245892,9.536512449564105,0.722250649073729
PL,Poland,Восточная Европа,2022,421565.0,11293.0,9664.0,2.678827701540688,4.971238124607119,1-5%,28144.8,14906.0,19189.4,36889761.0,1.4206556862745099,0.15339999999999998,0.6,30.612830481607077,7.433972203242312,1.1057326836736823
PL,Poland,Восточная Европа,2023,477258.0,17078.0,13251.0,3.5783580369527592,6.354843711367856,1-5%,29519.6,16551.0,20101.3,36753736.0,1.434791346153846,0.19655,0.7,46.466024569583894,4.884738921576992,0.8995303354120714
PL,Poland,Восточная Европа,2024,554248.0,16564.0,14990.0,2.988553860365757,5.693119325644838,1-5%,31463.0,18064.0,21610.1,36620970.0,1.4792328917924888,0.22835,0.7,45.23091551097636,6.583422539600803,-0.5898041765870023
PT,Portugal,Южная Европа,2015,178495.0,692.0,,0.3876859295778593,,до 1%,21240.3,10317.0,15936.2,10395121.0,1.4339591836734693,0.22820000000000001,0.6,6.656969168516653,,
PT,Portugal,Южная Европа,2016,207330.0,820.0,,0.39550475088023923,,до 1%,21877.6,10805.0,16332.4,10368554.0,1.37575,0.2324,0.6,7.908528035828333,3.0004284308601914,0.00781882130237993
PT,Portugal,Южная Европа,2017,224037.0,1912.0,2534.0,0.8534304601472078,1.9844936327481622,до 1%,22559.7,10826.0,16604.9,10344478.0,1.46152,0.2257,0.6,18.483291278689943,3.117800855669728,0.4579257092669686
PT,Portugal,Южная Европа,2018,228139.0,4458.0,3984.0,1.9540718596995692,3.7003756481793992,1-5%,23548.4,10801.0,17246.3,10335770.0,1.54272,0.22694999999999999,0.6,43.13176473547689,4.382593740164986,1.1006413995523614
PT,Portugal,Южная Европа,2019,223674.0,6880.0,5822.0,3.0759051119039316,5.678800397006357,1-5%,24464.9,11602.0,17927.9,10333496.0,1.4913265306122447,0.21655,0.6,66.5795970695687,3.8919841687758083,1.1218332522043624
PT,Portugal,Южная Европа,2020,145270.0,7908.0,11930.0,5.44365663936119,13.65595098781579,5-15%,22782.1,12333.0,16927.2,10375395.0,1.3887,0.21265,0.7,76.21878492336918,-6.878425826388024,2.367751527457258
PT,Portugal,Южная Европа,2021,146641.0,13546.0,15677.0,9.237525657899223,19.92826017280297,5-15%,24550.2,12404.0,18210.3,10394297.0,1.6216734693877553,0.21295,0.8,130.32146377960913,7.760917562472303,3.7938690185380333
PT,Portugal,Южная Европа,2022,158258.0,18426.0,16167.0,11.643013307384145,21.858610623159652,5-15%,27841.5,12266.0,20584.0,10421117.0,1.8472941176470588,0.22105000000000002,0.7,176.81405937578475,13.406408094435074,2.4054876494849218
PT,Portugal,Южная Европа,2023,200237.0,36456.0,27262.0,18.206425385917687,31.821291769253435,выше 15%,31107.5,13421.0,22201.7,10516621.0,1.7190961538461538,0.2185,0.7,346.6512675506705,11.730689797604299,6.563412078533542
PT,Portugal,Южная Европа,2024,210411.0,41772.0,28410.0,19.85257424754409,33.35472004790624,выше 15%,32937.1,14446.0,23356.1,10639726.0,1.7157358490566037,0.2526,0.7,392.60409525583646,5.8815398215864345,1.6461488616264042
RO,Romania,Восточная Европа,2015,81175.0,28.0,,0.03449337850323375,,до 1%,15543.5,4357.0,10554.7,19870647.0,1.2013218367346938,0.1311,1.0,0.14091136539238003,,
RO,Romania,Восточная Европа,2016,95181.0,69.0,,0.07249345982916759,,до 1%,16602.2,4724.0,11483.2,19760585.0,1.0875306,0.12465000000000001,0.6,0.34917994583662376,6.811207257052798,0.03800008132593384
RO,Romania,Восточная Европа,2017,106873.0,232.0,,0.21708008570920626,,до 1%,18502.8,5314.0,12952.5,19643949.0,1.0488832,0.12434999999999999,0.5,1.1810252612649321,11.447880401392574,0.14458662588003868
RO,Romania,Восточная Европа,2018,130921.0,604.0,,0.46134691913443987,,до 1%,19915.4,6278.0,14157.9,19533481.0,1.1872156,0.1325,0.7,3.0921267950141607,7.634520180729409,0.24426683342523361
RO,Romania,Восточная Европа,2019,161564.0,1506.0,,0.9321383476517046,,до 1%,21713.9,7338.0,15281.6,19414458.0,1.1576457142857144,0.13895000000000002,0.7,7.7571055550456265,9.030699860409541,0.4707914285172647
RO,Romania,Восточная Европа,2020,126329.0,2844.0,1036.0,2.251264555248597,3.071345455121152,1-5%,21808.9,7724.0,15181.0,19328838.0,0.952622,0.1454,0.7,14.713766031874238,0.4375077715196296,1.3191262075968924
RO,Romania,Восточная Европа,2021,121210.0,6344.0,2630.0,5.2338915931028795,7.403679564392377,5-15%,23919.2,8698.0,16617.0,19201662.0,1.1607430612244898,0.15689999999999998,0.7,33.0388067449578,9.676324803176684,2.9826270378542827
RO,Romania,Восточная Европа,2022,129324.0,11638.0,3309.0,8.999103028053572,11.557792830410442,5-15%,25908.1,10033.0,18368.7,19043098.0,1.5354631372549017,0.28865,0.6,61.11400571482644,8.315077427338702,3.765211434950692
RO,Romania,Восточная Европа,2023,144609.0,15367.0,2921.0,10.626586173751289,12.646515777026327,5-15%,28715.8,11084.0,19918.5,19055228.0,1.3713882692307693,0.1901,0.7,80.64453492763246,10.837151315611715,1.6274831456977168
RO,Romania,Восточная Европа,2024,151105.0,9795.0,6801.0,6.482247443830449,10.983091227954072,5-15%,30769.5,13023.0,21712.3,19067576.0,1.438940350289594,0.1873,0.9,51.36992767198096,7.151811894497118,-4.14433872992084
SE,Sweden,Северная Европа,2015,361908.0,2916.0,5752.0,0.8057296329453895,2.3950838334604376,до 1%,35062.0,20154.0,23147.4,9747355.0,1.4094679591836734,0.18730000000000002,0.4,29.915807929433164,,
SE,Sweden,Северная Европа,2016,387997.0,2993.0,10290.0,0.7713977169926571,3.4234800784542148,до 1%,34881.8,20955.0,23161.3,9851017.0,1.3844370000000001,0.19385000000000002,0.5,30.382649831991966,-0.5139467229479111,-0.03433191595273233
SE,Sweden,Северная Европа,2017,392717.0,4359.0,15989.0,1.1099595892207366,5.181339234104966,1-5%,35296.2,20237.0,23409.6,9995153.0,1.4555204000000002,0.19840000000000002,0.5,43.611138318743095,1.1880120865322086,0.33856187222807943
SE,Sweden,Северная Европа,2018,365513.0,7147.0,21811.0,1.955334010007852,7.9225636297477795,1-5%,35915.6,20414.0,23794.4,10120242.0,1.4989152,0.19795000000000001,0.5,70.62084088503022,1.7548631297420236,0.8453744207871154
SE,Sweden,Северная Европа,2019,366946.0,15795.0,24905.0,4.304448065927957,11.091550255350924,1-5%,36994.5,20413.0,23994.3,10230185.0,1.4823740816326532,0.20425,0.5,154.39603487131464,3.00398712537171,2.349114055920105
SE,Sweden,Северная Европа,2020,293771.0,27981.0,65924.0,9.524765889076866,31.965374390256358,5-15%,36665.9,20083.0,23663.2,10327589.0,1.3490638000000001,0.19655,0.6,270.9344843215585,-0.8882401438051524,5.220317823148909
SE,Sweden,Северная Европа,2021,303906.0,57590.0,77827.0,18.949938467815706,44.5588438530335,выше 15%,39670.2,20673.0,25409.0,10379295.0,1.6098691836734693,0.2359,0.6,554.8546408980571,8.193716777714432,9.42517257873884
SE,Sweden,Северная Европа,2022,289779.0,95371.0,66531.0,32.91163265799109,55.87085330545001,выше 15%,40905.8,20608.0,26378.9,10452326.0,1.9390135294117647,0.2509,0.6,912.4380544579265,3.1146805410610545,13.961694190175386
SE,Sweden,Северная Европа,2023,290768.0,112321.0,61069.0,38.629078853243826,59.631733890937106,выше 15%,42508.5,22290.0,27487.1,10521556.0,1.739945576923077,0.24214999999999998,0.6,1067.5322167177555,3.9180262945596844,5.717446195252734
SE,Sweden,Северная Европа,2024,270744.0,94546.0,63107.0,34.92081080282481,58.2295452530804,выше 15%,44772.2,23693.0,28736.0,10551707.0,1.5756530334826546,0.23925000000000002,0.5,896.0256383161511,5.325287883599739,-3.708268050419015
SI,Slovenia,Южная Европа,2015,60668.0,123.0,,0.20274279686160743,,до 1%,22534.2,15102.0,14589.1,2062874.0,1.2905714285714287,0.161,1.1,5.962555153635171,,
SI,Slovenia,Южная Европа,2016,64899.0,151.0,,0.23266922448728022,,до 1%,23327.5,15250.0,15090.3,2064188.0,1.1943482,0.16235,0.6,7.31522516359944,3.520426729149473,0.029926427625672797
SI,Slovenia,Южная Европа,2017,72477.0,297.0,,0.4097851732273687,,до 1%,24858.0,15245.0,15714.7,2065895.0,1.2695370000000001,0.1611,0.5,14.376335680177357,6.560925945772156,0.17711594874008846
SI,Slovenia,Южная Европа,2018,74518.0,521.0,,0.6991599345124668,,до 1%,26214.2,15771.0,16408.2,2066880.0,1.3257682,0.16255,0.5,25.207075398668525,5.455788880843193,0.28937476128509815
SI,Slovenia,Южная Европа,2019,72710.0,695.0,,0.9558520148535277,,до 1%,27550.6,16633.0,17397.6,2080908.0,1.2848479591836734,0.16499999999999998,0.6,33.39888164205241,5.098000320437013,0.25669208034106084
SI,Slovenia,Южная Европа,2020,53367.0,1720.0,39.0,3.2229655030262148,3.296044371990181,1-5%,26676.9,16988.0,16737.7,2095861.0,1.0673118,0.15710000000000002,0.6,82.06651109019157,-3.1712557984218015,2.2671134881726873
SI,Slovenia,Южная Европа,2021,53428.0,1742.0,191.0,3.260462678745227,3.6179531331885904,1-5%,29298.0,17579.0,18918.4,2108977.0,1.222658775510204,0.16865,0.7,82.59928865985736,9.825354520202856,0.03749717571901234
SI,Slovenia,Южная Европа,2022,45679.0,2293.0,602.0,5.019812167516802,6.337704415595788,5-15%,32351.9,18792.0,21217.5,2107180.0,1.4933331372549021,0.1673,0.7,108.81842082783625,10.423578401256073,1.759349488771575
SI,Slovenia,Южная Европа,2023,48455.0,4306.0,1074.0,8.886595810545867,11.103085336910535,5-15%,35110.5,20273.0,22124.8,2116972.0,1.449540576923077,0.2015,0.9,203.40372947776353,8.5268562279186,3.8667836430290645
SI,Slovenia,Южная Европа,2024,52533.0,3154.0,1143.0,6.003845202063465,8.179620429063636,5-15%,36150.6,21572.0,23226.4,2123949.0,1.493025283018868,0.20450000000000002,0.7,148.49697426821453,2.962361686674919,-2.882750608482402
SK,Slovakia,Восточная Европа,2015,78180.0,15.0,,0.01918649270913277,,до 1%,21683.1,10220.0,13447.6,5421349.0,1.2913265306122448,0.15115,1.0,0.2766839028441076,,
SK,Slovakia,Восточная Европа,2016,88504.0,55.0,,0.06214408388321432,,до 1%,20747.7,10466.0,13054.7,5426252.0,1.2062,0.14800000000000002,0.7,1.0135909648132817,-4.313958797404416,0.042957591174081544
SK,Slovakia,Восточная Европа,2017,96312.0,214.0,,0.2221945344297699,,до 1%,20778.3,9605.0,13401.5,5435343.0,1.28496,0.14384999999999998,0.6,3.9371940280493796,0.1474862273890487,0.1600504505465556
SK,Slovakia,Восточная Европа,2018,98602.0,301.0,,0.3052676416299872,,до 1%,21370.9,9744.0,13755.4,5443120.0,1.36246,0.15139999999999998,0.9,5.5299166654418785,2.8520138798650674,0.0830731072002173
SK,Slovakia,Восточная Европа,2019,101743.0,166.0,,0.16315618764927317,,до 1%,22107.4,10503.0,14406.7,5450421.0,1.3253265306122448,0.15810000000000002,0.8,3.0456362912149353,3.446275074985139,-0.14211145398071404
SK,Slovakia,Восточная Европа,2020,76300.0,918.0,863.0,1.203145478374836,2.3342070773263432,1-5%,22561.3,10076.0,15094.5,5457873.0,1.17968,0.17049999999999998,0.8,16.819739118150974,2.053158670852273,1.039989290725563
SK,Slovakia,Восточная Европа,2021,75608.0,1105.0,1166.0,1.4614855570839065,3.0036504073643,1-5%,24479.7,9425.0,16235.4,5459781.0,1.3849183673469387,0.1646,0.7,20.238907018431693,8.503056118220155,0.2583400787090704
SK,Slovakia,Восточная Европа,2022,78659.0,1508.0,1556.0,1.9171359920670235,3.8952948804332626,1-5%,25517.5,9826.0,18254.3,5434712.0,1.69078431372549,0.184,0.8,27.74756049630597,4.239431038779062,0.45565043498311697
SK,Slovakia,Восточная Европа,2023,86812.0,2517.0,2997.0,2.899368750863936,6.351656453024927,1-5%,28487.6,10670.0,19430.1,5428792.0,1.5921346153846154,0.19175,0.9,46.36390563499209,11.639463113549509,0.9822327587969124
SK,Slovakia,Восточная Европа,2024,91544.0,2227.0,2243.0,2.4327099536834744,4.882897841475137,1-5%,29808.2,11433.0,20598.1,5424687.0,1.572811320754717,0.17880000000000001,0.8,41.05305983552599,4.635701147165783,-0.46665879718046144
