freq,unit,age,sex,geo,time,value
A,NR,TOTAL,T,AT,2015,8584926
A,NR,TOTAL,T,AT,2016,8700471
A,NR,TOTAL,T,AT,2017,8772865
A,NR,TOTAL,T,AT,2018,8822267
A,NR,TOTAL,T,AT,2019,8858775
A,NR,TOTAL,T,AT,2020,8901064
A,NR,TOTAL,T,AT,2021,8932664
A,NR,TOTAL,T,AT,2022,8978929
A,NR,TOTAL,T,AT,2023,9104772
A,NR,TOTAL,T,AT,2024,9158750
A,NR,TOTAL,T,BE,2015,11237274
A,NR,TOTAL,T,BE,2016,11311117
A,NR,TOTAL,T,BE,2017,11351727
A,NR,TOTAL,T,BE,2018,11398589
A,NR,TOTAL,T,BE,2019,11455519
A,NR,TOTAL,T,BE,2020,11522440
A,NR,TOTAL,T,BE,2021,11554767
A,NR,TOTAL,T,BE,2022,11617623
A,NR,TOTAL,T,BE,2023,11742796
A,NR,TOTAL,T,BE,2024,11817096
A,NR,TOTAL,T,BG,2015,7029690
A,NR,TOTAL,T,BG,2016,6938759
A,NR,TOTAL,T,BG,2017,6849518
A,NR,TOTAL,T,BG,2018,6757418
A,NR,TOTAL,T,BG,2019,6664177
A,NR,TOTAL,T,BG,2020,6569275
A,NR,TOTAL,T,BG,2021,6532117
A,NR,TOTAL,T,BG,2022,6482484
A,NR,TOTAL,T,BG,2023,6447710
A,NR,TOTAL,T,BG,2024,6445481
A,NR,TOTAL,T,CY,2015,860846
A,NR,TOTAL,T,CY,2016,863764
A,NR,TOTAL,T,CY,2017,869878
A,NR,TOTAL,T,CY,2018,878601
A,NR,TOTAL,T,CY,2019,890194
A,NR,TOTAL,T,CY,2020,902429
A,NR,TOTAL,T,CY,2021,914476
A,NR,TOTAL,T,CY,2022,929764
A,NR,TOTAL,T,CY,2023,949084
A,NR,TOTAL,T,CY,2024,966365
A,NR,TOTAL,T,CZ,2015,10538275
A,NR,TOTAL,T,CZ,2016,10553843
A,NR,TOTAL,T,CZ,2017,10578820
A,NR,TOTAL,T,CZ,2018,10610055
A,NR,TOTAL,T,CZ,2019,10649800
A,NR,TOTAL,T,CZ,2020,10693939
A,NR,TOTAL,T,CZ,2021,10494836
A,NR,TOTAL,T,CZ,2022,10516707
A,NR,TOTAL,T,CZ,2023,10827529
A,NR,TOTAL,T,CZ,2024,10900555
A,NR,TOTAL,T,DE,2015,81197537
A,NR,TOTAL,T,DE,2016,82175684
A,NR,TOTAL,T,DE,2017,82521653
A,NR,TOTAL,T,DE,2018,82792351
A,NR,TOTAL,T,DE,2019,83019213
A,NR,TOTAL,T,DE,2020,83166711
A,NR,TOTAL,T,DE,2021,83155031
A,NR,TOTAL,T,DE,2022,83237124
A,NR,TOTAL,T,DE,2023,83118501
A,NR,TOTAL,T,DE,2024,83456045
A,NR,TOTAL,T,DK,2015,5659715
A,NR,TOTAL,T,DK,2016,5707251
A,NR,TOTAL,T,DK,2017,5748769
A,NR,TOTAL,T,DK,2018,5781190
A,NR,TOTAL,T,DK,2019,5806081
A,NR,TOTAL,T,DK,2020,5822763
A,NR,TOTAL,T,DK,2021,5840045
A,NR,TOTAL,T,DK,2022,5873420
A,NR,TOTAL,T,DK,2023,5932654
A,NR,TOTAL,T,DK,2024,5961249
A,NR,TOTAL,T,EE,2015,1313271
A,NR,TOTAL,T,EE,2016,1315944
A,NR,TOTAL,T,EE,2017,1315635
A,NR,TOTAL,T,EE,2018,1319133
A,NR,TOTAL,T,EE,2019,1324820
A,NR,TOTAL,T,EE,2020,1328889
A,NR,TOTAL,T,EE,2021,1330068
A,NR,TOTAL,T,EE,2022,1331796
A,NR,TOTAL,T,EE,2023,1365884
A,NR,TOTAL,T,EE,2024,1374687
A,NR,TOTAL,T,EL,2015,10818041
A,NR,TOTAL,T,EL,2016,10735415
A,NR,TOTAL,T,EL,2017,10707527
A,NR,TOTAL,T,EL,2018,10667336
A,NR,TOTAL,T,EL,2019,10635213
A,NR,TOTAL,T,EL,2020,10612591
A,NR,TOTAL,T,EL,2021,10555344
A,NR,TOTAL,T,EL,2022,10461627
A,NR,TOTAL,T,EL,2023,10401868
A,NR,TOTAL,T,EL,2024,10375764
A,NR,TOTAL,T,ES,2015,46425722
A,NR,TOTAL,T,ES,2016,46418884
A,NR,TOTAL,T,ES,2017,46497393
A,NR,TOTAL,T,ES,2018,46645070
A,NR,TOTAL,T,ES,2019,46918951
A,NR,TOTAL,T,ES,2020,47318050
A,NR,TOTAL,T,ES,2021,47400798
A,NR,TOTAL,T,ES,2022,47486843
A,NR,TOTAL,T,ES,2023,48085361
A,NR,TOTAL,T,ES,2024,48619695
A,NR,TOTAL,T,FI,2015,5471753
A,NR,TOTAL,T,FI,2016,5487308
A,NR,TOTAL,T,FI,2017,5503297
A,NR,TOTAL,T,FI,2018,5513130
A,NR,TOTAL,T,FI,2019,5517919
A,NR,TOTAL,T,FI,2020,5525292
A,NR,TOTAL,T,FI,2021,5533793
A,NR,TOTAL,T,FI,2022,5548241
A,NR,TOTAL,T,FI,2023,5563970
A,NR,TOTAL,T,FI,2024,5603851
A,NR,TOTAL,T,FR,2015,66458153
A,NR,TOTAL,T,FR,2016,66638391
A,NR,TOTAL,T,FR,2017,66809816
A,NR,TOTAL,T,FR,2018,67026224
A,NR,TOTAL,T,FR,2019,67290471
A,NR,TOTAL,T,FR,2020,67473651
A,NR,TOTAL,T,FR,2021,67728568
A,NR,TOTAL,T,FR,2022,68091703
A,NR,TOTAL,T,FR,2023,68277210
A,NR,TOTAL,T,FR,2024,68669303
A,NR,TOTAL,T,HR,2015,4180915
A,NR,TOTAL,T,HR,2016,4131115
A,NR,TOTAL,T,HR,2017,4078769
A,NR,TOTAL,T,HR,2018,4014341
A,NR,TOTAL,T,HR,2019,3968676
A,NR,TOTAL,T,HR,2020,3933511
A,NR,TOTAL,T,HR,2021,3893026
A,NR,TOTAL,T,HR,2022,3862305
A,NR,TOTAL,T,HR,2023,3850894
A,NR,TOTAL,T,HR,2024,3861967
A,NR,TOTAL,T,HU,2015,9815858
A,NR,TOTAL,T,HU,2016,9779652
A,NR,TOTAL,T,HU,2017,9739857
A,NR,TOTAL,T,HU,2018,9713655
A,NR,TOTAL,T,HU,2019,9700272
A,NR,TOTAL,T,HU,2020,9689376
A,NR,TOTAL,T,HU,2021,9651461
A,NR,TOTAL,T,HU,2022,9610403
A,NR,TOTAL,T,HU,2023,9599744
A,NR,TOTAL,T,HU,2024,9584627
A,NR,TOTAL,T,IE,2015,4677627
A,NR,TOTAL,T,IE,2016,4726286
A,NR,TOTAL,T,IE,2017,4799157
A,NR,TOTAL,T,IE,2018,4855733
A,NR,TOTAL,T,IE,2019,4940311
A,NR,TOTAL,T,IE,2020,5012600
A,NR,TOTAL,T,IE,2021,5066893
A,NR,TOTAL,T,IE,2022,5154277
A,NR,TOTAL,T,IE,2023,5271395
A,NR,TOTAL,T,IE,2024,5351681
A,NR,TOTAL,T,IT,2015,60295497
A,NR,TOTAL,T,IT,2016,60163712
A,NR,TOTAL,T,IT,2017,60066734
A,NR,TOTAL,T,IT,2018,59937769
A,NR,TOTAL,T,IT,2019,59816673
A,NR,TOTAL,T,IT,2020,59641488
A,NR,TOTAL,T,IT,2021,59236213
A,NR,TOTAL,T,IT,2022,59030133
A,NR,TOTAL,T,IT,2023,58997201
A,NR,TOTAL,T,IT,2024,58971230
A,NR,TOTAL,T,LT,2015,2926644
A,NR,TOTAL,T,LT,2016,2895573
A,NR,TOTAL,T,LT,2017,2859077
A,NR,TOTAL,T,LT,2018,2826200
A,NR,TOTAL,T,LT,2019,2812200
A,NR,TOTAL,T,LT,2020,2809977
A,NR,TOTAL,T,LT,2021,2810761
A,NR,TOTAL,T,LT,2022,2805998
A,NR,TOTAL,T,LT,2023,2857279
A,NR,TOTAL,T,LT,2024,2885891
A,NR,TOTAL,T,LU,2015,562958
A,NR,TOTAL,T,LU,2016,576249
A,NR,TOTAL,T,LU,2017,590667
A,NR,TOTAL,T,LU,2018,602005
A,NR,TOTAL,T,LU,2019,613894
A,NR,TOTAL,T,LU,2020,626108
A,NR,TOTAL,T,LU,2021,634730
A,NR,TOTAL,T,LU,2022,645397
A,NR,TOTAL,T,LU,2023,660809
A,NR,TOTAL,T,LU,2024,672050
A,NR,TOTAL,T,LV,2015,1986096
A,NR,TOTAL,T,LV,2016,1968957
A,NR,TOTAL,T,LV,2017,1950116
A,NR,TOTAL,T,LV,2018,1934379
A,NR,TOTAL,T,LV,2019,1919968
A,NR,TOTAL,T,LV,2020,1907675
A,NR,TOTAL,T,LV,2021,1893223
A,NR,TOTAL,T,LV,2022,1875757
A,NR,TOTAL,T,LV,2023,1895239
A,NR,TOTAL,T,LV,2024,1878575
A,NR,TOTAL,T,MT,2015,438805
A,NR,TOTAL,T,MT,2016,449635
A,NR,TOTAL,T,MT,2017,459375
A,NR,TOTAL,T,MT,2018,474837
A,NR,TOTAL,T,MT,2019,492968
A,NR,TOTAL,T,MT,2020,514855
A,NR,TOTAL,T,MT,2021,516125
A,NR,TOTAL,T,MT,2022,520174
A,NR,TOTAL,T,MT,2023,542051
A,NR,TOTAL,T,MT,2024,563443
A,NR,TOTAL,T,NL,2015,16900726
A,NR,TOTAL,T,NL,2016,16979120
A,NR,TOTAL,T,NL,2017,17081507
A,NR,TOTAL,T,NL,2018,17181084
A,NR,TOTAL,T,NL,2019,17282163
A,NR,TOTAL,T,NL,2020,17407585
A,NR,TOTAL,T,NL,2021,17475415
A,NR,TOTAL,T,NL,2022,17590672
A,NR,TOTAL,T,NL,2023,17811291
A,NR,TOTAL,T,NL,2024,17942942
A,NR,TOTAL,T,PL,2015,38005614
A,NR,TOTAL,T,PL,2016,37967209
A,NR,TOTAL,T,PL,2017,37972964
A,NR,TOTAL,T,PL,2018,37976687
A,NR,TOTAL,T,PL,2019,37972812
A,NR,TOTAL,T,PL,2020,37958138
A,NR,TOTAL,T,PL,2021,37073357
A,NR,TOTAL,T,PL,2022,36889761
A,NR,TOTAL,T,PL,2023,36753736
A,NR,TOTAL,T,PL,2024,36620970
A,NR,TOTAL,T,PT,2015,10395121
A,NR,TOTAL,T,PT,2016,10368554
A,NR,TOTAL,T,PT,2017,10344478
A,NR,TOTAL,T,PT,2018,10335770
A,NR,TOTAL,T,PT,2019,10333496
A,NR,TOTAL,T,PT,2020,10375395
A,NR,TOTAL,T,PT,2021,10394297
A,NR,TOTAL,T,PT,2022,10421117
A,NR,TOTAL,T,PT,2023,10516621
A,NR,TOTAL,T,PT,2024,10639726
A,NR,TOTAL,T,RO,2015,19870647
A,NR,TOTAL,T,RO,2016,19760585
A,NR,TOTAL,T,RO,2017,19643949
A,NR,TOTAL,T,RO,2018,19533481
A,NR,TOTAL,T,RO,2019,19414458
A,NR,TOTAL,T,RO,2020,19328838
A,NR,TOTAL,T,RO,2021,19201662
A,NR,TOTAL,T,RO,2022,19043098
A,NR,TOTAL,T,RO,2023,19055228
A,NR,TOTAL,T,RO,2024,19067576
A,NR,TOTAL,T,SE,2015,9747355
A,NR,TOTAL,T,SE,2016,9851017
A,NR,TOTAL,T,SE,2017,9995153
A,NR,TOTAL,T,SE,2018,10120242
A,NR,TOTAL,T,SE,2019,10230185
A,NR,TOTAL,T,SE,2020,10327589
A,NR,TOTAL,T,SE,2021,10379295
A,NR,TOTAL,T,SE,2022,10452326
A,NR,TOTAL,T,SE,2023,10521556
A,NR,TOTAL,T,SE,2024,10551707
A,NR,TOTAL,T,SI,2015,2062874
A,NR,TOTAL,T,SI,2016,2064188
A,NR,TOTAL,T,SI,2017,2065895
A,NR,TOTAL,T,SI,2018,2066880
A,NR,TOTAL,T,SI,2019,2080908
A,NR,TOTAL,T,SI,2020,2095861
A,NR,TOTAL,T,SI,2021,2108977
A,NR,TOTAL,T,SI,2022,2107180
A,NR,TOTAL,T,SI,2023,2116972
A,NR,TOTAL,T,SI,2024,2123949
A,NR,TOTAL,T,SK,2015,5421349
A,NR,TOTAL,T,SK,2016,5426252
A,NR,TOTAL,T,SK,2017,5435343
A,NR,TOTAL,T,SK,2018,5443120
A,NR,TOTAL,T,SK,2019,5450421
A,NR,TOTAL,T,SK,2020,5457873
A,NR,TOTAL,T,SK,2021,5459781
A,NR,TOTAL,T,SK,2022,5434712
A,NR,TOTAL,T,SK,2023,5428792
A,NR,TOTAL,T,SK,2024,5424687
