freq,age,sex,statinfo,unit,geo,time,value
A,TOTAL,T,MED_EI,PPS,AT,2015,21981
A,TOTAL,T,MED_EI,PPS,AT,2016,23071
A,TOTAL,T,MED_EI,PPS,AT,2017,23361
A,TOTAL,T,MED_EI,PPS,AT,2018,23204
A,TOTAL,T,MED_EI,PPS,AT,2019,23687
A,TOTAL,T,MED_EI,PPS,AT,2020,23334
A,TOTAL,T,MED_EI,PPS,AT,2021,24450
A,TOTAL,T,MED_EI,PPS,AT,2022,25119
A,TOTAL,T,MED_EI,PPS,AT,2023,28690
A,TOTAL,T,MED_EI,PPS,AT,2024,29758
A,TOTAL,T,MED_EI,PPS,BE,2015,19921
A,TOTAL,T,MED_EI,PPS,BE,2016,21335
A,TOTAL,T,MED_EI,PPS,BE,2017,20904
A,TOTAL,T,MED_EI,PPS,BE,2018,21353
A,TOTAL,T,MED_EI,PPS,BE,2019,22141
A,TOTAL,T,MED_EI,PPS,BE,2020,22391
A,TOTAL,T,MED_EI,PPS,BE,2021,22768
A,TOTAL,T,MED_EI,PPS,BE,2022,24159
A,TOTAL,T,MED_EI,PPS,BE,2023,25150
A,TOTAL,T,MED_EI,PPS,BE,2024,26361
A,TOTAL,T,MED_EI,PPS,BG,2015,6882
A,TOTAL,T,MED_EI,PPS,BG,2016,6742
A,TOTAL,T,MED_EI,PPS,BG,2017,7533
A,TOTAL,T,MED_EI,PPS,BG,2018,7218
A,TOTAL,T,MED_EI,PPS,BG,2019,8371
A,TOTAL,T,MED_EI,PPS,BG,2020,8647
A,TOTAL,T,MED_EI,PPS,BG,2021,9375
A,TOTAL,T,MED_EI,PPS,BG,2022,9671
A,TOTAL,T,MED_EI,PPS,BG,2023,11155
A,TOTAL,T,MED_EI,PPS,BG,2024,13079
A,TOTAL,T,MED_EI,PPS,CY,2015,15313
A,TOTAL,T,MED_EI,PPS,CY,2016,16173
A,TOTAL,T,MED_EI,PPS,CY,2017,16877
A,TOTAL,T,MED_EI,PPS,CY,2018,17505
A,TOTAL,T,MED_EI,PPS,CY,2019,18844
A,TOTAL,T,MED_EI,PPS,CY,2020,18652
A,TOTAL,T,MED_EI,PPS,CY,2021,18629
A,TOTAL,T,MED_EI,PPS,CY,2022,19891
A,TOTAL,T,MED_EI,PPS,CY,2023,20917
A,TOTAL,T,MED_EI,PPS,CY,2024,22817
A,TOTAL,T,MED_EI,PPS,CZ,2015,11652
A,TOTAL,T,MED_EI,PPS,CZ,2016,12478
A,TOTAL,T,MED_EI,PPS,CZ,2017,12641
A,TOTAL,T,MED_EI,PPS,CZ,2018,13264
A,TOTAL,T,MED_EI,PPS,CZ,2019,14035
A,TOTAL,T,MED_EI,PPS,CZ,2020,14151
A,TOTAL,T,MED_EI,PPS,CZ,2021,13815
A,TOTAL,T,MED_EI,PPS,CZ,2022,15354
A,TOTAL,T,MED_EI,PPS,CZ,2023,16208
A,TOTAL,T,MED_EI,PPS,CZ,2024,16972
A,TOTAL,T,MED_EI,PPS,DE,2015,20365
A,TOTAL,T,MED_EI,PPS,DE,2016,21152
A,TOTAL,T,MED_EI,PPS,DE,2017,21331
A,TOTAL,T,MED_EI,PPS,DE,2018,21980
A,TOTAL,T,MED_EI,PPS,DE,2019,22693
A,TOTAL,T,MED_EI,PPS,DE,2020,24229
A,TOTAL,T,MED_EI,PPS,DE,2021,23336
A,TOTAL,T,MED_EI,PPS,DE,2022,23127
A,TOTAL,T,MED_EI,PPS,DE,2023,24086
A,TOTAL,T,MED_EI,PPS,DE,2024,25192
A,TOTAL,T,MED_EI,PPS,DK,2015,20384
A,TOTAL,T,MED_EI,PPS,DK,2016,21355
A,TOTAL,T,MED_EI,PPS,DK,2017,20955
A,TOTAL,T,MED_EI,PPS,DK,2018,21646
A,TOTAL,T,MED_EI,PPS,DK,2019,22371
A,TOTAL,T,MED_EI,PPS,DK,2020,21796
A,TOTAL,T,MED_EI,PPS,DK,2021,22899
A,TOTAL,T,MED_EI,PPS,DK,2022,23244
A,TOTAL,T,MED_EI,PPS,DK,2023,22820
A,TOTAL,T,MED_EI,PPS,DK,2024,24297
A,TOTAL,T,MED_EI,PPS,EE,2015,10432
A,TOTAL,T,MED_EI,PPS,EE,2016,11867
A,TOTAL,T,MED_EI,PPS,EE,2017,12414
A,TOTAL,T,MED_EI,PPS,EE,2018,13378
A,TOTAL,T,MED_EI,PPS,EE,2019,14240
A,TOTAL,T,MED_EI,PPS,EE,2020,14331
A,TOTAL,T,MED_EI,PPS,EE,2021,14810
A,TOTAL,T,MED_EI,PPS,EE,2022,17064
A,TOTAL,T,MED_EI,PPS,EE,2023,15492
A,TOTAL,T,MED_EI,PPS,EE,2024,16482
A,TOTAL,T,MED_EI,PPS,EL,2015,8802
A,TOTAL,T,MED_EI,PPS,EL,2016,9048
A,TOTAL,T,MED_EI,PPS,EL,2017,9035
A,TOTAL,T,MED_EI,PPS,EL,2018,9245
A,TOTAL,T,MED_EI,PPS,EL,2019,9765
A,TOTAL,T,MED_EI,PPS,EL,2020,10175
A,TOTAL,T,MED_EI,PPS,EL,2021,9917
A,TOTAL,T,MED_EI,PPS,EL,2022,10841
A,TOTAL,T,MED_EI,PPS,EL,2023,11389
A,TOTAL,T,MED_EI,PPS,EL,2024,12436
A,TOTAL,T,MED_EI,PPS,ES,2015,14463
A,TOTAL,T,MED_EI,PPS,ES,2016,15347
A,TOTAL,T,MED_EI,PPS,ES,2017,15526
A,TOTAL,T,MED_EI,PPS,ES,2018,16030
A,TOTAL,T,MED_EI,PPS,ES,2019,16171
A,TOTAL,T,MED_EI,PPS,ES,2020,16661
A,TOTAL,T,MED_EI,PPS,ES,2021,16297
A,TOTAL,T,MED_EI,PPS,ES,2022,17254
A,TOTAL,T,MED_EI,PPS,ES,2023,19021
A,TOTAL,T,MED_EI,PPS,ES,2024,20800
A,TOTAL,T,MED_EI,PPS,FI,2015,19430
A,TOTAL,T,MED_EI,PPS,FI,2016,19997
A,TOTAL,T,MED_EI,PPS,FI,2017,19827
A,TOTAL,T,MED_EI,PPS,FI,2018,20048
A,TOTAL,T,MED_EI,PPS,FI,2019,20362
A,TOTAL,T,MED_EI,PPS,FI,2020,20290
A,TOTAL,T,MED_EI,PPS,FI,2021,20078
A,TOTAL,T,MED_EI,PPS,FI,2022,20941
A,TOTAL,T,MED_EI,PPS,FI,2023,21691
A,TOTAL,T,MED_EI,PPS,FI,2024,23055
A,TOTAL,T,MED_EI,PPS,FR,2015,19885
A,TOTAL,T,MED_EI,PPS,FR,2016,20621
A,TOTAL,T,MED_EI,PPS,FR,2017,20357
A,TOTAL,T,MED_EI,PPS,FR,2018,20223
A,TOTAL,T,MED_EI,PPS,FR,2019,20471
A,TOTAL,T,MED_EI,PPS,FR,2020,19518
A,TOTAL,T,MED_EI,PPS,FR,2021,20100
A,TOTAL,T,MED_EI,PPS,FR,2022,20575
A,TOTAL,T,MED_EI,PPS,FR,2023,21875
A,TOTAL,T,MED_EI,PPS,FR,2024,23222
A,TOTAL,T,MED_EI,PPS,HR,2015,8253
A,TOTAL,T,MED_EI,PPS,HR,2016,8985
A,TOTAL,T,MED_EI,PPS,HR,2017,9444
A,TOTAL,T,MED_EI,PPS,HR,2018,9870
A,TOTAL,T,MED_EI,PPS,HR,2019,10734
A,TOTAL,T,MED_EI,PPS,HR,2020,11090
A,TOTAL,T,MED_EI,PPS,HR,2021,11385
A,TOTAL,T,MED_EI,PPS,HR,2022,12277
A,TOTAL,T,MED_EI,PPS,HR,2023,13438
A,TOTAL,T,MED_EI,PPS,HR,2024,16277
A,TOTAL,T,MED_EI,PPS,HU,2015,7919
A,TOTAL,T,MED_EI,PPS,HU,2016,8267
A,TOTAL,T,MED_EI,PPS,HU,2017,8332
A,TOTAL,T,MED_EI,PPS,HU,2018,8603
A,TOTAL,T,MED_EI,PPS,HU,2019,9344
A,TOTAL,T,MED_EI,PPS,HU,2020,9056
A,TOTAL,T,MED_EI,PPS,HU,2021,9960
A,TOTAL,T,MED_EI,PPS,HU,2022,10620
A,TOTAL,T,MED_EI,PPS,HU,2023,10913
A,TOTAL,T,MED_EI,PPS,HU,2024,11199
A,TOTAL,T,MED_EI,PPS,IE,2015,17656
A,TOTAL,T,MED_EI,PPS,IE,2016,18397
A,TOTAL,T,MED_EI,PPS,IE,2017,18198
A,TOTAL,T,MED_EI,PPS,IE,2018,19464
A,TOTAL,T,MED_EI,PPS,IE,2019,19692
A,TOTAL,T,MED_EI,PPS,IE,2020,19720
A,TOTAL,T,MED_EI,PPS,IE,2021,20551
A,TOTAL,T,MED_EI,PPS,IE,2022,20904
A,TOTAL,T,MED_EI,PPS,IE,2023,21568
A,TOTAL,T,MED_EI,PPS,IE,2024,23288
A,TOTAL,T,MED_EI,PPS,IT,2015,15395
A,TOTAL,T,MED_EI,PPS,IT,2016,16237
A,TOTAL,T,MED_EI,PPS,IT,2017,16522
A,TOTAL,T,MED_EI,PPS,IT,2018,16715
A,TOTAL,T,MED_EI,PPS,IT,2019,17099
A,TOTAL,T,MED_EI,PPS,IT,2020,17764
A,TOTAL,T,MED_EI,PPS,IT,2021,17304
A,TOTAL,T,MED_EI,PPS,IT,2022,18472
A,TOTAL,T,MED_EI,PPS,IT,2023,19691
A,TOTAL,T,MED_EI,PPS,IT,2024,20804
A,TOTAL,T,MED_EI,PPS,LT,2015,8251
A,TOTAL,T,MED_EI,PPS,LT,2016,9364
A,TOTAL,T,MED_EI,PPS,LT,2017,9819
A,TOTAL,T,MED_EI,PPS,LT,2018,10702
A,TOTAL,T,MED_EI,PPS,LT,2019,11509
A,TOTAL,T,MED_EI,PPS,LT,2020,12546
A,TOTAL,T,MED_EI,PPS,LT,2021,13742
A,TOTAL,T,MED_EI,PPS,LT,2022,14202
A,TOTAL,T,MED_EI,PPS,LT,2023,14312
A,TOTAL,T,MED_EI,PPS,LT,2024,15110
A,TOTAL,T,MED_EI,PPS,LU,2015,29285
A,TOTAL,T,MED_EI,PPS,LU,2016,27834
A,TOTAL,T,MED_EI,PPS,LU,2017,29596
A,TOTAL,T,MED_EI,PPS,LU,2018,27529
A,TOTAL,T,MED_EI,PPS,LU,2019,28943
A,TOTAL,T,MED_EI,PPS,LU,2020,28675
A,TOTAL,T,MED_EI,PPS,LU,2021,32132
A,TOTAL,T,MED_EI,PPS,LU,2022,33214
A,TOTAL,T,MED_EI,PPS,LU,2023,34777
A,TOTAL,T,MED_EI,PPS,LU,2024,37781
A,TOTAL,T,MED_EI,PPS,LV,2015,8092
A,TOTAL,T,MED_EI,PPS,LV,2016,9257
A,TOTAL,T,MED_EI,PPS,LV,2017,9248
A,TOTAL,T,MED_EI,PPS,LV,2018,10031
A,TOTAL,T,MED_EI,PPS,LV,2019,11031
A,TOTAL,T,MED_EI,PPS,LV,2020,11339
A,TOTAL,T,MED_EI,PPS,LV,2021,11975
A,TOTAL,T,MED_EI,PPS,LV,2022,12845
A,TOTAL,T,MED_EI,PPS,LV,2023,13228
A,TOTAL,T,MED_EI,PPS,LV,2024,14721
A,TOTAL,T,MED_EI,PPS,MT,2015,16753
A,TOTAL,T,MED_EI,PPS,MT,2016,17264
A,TOTAL,T,MED_EI,PPS,MT,2017,17899
A,TOTAL,T,MED_EI,PPS,MT,2018,17932
A,TOTAL,T,MED_EI,PPS,MT,2019,18588
A,TOTAL,T,MED_EI,PPS,MT,2020,18756
A,TOTAL,T,MED_EI,PPS,MT,2021,19012
A,TOTAL,T,MED_EI,PPS,MT,2022,20698
A,TOTAL,T,MED_EI,PPS,MT,2023,21060
A,TOTAL,T,MED_EI,PPS,MT,2024,22077
A,TOTAL,T,MED_EI,PPS,NL,2015,19387
A,TOTAL,T,MED_EI,PPS,NL,2016,21189
A,TOTAL,T,MED_EI,PPS,NL,2017,21195
A,TOTAL,T,MED_EI,PPS,NL,2018,21528
A,TOTAL,T,MED_EI,PPS,NL,2019,21968
A,TOTAL,T,MED_EI,PPS,NL,2020,22117
A,TOTAL,T,MED_EI,PPS,NL,2021,24560
A,TOTAL,T,MED_EI,PPS,NL,2022,25437
A,TOTAL,T,MED_EI,PPS,NL,2023,25116
A,TOTAL,T,MED_EI,PPS,NL,2024,27091
A,TOTAL,T,MED_EI,PPS,PL,2015,9950
A,TOTAL,T,MED_EI,PPS,PL,2016,10865
A,TOTAL,T,MED_EI,PPS,PL,2017,11079
A,TOTAL,T,MED_EI,PPS,PL,2018,11513
A,TOTAL,T,MED_EI,PPS,PL,2019,12335
A,TOTAL,T,MED_EI,PPS,PL,2020,13350
A,TOTAL,T,MED_EI,PPS,PL,2021,13870
A,TOTAL,T,MED_EI,PPS,PL,2022,14906
A,TOTAL,T,MED_EI,PPS,PL,2023,16551
A,TOTAL,T,MED_EI,PPS,PL,2024,18064
A,TOTAL,T,MED_EI,PPS,PT,2015,10317
A,TOTAL,T,MED_EI,PPS,PT,2016,10805
A,TOTAL,T,MED_EI,PPS,PT,2017,10826
A,TOTAL,T,MED_EI,PPS,PT,2018,10801
A,TOTAL,T,MED_EI,PPS,PT,2019,11602
A,TOTAL,T,MED_EI,PPS,PT,2020,12333
A,TOTAL,T,MED_EI,PPS,PT,2021,12404
A,TOTAL,T,MED_EI,PPS,PT,2022,12266
A,TOTAL,T,MED_EI,PPS,PT,2023,13421
A,TOTAL,T,MED_EI,PPS,PT,2024,14446
A,TOTAL,T,MED_EI,PPS,RO,2015,4357
A,TOTAL,T,MED_EI,PPS,RO,2016,4724
A,TOTAL,T,MED_EI,PPS,RO,2017,5314
A,TOTAL,T,MED_EI,PPS,RO,2018,6278
A,TOTAL,T,MED_EI,PPS,RO,2019,7338
A,TOTAL,T,MED_EI,PPS,RO,2020,7724
A,TOTAL,T,MED_EI,PPS,RO,2021,8698
A,TOTAL,T,MED_EI,PPS,RO,2022,10033
A,TOTAL,T,MED_EI,PPS,RO,2023,11084
A,TOTAL,T,MED_EI,PPS,RO,2024,13023
A,TOTAL,T,MED_EI,PPS,SE,2015,20154
A,TOTAL,T,MED_EI,PPS,SE,2016,20955
A,TOTAL,T,MED_EI,PPS,SE,2017,20237
A,TOTAL,T,MED_EI,PPS,SE,2018,20414
A,TOTAL,T,MED_EI,PPS,SE,2019,20413
A,TOTAL,T,MED_EI,PPS,SE,2020,20083
A,TOTAL,T,MED_EI,PPS,SE,2021,20673
A,TOTAL,T,MED_EI,PPS,SE,2022,20608
A,TOTAL,T,MED_EI,PPS,SE,2023,22290
A,TOTAL,T,MED_EI,PPS,SE,2024,23693
A,TOTAL,T,MED_EI,PPS,SI,2015,15102
A,TOTAL,T,MED_EI,PPS,SI,2016,15250
A,TOTAL,T,MED_EI,PPS,SI,2017,15245
A,TOTAL,T,MED_EI,PPS,SI,2018,15771
A,TOTAL,T,MED_EI,PPS,SI,2019,16633
A,TOTAL,T,MED_EI,PPS,SI,2020,16988
A,TOTAL,T,MED_EI,PPS,SI,2021,17579
A,TOTAL,T,MED_EI,PPS,SI,2022,18792
A,TOTAL,T,MED_EI,PPS,SI,2023,20273
A,TOTAL,T,MED_EI,PPS,SI,2024,21572
A,TOTAL,T,MED_EI,PPS,SK,2015,10220
A,TOTAL,T,MED_EI,PPS,SK,2016,10466
A,TOTAL,T,MED_EI,PPS,SK,2017,9605
A,TOTAL,T,MED_EI,PPS,SK,2018,9744
A,TOTAL,T,MED_EI,PPS,SK,2019,10503
A,TOTAL,T,MED_EI,PPS,SK,2020,10076
A,TOTAL,T,MED_EI,PPS,SK,2021,9425
A,TOTAL,T,MED_EI,PPS,SK,2022,9826
A,TOTAL,T,MED_EI,PPS,SK,2023,10670
A,TOTAL,T,MED_EI,PPS,SK,2024,11433
