freq,unit,na_item,geo,time,value
A,CP_PPS_EU27_2020_HAB,B1GQ,AT,2015,35681.9
A,CP_PPS_EU27_2020_HAB,B1GQ,AT,2016,36385.1
A,CP_PPS_EU27_2020_HAB,B1GQ,AT,2017,37012.2
A,CP_PPS_EU27_2020_HAB,B1GQ,AT,2018,38419.4
A,CP_PPS_EU27_2020_HAB,B1GQ,AT,2019,39263.8
A,CP_PPS_EU27_2020_HAB,B1GQ,AT,2020,37385.6
A,CP_PPS_EU27_2020_HAB,B1GQ,AT,2021,40185.6
A,CP_PPS_EU27_2020_HAB,B1GQ,AT,2022,44569.5
A,CP_PPS_EU27_2020_HAB,B1GQ,AT,2023,46391.9
A,CP_PPS_EU27_2020_HAB,B1GQ,AT,2024,47527.9
A,CP_PPS_EU27_2020_HAB,B1GQ,BE,2015,33127.0
A,CP_PPS_EU27_2020_HAB,B1GQ,BE,2016,33631.0
A,CP_PPS_EU27_2020_HAB,B1GQ,BE,2017,34519.6
A,CP_PPS_EU27_2020_HAB,B1GQ,BE,2018,35579.3
A,CP_PPS_EU27_2020_HAB,B1GQ,BE,2019,36884.8
A,CP_PPS_EU27_2020_HAB,B1GQ,BE,2020,35850.5
A,CP_PPS_EU27_2020_HAB,B1GQ,BE,2021,38699.2
A,CP_PPS_EU27_2020_HAB,B1GQ,BE,2022,42520.4
A,CP_PPS_EU27_2020_HAB,B1GQ,BE,2023,45367.3
A,CP_PPS_EU27_2020_HAB,B1GQ,BE,2024,46587.9
A,CP_PPS_EU27_2020_HAB,B1GQ,BG,2015,13586.9
A,CP_PPS_EU27_2020_HAB,B1GQ,BG,2016,14411.0
A,CP_PPS_EU27_2020_HAB,B1GQ,BG,2017,15329.3
A,CP_PPS_EU27_2020_HAB,B1GQ,BG,2018,16273.7
A,CP_PPS_EU27_2020_HAB,B1GQ,BG,2019,17407.9
A,CP_PPS_EU27_2020_HAB,B1GQ,BG,2020,17473.0
A,CP_PPS_EU27_2020_HAB,B1GQ,BG,2021,19748.1
A,CP_PPS_EU27_2020_HAB,B1GQ,BG,2022,22421.2
A,CP_PPS_EU27_2020_HAB,B1GQ,BG,2023,24254.4
A,CP_PPS_EU27_2020_HAB,B1GQ,BG,2024,26324.3
A,CP_PPS_EU27_2020_HAB,B1GQ,CY,2015,22563.5
A,CP_PPS_EU27_2020_HAB,B1GQ,CY,2016,24483.3
A,CP_PPS_EU27_2020_HAB,B1GQ,CY,2017,25941.8
A,CP_PPS_EU27_2020_HAB,B1GQ,CY,2018,27303.3
A,CP_PPS_EU27_2020_HAB,B1GQ,CY,2019,28873.4
A,CP_PPS_EU27_2020_HAB,B1GQ,CY,2020,27194.2
A,CP_PPS_EU27_2020_HAB,B1GQ,CY,2021,30382.9
A,CP_PPS_EU27_2020_HAB,B1GQ,CY,2022,34492.5
A,CP_PPS_EU27_2020_HAB,B1GQ,CY,2023,37400.0
A,CP_PPS_EU27_2020_HAB,B1GQ,CY,2024,39456.4
A,CP_PPS_EU27_2020_HAB,B1GQ,CZ,2015,24603.7
A,CP_PPS_EU27_2020_HAB,B1GQ,CZ,2016,25443.3
A,CP_PPS_EU27_2020_HAB,B1GQ,CZ,2017,27214.7
A,CP_PPS_EU27_2020_HAB,B1GQ,CZ,2018,28492.8
A,CP_PPS_EU27_2020_HAB,B1GQ,CZ,2019,30008.3
A,CP_PPS_EU27_2020_HAB,B1GQ,CZ,2020,29178.2
A,CP_PPS_EU27_2020_HAB,B1GQ,CZ,2021,30502.4
A,CP_PPS_EU27_2020_HAB,B1GQ,CZ,2022,32419.7
A,CP_PPS_EU27_2020_HAB,B1GQ,CZ,2023,34973.9
A,CP_PPS_EU27_2020_HAB,B1GQ,CZ,2024,36255.5
A,CP_PPS_EU27_2020_HAB,B1GQ,DE,2015,35148.9
A,CP_PPS_EU27_2020_HAB,B1GQ,DE,2016,36132.4
A,CP_PPS_EU27_2020_HAB,B1GQ,DE,2017,37613.5
A,CP_PPS_EU27_2020_HAB,B1GQ,DE,2018,38726.7
A,CP_PPS_EU27_2020_HAB,B1GQ,DE,2019,39216.9
A,CP_PPS_EU27_2020_HAB,B1GQ,DE,2020,38270.8
A,CP_PPS_EU27_2020_HAB,B1GQ,DE,2021,40874.4
A,CP_PPS_EU27_2020_HAB,B1GQ,DE,2022,43577.4
A,CP_PPS_EU27_2020_HAB,B1GQ,DE,2023,45519.2
A,CP_PPS_EU27_2020_HAB,B1GQ,DE,2024,47008.3
A,CP_PPS_EU27_2020_HAB,B1GQ,DK,2015,35165.0
A,CP_PPS_EU27_2020_HAB,B1GQ,DK,2016,35992.7
A,CP_PPS_EU27_2020_HAB,B1GQ,DK,2017,37964.1
A,CP_PPS_EU27_2020_HAB,B1GQ,DK,2018,38810.6
A,CP_PPS_EU27_2020_HAB,B1GQ,DK,2019,39393.0
A,CP_PPS_EU27_2020_HAB,B1GQ,DK,2020,40054.4
A,CP_PPS_EU27_2020_HAB,B1GQ,DK,2021,44240.3
A,CP_PPS_EU27_2020_HAB,B1GQ,DK,2022,48465.5
A,CP_PPS_EU27_2020_HAB,B1GQ,DK,2023,48240.3
A,CP_PPS_EU27_2020_HAB,B1GQ,DK,2024,51785.4
A,CP_PPS_EU27_2020_HAB,B1GQ,EE,2015,21398.6
A,CP_PPS_EU27_2020_HAB,B1GQ,EE,2016,22190.6
A,CP_PPS_EU27_2020_HAB,B1GQ,EE,2017,23734.0
A,CP_PPS_EU27_2020_HAB,B1GQ,EE,2018,25227.3
A,CP_PPS_EU27_2020_HAB,B1GQ,EE,2019,26438.1
A,CP_PPS_EU27_2020_HAB,B1GQ,EE,2020,25994.6
A,CP_PPS_EU27_2020_HAB,B1GQ,EE,2021,28242.8
A,CP_PPS_EU27_2020_HAB,B1GQ,EE,2022,30146.6
A,CP_PPS_EU27_2020_HAB,B1GQ,EE,2023,30454.9
A,CP_PPS_EU27_2020_HAB,B1GQ,EE,2024,31583.4
A,CP_PPS_EU27_2020_HAB,B1GQ,EL,2015,19131.7
A,CP_PPS_EU27_2020_HAB,B1GQ,EL,2016,19106.0
A,CP_PPS_EU27_2020_HAB,B1GQ,EL,2017,19700.8
A,CP_PPS_EU27_2020_HAB,B1GQ,EL,2018,20203.0
A,CP_PPS_EU27_2020_HAB,B1GQ,EL,2019,20765.1
A,CP_PPS_EU27_2020_HAB,B1GQ,EL,2020,18866.4
A,CP_PPS_EU27_2020_HAB,B1GQ,EL,2021,21245.7
A,CP_PPS_EU27_2020_HAB,B1GQ,EL,2022,24026.4
A,CP_PPS_EU27_2020_HAB,B1GQ,EL,2023,26263.1
A,CP_PPS_EU27_2020_HAB,B1GQ,EL,2024,27373.2
A,CP_PPS_EU27_2020_HAB,B1GQ,ES,2015,25351.1
A,CP_PPS_EU27_2020_HAB,B1GQ,ES,2016,26145.0
A,CP_PPS_EU27_2020_HAB,B1GQ,ES,2017,27390.8
A,CP_PPS_EU27_2020_HAB,B1GQ,ES,2018,27853.5
A,CP_PPS_EU27_2020_HAB,B1GQ,ES,2019,28663.4
A,CP_PPS_EU27_2020_HAB,B1GQ,ES,2020,25131.2
A,CP_PPS_EU27_2020_HAB,B1GQ,ES,2021,28285.0
A,CP_PPS_EU27_2020_HAB,B1GQ,ES,2022,31781.2
A,CP_PPS_EU27_2020_HAB,B1GQ,ES,2023,34768.5
A,CP_PPS_EU27_2020_HAB,B1GQ,ES,2024,36413.1
A,CP_PPS_EU27_2020_HAB,B1GQ,FI,2015,30379.3
A,CP_PPS_EU27_2020_HAB,B1GQ,FI,2016,30955.1
A,CP_PPS_EU27_2020_HAB,B1GQ,FI,2017,32444.6
A,CP_PPS_EU27_2020_HAB,B1GQ,FI,2018,33393.2
A,CP_PPS_EU27_2020_HAB,B1GQ,FI,2019,33999.7
A,CP_PPS_EU27_2020_HAB,B1GQ,FI,2020,34039.9
A,CP_PPS_EU27_2020_HAB,B1GQ,FI,2021,36222.4
A,CP_PPS_EU27_2020_HAB,B1GQ,FI,2022,38350.4
A,CP_PPS_EU27_2020_HAB,B1GQ,FI,2023,39690.3
A,CP_PPS_EU27_2020_HAB,B1GQ,FI,2024,40871.6
A,CP_PPS_EU27_2020_HAB,B1GQ,FR,2015,29516.0
A,CP_PPS_EU27_2020_HAB,B1GQ,FR,2016,29858.6
A,CP_PPS_EU27_2020_HAB,B1GQ,FR,2017,30585.2
A,CP_PPS_EU27_2020_HAB,B1GQ,FR,2018,31463.5
A,CP_PPS_EU27_2020_HAB,B1GQ,FR,2019,33247.6
A,CP_PPS_EU27_2020_HAB,B1GQ,FR,2020,31555.5
A,CP_PPS_EU27_2020_HAB,B1GQ,FR,2021,33443.0
A,CP_PPS_EU27_2020_HAB,B1GQ,FR,2022,35145.8
A,CP_PPS_EU27_2020_HAB,B1GQ,FR,2023,38055.1
A,CP_PPS_EU27_2020_HAB,B1GQ,FR,2024,39294.2
A,CP_PPS_EU27_2020_HAB,B1GQ,HR,2015,17084.7
A,CP_PPS_EU27_2020_HAB,B1GQ,HR,2016,17960.8
A,CP_PPS_EU27_2020_HAB,B1GQ,HR,2017,19169.3
A,CP_PPS_EU27_2020_HAB,B1GQ,HR,2018,20216.2
A,CP_PPS_EU27_2020_HAB,B1GQ,HR,2019,21518.8
A,CP_PPS_EU27_2020_HAB,B1GQ,HR,2020,20213.9
A,CP_PPS_EU27_2020_HAB,B1GQ,HR,2021,23588.3
A,CP_PPS_EU27_2020_HAB,B1GQ,HR,2022,26007.8
A,CP_PPS_EU27_2020_HAB,B1GQ,HR,2023,29847.3
A,CP_PPS_EU27_2020_HAB,B1GQ,HR,2024,31053.1
A,CP_PPS_EU27_2020_HAB,B1GQ,HU,2015,19369.1
A,CP_PPS_EU27_2020_HAB,B1GQ,HU,2016,19574.4
A,CP_PPS_EU27_2020_HAB,B1GQ,HU,2017,20419.5
A,CP_PPS_EU27_2020_HAB,B1GQ,HU,2018,21875.5
A,CP_PPS_EU27_2020_HAB,B1GQ,HU,2019,23171.4
A,CP_PPS_EU27_2020_HAB,B1GQ,HU,2020,22731.5
A,CP_PPS_EU27_2020_HAB,B1GQ,HU,2021,24805.4
A,CP_PPS_EU27_2020_HAB,B1GQ,HU,2022,27305.6
A,CP_PPS_EU27_2020_HAB,B1GQ,HU,2023,28968.6
A,CP_PPS_EU27_2020_HAB,B1GQ,HU,2024,30445.5
A,CP_PPS_EU27_2020_HAB,B1GQ,IE,2015,51462.7
A,CP_PPS_EU27_2020_HAB,B1GQ,IE,2016,50754.0
A,CP_PPS_EU27_2020_HAB,B1GQ,IE,2017,55280.2
A,CP_PPS_EU27_2020_HAB,B1GQ,IE,2018,58626.5
A,CP_PPS_EU27_2020_HAB,B1GQ,IE,2019,59944.4
A,CP_PPS_EU27_2020_HAB,B1GQ,IE,2020,62296.2
A,CP_PPS_EU27_2020_HAB,B1GQ,IE,2021,74720.4
A,CP_PPS_EU27_2020_HAB,B1GQ,IE,2022,86108.3
A,CP_PPS_EU27_2020_HAB,B1GQ,IE,2023,82972.1
A,CP_PPS_EU27_2020_HAB,B1GQ,IE,2024,88342.7
A,CP_PPS_EU27_2020_HAB,B1GQ,IT,2015,26880.4
A,CP_PPS_EU27_2020_HAB,B1GQ,IT,2016,28121.1
A,CP_PPS_EU27_2020_HAB,B1GQ,IT,2017,28946.7
A,CP_PPS_EU27_2020_HAB,B1GQ,IT,2018,29555.4
A,CP_PPS_EU27_2020_HAB,B1GQ,IT,2019,30348.1
A,CP_PPS_EU27_2020_HAB,B1GQ,IT,2020,28386.4
A,CP_PPS_EU27_2020_HAB,B1GQ,IT,2021,31782.5
A,CP_PPS_EU27_2020_HAB,B1GQ,IT,2022,35348.2
A,CP_PPS_EU27_2020_HAB,B1GQ,IT,2023,37697.0
A,CP_PPS_EU27_2020_HAB,B1GQ,IT,2024,39068.5
A,CP_PPS_EU27_2020_HAB,B1GQ,LT,2015,20741.3
A,CP_PPS_EU27_2020_HAB,B1GQ,LT,2016,21376.1
A,CP_PPS_EU27_2020_HAB,B1GQ,LT,2017,23073.2
A,CP_PPS_EU27_2020_HAB,B1GQ,LT,2018,24746.4
A,CP_PPS_EU27_2020_HAB,B1GQ,LT,2019,26382.0
A,CP_PPS_EU27_2020_HAB,B1GQ,LT,2020,26359.5
A,CP_PPS_EU27_2020_HAB,B1GQ,LT,2021,29277.0
A,CP_PPS_EU27_2020_HAB,B1GQ,LT,2022,31269.3
A,CP_PPS_EU27_2020_HAB,B1GQ,LT,2023,32931.3
A,CP_PPS_EU27_2020_HAB,B1GQ,LT,2024,34935.9
A,CP_PPS_EU27_2020_HAB,B1GQ,LU,2015,77581.8
A,CP_PPS_EU27_2020_HAB,B1GQ,LU,2016,78464.2
A,CP_PPS_EU27_2020_HAB,B1GQ,LU,2017,78896.1
A,CP_PPS_EU27_2020_HAB,B1GQ,LU,2018,78985.2
A,CP_PPS_EU27_2020_HAB,B1GQ,LU,2019,78744.5
A,CP_PPS_EU27_2020_HAB,B1GQ,LU,2020,77888.8
A,CP_PPS_EU27_2020_HAB,B1GQ,LU,2021,87098.2
A,CP_PPS_EU27_2020_HAB,B1GQ,LU,2022,90395.4
A,CP_PPS_EU27_2020_HAB,B1GQ,LU,2023,95129.1
A,CP_PPS_EU27_2020_HAB,B1GQ,LU,2024,97690.2
A,CP_PPS_EU27_2020_HAB,B1GQ,LV,2015,17353.1
A,CP_PPS_EU27_2020_HAB,B1GQ,LV,2016,17925.2
A,CP_PPS_EU27_2020_HAB,B1GQ,LV,2017,18999.8
A,CP_PPS_EU27_2020_HAB,B1GQ,LV,2018,20230.2
A,CP_PPS_EU27_2020_HAB,B1GQ,LV,2019,20948.7
A,CP_PPS_EU27_2020_HAB,B1GQ,LV,2020,20911.4
A,CP_PPS_EU27_2020_HAB,B1GQ,LV,2021,23542.2
A,CP_PPS_EU27_2020_HAB,B1GQ,LV,2022,24939.3
A,CP_PPS_EU27_2020_HAB,B1GQ,LV,2023,26755.5
A,CP_PPS_EU27_2020_HAB,B1GQ,LV,2024,27536.5
A,CP_PPS_EU27_2020_HAB,B1GQ,MT,2015,27577.1
A,CP_PPS_EU27_2020_HAB,B1GQ,MT,2016,28475.6
A,CP_PPS_EU27_2020_HAB,B1GQ,MT,2017,31415.2
A,CP_PPS_EU27_2020_HAB,B1GQ,MT,2018,32639.5
A,CP_PPS_EU27_2020_HAB,B1GQ,MT,2019,33381.9
A,CP_PPS_EU27_2020_HAB,B1GQ,MT,2020,31931.9
A,CP_PPS_EU27_2020_HAB,B1GQ,MT,2021,36291.8
A,CP_PPS_EU27_2020_HAB,B1GQ,MT,2022,37451.1
A,CP_PPS_EU27_2020_HAB,B1GQ,MT,2023,41830.7
A,CP_PPS_EU27_2020_HAB,B1GQ,MT,2024,43805.0
A,CP_PPS_EU27_2020_HAB,B1GQ,NL,2015,36639.1
A,CP_PPS_EU27_2020_HAB,B1GQ,NL,2016,36929.7
A,CP_PPS_EU27_2020_HAB,B1GQ,NL,2017,38491.7
A,CP_PPS_EU27_2020_HAB,B1GQ,NL,2018,39886.4
A,CP_PPS_EU27_2020_HAB,B1GQ,NL,2019,40548.0
A,CP_PPS_EU27_2020_HAB,B1GQ,NL,2020,39986.8
A,CP_PPS_EU27_2020_HAB,B1GQ,NL,2021,43741.8
A,CP_PPS_EU27_2020_HAB,B1GQ,NL,2022,48540.1
A,CP_PPS_EU27_2020_HAB,B1GQ,NL,2023,50216.4
A,CP_PPS_EU27_2020_HAB,B1GQ,NL,2024,53149.4
A,CP_PPS_EU27_2020_HAB,B1GQ,PL,2015,19407.7
A,CP_PPS_EU27_2020_HAB,B1GQ,PL,2016,19706.9
A,CP_PPS_EU27_2020_HAB,B1GQ,PL,2017,20730.1
A,CP_PPS_EU27_2020_HAB,B1GQ,PL,2018,21945.0
A,CP_PPS_EU27_2020_HAB,B1GQ,PL,2019,23348.0
A,CP_PPS_EU27_2020_HAB,B1GQ,PL,2020,23916.5
A,CP_PPS_EU27_2020_HAB,B1GQ,PL,2021,26197.3
A,CP_PPS_EU27_2020_HAB,B1GQ,PL,2022,28144.8
A,CP_PPS_EU27_2020_HAB,B1GQ,PL,2023,29519.6
A,CP_PPS_EU27_2020_HAB,B1GQ,PL,2024,31463.0
A,CP_PPS_EU27_2020_HAB,B1GQ,PT,2015,21240.3
A,CP_PPS_EU27_2020_HAB,B1GQ,PT,2016,21877.6
A,CP_PPS_EU27_2020_HAB,B1GQ,PT,2017,22559.7
A,CP_PPS_EU27_2020_HAB,B1GQ,PT,2018,23548.4
A,CP_PPS_EU27_2020_HAB,B1GQ,PT,2019,24464.9
A,CP_PPS_EU27_2020_HAB,B1GQ,PT,2020,22782.1
A,CP_PPS_EU27_2020_HAB,B1GQ,PT,2021,24550.2
A,CP_PPS_EU27_2020_HAB,B1GQ,PT,2022,27841.5
A,CP_PPS_EU27_2020_HAB,B1GQ,PT,2023,31107.5
A,CP_PPS_EU27_2020_HAB,B1GQ,PT,2024,32937.1
A,CP_PPS_EU27_2020_HAB,B1GQ,RO,2015,15543.5
A,CP_PPS_EU27_2020_HAB,B1GQ,RO,2016,16602.2
A,CP_PPS_EU27_2020_HAB,B1GQ,RO,2017,18502.8
A,CP_PPS_EU27_2020_HAB,B1GQ,RO,2018,19915.4
A,CP_PPS_EU27_2020_HAB,B1GQ,RO,2019,21713.9
A,CP_PPS_EU27_2020_HAB,B1GQ,RO,2020,21808.9
A,CP_PPS_EU27_2020_HAB,B1GQ,RO,2021,23919.2
A,CP_PPS_EU27_2020_HAB,B1GQ,RO,2022,25908.1
A,CP_PPS_EU27_2020_HAB,B1GQ,RO,2023,28715.8
A,CP_PPS_EU27_2020_HAB,B1GQ,RO,2024,30769.5
A,CP_PPS_EU27_2020_HAB,B1GQ,SE,2015,35062.0
A,CP_PPS_EU27_2020_HAB,B1GQ,SE,2016,34881.8
A,CP_PPS_EU27_2020_HAB,B1GQ,SE,2017,35296.2
A,CP_PPS_EU27_2020_HAB,B1GQ,SE,2018,35915.6
A,CP_PPS_EU27_2020_HAB,B1GQ,SE,2019,36994.5
A,CP_PPS_EU27_2020_HAB,B1GQ,SE,2020,36665.9
A,CP_PPS_EU27_2020_HAB,B1GQ,SE,2021,39670.2
A,CP_PPS_EU27_2020_HAB,B1GQ,SE,2022,40905.8
A,CP_PPS_EU27_2020_HAB,B1GQ,SE,2023,42508.5
A,CP_PPS_EU27_2020_HAB,B1GQ,SE,2024,44772.2
A,CP_PPS_EU27_2020_HAB,B1GQ,SI,2015,22534.2
A,CP_PPS_EU27_2020_HAB,B1GQ,SI,2016,23327.5
A,CP_PPS_EU27_2020_HAB,B1GQ,SI,2017,24858.0
A,CP_PPS_EU27_2020_HAB,B1GQ,SI,2018,26214.2
A,CP_PPS_EU27_2020_HAB,B1GQ,SI,2019,27550.6
A,CP_PPS_EU27_2020_HAB,B1GQ,SI,2020,26676.9
A,CP_PPS_EU27_2020_HAB,B1GQ,SI,2021,29298.0
A,CP_PPS_EU27_2020_HAB,B1GQ,SI,2022,32351.9
A,CP_PPS_EU27_2020_HAB,B1GQ,SI,2023,35110.5
A,CP_PPS_EU27_2020_HAB,B1GQ,SI,2024,36150.6
A,CP_PPS_EU27_2020_HAB,B1GQ,SK,2015,21683.1
A,CP_PPS_EU27_2020_HAB,B1GQ,SK,2016,20747.7
A,CP_PPS_EU27_2020_HAB,B1GQ,SK,2017,20778.3
A,CP_PPS_EU27_2020_HAB,B1GQ,SK,2018,21370.9
A,CP_PPS_EU27_2020_HAB,B1GQ,SK,2019,22107.4
A,CP_PPS_EU27_2020_HAB,B1GQ,SK,2020,22561.3
A,CP_PPS_EU27_2020_HAB,B1GQ,SK,2021,24479.7
A,CP_PPS_EU27_2020_HAB,B1GQ,SK,2022,25517.5
A,CP_PPS_EU27_2020_HAB,B1GQ,SK,2023,28487.6
A,CP_PPS_EU27_2020_HAB,B1GQ,SK,2024,29808.2
A,CP_PPS_EU27_2020_HAB,P41,AT,2015,23093.3
A,CP_PPS_EU27_2020_HAB,P41,AT,2016,23408.9
A,CP_PPS_EU27_2020_HAB,P41,AT,2017,23882.3
A,CP_PPS_EU27_2020_HAB,P41,AT,2018,24516.7
A,CP_PPS_EU27_2020_HAB,P41,AT,2019,24965.0
A,CP_PPS_EU27_2020_HAB,P41,AT,2020,23604.3
A,CP_PPS_EU27_2020_HAB,P41,AT,2021,25686.7
A,CP_PPS_EU27_2020_HAB,P41,AT,2022,28670.4
A,CP_PPS_EU27_2020_HAB,P41,AT,2023,30138.3
A,CP_PPS_EU27_2020_HAB,P41,AT,2024,31379.6
A,CP_PPS_EU27_2020_HAB,P41,BE,2015,22339.7
A,CP_PPS_EU27_2020_HAB,P41,BE,2016,22670.2
A,CP_PPS_EU27_2020_HAB,P41,BE,2017,23338.4
A,CP_PPS_EU27_2020_HAB,P41,BE,2018,24076.4
A,CP_PPS_EU27_2020_HAB,P41,BE,2019,24638.0
A,CP_PPS_EU27_2020_HAB,P41,BE,2020,23612.1
A,CP_PPS_EU27_2020_HAB,P41,BE,2021,25314.9
A,CP_PPS_EU27_2020_HAB,P41,BE,2022,28396.9
A,CP_PPS_EU27_2020_HAB,P41,BE,2023,30338.0
A,CP_PPS_EU27_2020_HAB,P41,BE,2024,31479.6
A,CP_PPS_EU27_2020_HAB,P41,BG,2015,9522.7
A,CP_PPS_EU27_2020_HAB,P41,BG,2016,9841.1
A,CP_PPS_EU27_2020_HAB,P41,BG,2017,10396.1
A,CP_PPS_EU27_2020_HAB,P41,BG,2018,11035.1
A,CP_PPS_EU27_2020_HAB,P41,BG,2019,11743.7
A,CP_PPS_EU27_2020_HAB,P41,BG,2020,11830.3
A,CP_PPS_EU27_2020_HAB,P41,BG,2021,13391.8
A,CP_PPS_EU27_2020_HAB,P41,BG,2022,15053.2
A,CP_PPS_EU27_2020_HAB,P41,BG,2023,16312.1
A,CP_PPS_EU27_2020_HAB,P41,BG,2024,17891.3
A,CP_PPS_EU27_2020_HAB,P41,CY,2015,16985.7
A,CP_PPS_EU27_2020_HAB,P41,CY,2016,17860.7
A,CP_PPS_EU27_2020_HAB,P41,CY,2017,18817.7
A,CP_PPS_EU27_2020_HAB,P41,CY,2018,19647.8
A,CP_PPS_EU27_2020_HAB,P41,CY,2019,20649.1
A,CP_PPS_EU27_2020_HAB,P41,CY,2020,19596.4
A,CP_PPS_EU27_2020_HAB,P41,CY,2021,20565.0
A,CP_PPS_EU27_2020_HAB,P41,CY,2022,23490.7
A,CP_PPS_EU27_2020_HAB,P41,CY,2023,25642.3
A,CP_PPS_EU27_2020_HAB,P41,CY,2024,26819.7
A,CP_PPS_EU27_2020_HAB,P41,CZ,2015,14337.0
A,CP_PPS_EU27_2020_HAB,P41,CZ,2016,14877.5
A,CP_PPS_EU27_2020_HAB,P41,CZ,2017,15970.1
A,CP_PPS_EU27_2020_HAB,P41,CZ,2018,16924.2
A,CP_PPS_EU27_2020_HAB,P41,CZ,2019,17698.6
A,CP_PPS_EU27_2020_HAB,P41,CZ,2020,17275.5
A,CP_PPS_EU27_2020_HAB,P41,CZ,2021,18132.8
A,CP_PPS_EU27_2020_HAB,P41,CZ,2022,19418.0
A,CP_PPS_EU27_2020_HAB,P41,CZ,2023,20493.2
A,CP_PPS_EU27_2020_HAB,P41,CZ,2024,21409.1
A,CP_PPS_EU27_2020_HAB,P41,DE,2015,23145.7
A,CP_PPS_EU27_2020_HAB,P41,DE,2016,23816.8
A,CP_PPS_EU27_2020_HAB,P41,DE,2017,24570.0
A,CP_PPS_EU27_2020_HAB,P41,DE,2018,25355.0
A,CP_PPS_EU27_2020_HAB,P41,DE,2019,25825.6
A,CP_PPS_EU27_2020_HAB,P41,DE,2020,24947.9
A,CP_PPS_EU27_2020_HAB,P41,DE,2021,26407.6
A,CP_PPS_EU27_2020_HAB,P41,DE,2022,29139.1
A,CP_PPS_EU27_2020_HAB,P41,DE,2023,30234.5
A,CP_PPS_EU27_2020_HAB,P41,DE,2024,31609.8
A,CP_PPS_EU27_2020_HAB,P41,DK,2015,23061.2
A,CP_PPS_EU27_2020_HAB,P41,DK,2016,23446.3
A,CP_PPS_EU27_2020_HAB,P41,DK,2017,24479.3
A,CP_PPS_EU27_2020_HAB,P41,DK,2018,25301.7
A,CP_PPS_EU27_2020_HAB,P41,DK,2019,25569.9
A,CP_PPS_EU27_2020_HAB,P41,DK,2020,25739.5
A,CP_PPS_EU27_2020_HAB,P41,DK,2021,27852.1
A,CP_PPS_EU27_2020_HAB,P41,DK,2022,28675.2
A,CP_PPS_EU27_2020_HAB,P41,DK,2023,29375.7
A,CP_PPS_EU27_2020_HAB,P41,DK,2024,30354.4
A,CP_PPS_EU27_2020_HAB,P41,EE,2015,13380.0
A,CP_PPS_EU27_2020_HAB,P41,EE,2016,13928.1
A,CP_PPS_EU27_2020_HAB,P41,EE,2017,14548.7
A,CP_PPS_EU27_2020_HAB,P41,EE,2018,15516.2
A,CP_PPS_EU27_2020_HAB,P41,EE,2019,16237.7
A,CP_PPS_EU27_2020_HAB,P41,EE,2020,16246.2
A,CP_PPS_EU27_2020_HAB,P41,EE,2021,17468.6
A,CP_PPS_EU27_2020_HAB,P41,EE,2022,19162.1
A,CP_PPS_EU27_2020_HAB,P41,EE,2023,20022.2
A,CP_PPS_EU27_2020_HAB,P41,EE,2024,20763.0
A,CP_PPS_EU27_2020_HAB,P41,EL,2015,14769.7
A,CP_PPS_EU27_2020_HAB,P41,EL,2016,14785.5
A,CP_PPS_EU27_2020_HAB,P41,EL,2017,15372.2
A,CP_PPS_EU27_2020_HAB,P41,EL,2018,15833.2
A,CP_PPS_EU27_2020_HAB,P41,EL,2019,16372.1
A,CP_PPS_EU27_2020_HAB,P41,EL,2020,15474.7
A,CP_PPS_EU27_2020_HAB,P41,EL,2021,16771.9
A,CP_PPS_EU27_2020_HAB,P41,EL,2022,19402.0
A,CP_PPS_EU27_2020_HAB,P41,EL,2023,20701.1
A,CP_PPS_EU27_2020_HAB,P41,EL,2024,21309.9
A,CP_PPS_EU27_2020_HAB,P41,ES,2015,17581.9
A,CP_PPS_EU27_2020_HAB,P41,ES,2016,18045.3
A,CP_PPS_EU27_2020_HAB,P41,ES,2017,18938.2
A,CP_PPS_EU27_2020_HAB,P41,ES,2018,19208.8
A,CP_PPS_EU27_2020_HAB,P41,ES,2019,19626.2
A,CP_PPS_EU27_2020_HAB,P41,ES,2020,17386.0
A,CP_PPS_EU27_2020_HAB,P41,ES,2021,19479.0
A,CP_PPS_EU27_2020_HAB,P41,ES,2022,21735.1
A,CP_PPS_EU27_2020_HAB,P41,ES,2023,23349.0
A,CP_PPS_EU27_2020_HAB,P41,ES,2024,24394.9
A,CP_PPS_EU27_2020_HAB,P41,FI,2015,21426.5
A,CP_PPS_EU27_2020_HAB,P41,FI,2016,21668.6
A,CP_PPS_EU27_2020_HAB,P41,FI,2017,22078.3
A,CP_PPS_EU27_2020_HAB,P41,FI,2018,22644.7
A,CP_PPS_EU27_2020_HAB,P41,FI,2019,22902.2
A,CP_PPS_EU27_2020_HAB,P41,FI,2020,22799.5
A,CP_PPS_EU27_2020_HAB,P41,FI,2021,24376.2
A,CP_PPS_EU27_2020_HAB,P41,FI,2022,25703.8
A,CP_PPS_EU27_2020_HAB,P41,FI,2023,27599.2
A,CP_PPS_EU27_2020_HAB,P41,FI,2024,28516.3
A,CP_PPS_EU27_2020_HAB,P41,FR,2015,20603.5
A,CP_PPS_EU27_2020_HAB,P41,FR,2016,20943.3
A,CP_PPS_EU27_2020_HAB,P41,FR,2017,21396.0
A,CP_PPS_EU27_2020_HAB,P41,FR,2018,21964.4
A,CP_PPS_EU27_2020_HAB,P41,FR,2019,22999.0
A,CP_PPS_EU27_2020_HAB,P41,FR,2020,22048.7
A,CP_PPS_EU27_2020_HAB,P41,FR,2021,23127.5
A,CP_PPS_EU27_2020_HAB,P41,FR,2022,24599.7
A,CP_PPS_EU27_2020_HAB,P41,FR,2023,26696.6
A,CP_PPS_EU27_2020_HAB,P41,FR,2024,27457.0
A,CP_PPS_EU27_2020_HAB,P41,HR,2015,11850.9
A,CP_PPS_EU27_2020_HAB,P41,HR,2016,12267.4
A,CP_PPS_EU27_2020_HAB,P41,HR,2017,13015.9
A,CP_PPS_EU27_2020_HAB,P41,HR,2018,13705.5
A,CP_PPS_EU27_2020_HAB,P41,HR,2019,14594.1
A,CP_PPS_EU27_2020_HAB,P41,HR,2020,14484.6
A,CP_PPS_EU27_2020_HAB,P41,HR,2021,16491.0
A,CP_PPS_EU27_2020_HAB,P41,HR,2022,18210.2
A,CP_PPS_EU27_2020_HAB,P41,HR,2023,20127.2
A,CP_PPS_EU27_2020_HAB,P41,HR,2024,21539.9
A,CP_PPS_EU27_2020_HAB,P41,HU,2015,11306.4
A,CP_PPS_EU27_2020_HAB,P41,HU,2016,11637.7
A,CP_PPS_EU27_2020_HAB,P41,HU,2017,12215.7
A,CP_PPS_EU27_2020_HAB,P41,HU,2018,12790.8
A,CP_PPS_EU27_2020_HAB,P41,HU,2019,13462.2
A,CP_PPS_EU27_2020_HAB,P41,HU,2020,13491.7
A,CP_PPS_EU27_2020_HAB,P41,HU,2021,14461.8
A,CP_PPS_EU27_2020_HAB,P41,HU,2022,16292.2
A,CP_PPS_EU27_2020_HAB,P41,HU,2023,16880.1
A,CP_PPS_EU27_2020_HAB,P41,HU,2024,18552.9
A,CP_PPS_EU27_2020_HAB,P41,IE,2015,20468.9
A,CP_PPS_EU27_2020_HAB,P41,IE,2016,20883.2
A,CP_PPS_EU27_2020_HAB,P41,IE,2017,21366.7
A,CP_PPS_EU27_2020_HAB,P41,IE,2018,22316.0
A,CP_PPS_EU27_2020_HAB,P41,IE,2019,22173.1
A,CP_PPS_EU27_2020_HAB,P41,IE,2020,20727.3
A,CP_PPS_EU27_2020_HAB,P41,IE,2021,23488.2
A,CP_PPS_EU27_2020_HAB,P41,IE,2022,27050.1
A,CP_PPS_EU27_2020_HAB,P41,IE,2023,29284.4
A,CP_PPS_EU27_2020_HAB,P41,IE,2024,30622.7
A,CP_PPS_EU27_2020_HAB,P41,IT,2015,19313.2
A,CP_PPS_EU27_2020_HAB,P41,IT,2016,19964.8
A,CP_PPS_EU27_2020_HAB,P41,IT,2017,20577.8
A,CP_PPS_EU27_2020_HAB,P41,IT,2018,20980.8
A,CP_PPS_EU27_2020_HAB,P41,IT,2019,21406.4
A,CP_PPS_EU27_2020_HAB,P41,IT,2020,19839.6
A,CP_PPS_EU27_2020_HAB,P41,IT,2021,21576.4
A,CP_PPS_EU27_2020_HAB,P41,IT,2022,24554.1
A,CP_PPS_EU27_2020_HAB,P41,IT,2023,25657.3
A,CP_PPS_EU27_2020_HAB,P41,IT,2024,26638.5
A,CP_PPS_EU27_2020_HAB,P41,LT,2015,14729.4
A,CP_PPS_EU27_2020_HAB,P41,LT,2016,15341.4
A,CP_PPS_EU27_2020_HAB,P41,LT,2017,16243.5
A,CP_PPS_EU27_2020_HAB,P41,LT,2018,17087.4
A,CP_PPS_EU27_2020_HAB,P41,LT,2019,17999.4
A,CP_PPS_EU27_2020_HAB,P41,LT,2020,17653.6
A,CP_PPS_EU27_2020_HAB,P41,LT,2021,19590.7
A,CP_PPS_EU27_2020_HAB,P41,LT,2022,21102.0
A,CP_PPS_EU27_2020_HAB,P41,LT,2023,21947.9
A,CP_PPS_EU27_2020_HAB,P41,LT,2024,23259.0
A,CP_PPS_EU27_2020_HAB,P41,LU,2015,32740.4
A,CP_PPS_EU27_2020_HAB,P41,LU,2016,33041.0
A,CP_PPS_EU27_2020_HAB,P41,LU,2017,33906.5
A,CP_PPS_EU27_2020_HAB,P41,LU,2018,34603.1
A,CP_PPS_EU27_2020_HAB,P41,LU,2019,34793.5
A,CP_PPS_EU27_2020_HAB,P41,LU,2020,32429.9
A,CP_PPS_EU27_2020_HAB,P41,LU,2021,35615.9
A,CP_PPS_EU27_2020_HAB,P41,LU,2022,39260.1
A,CP_PPS_EU27_2020_HAB,P41,LU,2023,41830.6
A,CP_PPS_EU27_2020_HAB,P41,LU,2024,43699.3
A,CP_PPS_EU27_2020_HAB,P41,LV,2015,11643.3
A,CP_PPS_EU27_2020_HAB,P41,LV,2016,12193.4
A,CP_PPS_EU27_2020_HAB,P41,LV,2017,12881.1
A,CP_PPS_EU27_2020_HAB,P41,LV,2018,13535.4
A,CP_PPS_EU27_2020_HAB,P41,LV,2019,13933.3
A,CP_PPS_EU27_2020_HAB,P41,LV,2020,13576.0
A,CP_PPS_EU27_2020_HAB,P41,LV,2021,15658.9
A,CP_PPS_EU27_2020_HAB,P41,LV,2022,17327.4
A,CP_PPS_EU27_2020_HAB,P41,LV,2023,18304.1
A,CP_PPS_EU27_2020_HAB,P41,LV,2024,19157.8
A,CP_PPS_EU27_2020_HAB,P41,MT,2015,16230.4
A,CP_PPS_EU27_2020_HAB,P41,MT,2016,16494.2
A,CP_PPS_EU27_2020_HAB,P41,MT,2017,17037.5
A,CP_PPS_EU27_2020_HAB,P41,MT,2018,18006.3
A,CP_PPS_EU27_2020_HAB,P41,MT,2019,18707.2
A,CP_PPS_EU27_2020_HAB,P41,MT,2020,17380.8
A,CP_PPS_EU27_2020_HAB,P41,MT,2021,18881.2
A,CP_PPS_EU27_2020_HAB,P41,MT,2022,20280.4
A,CP_PPS_EU27_2020_HAB,P41,MT,2023,23353.6
A,CP_PPS_EU27_2020_HAB,P41,MT,2024,24452.5
A,CP_PPS_EU27_2020_HAB,P41,NL,2015,22810.0
A,CP_PPS_EU27_2020_HAB,P41,NL,2016,22703.8
A,CP_PPS_EU27_2020_HAB,P41,NL,2017,23638.5
A,CP_PPS_EU27_2020_HAB,P41,NL,2018,24461.9
A,CP_PPS_EU27_2020_HAB,P41,NL,2019,24584.2
A,CP_PPS_EU27_2020_HAB,P41,NL,2020,24051.6
A,CP_PPS_EU27_2020_HAB,P41,NL,2021,26278.2
A,CP_PPS_EU27_2020_HAB,P41,NL,2022,29426.6
A,CP_PPS_EU27_2020_HAB,P41,NL,2023,31056.8
A,CP_PPS_EU27_2020_HAB,P41,NL,2024,32491.2
A,CP_PPS_EU27_2020_HAB,P41,PL,2015,13384.2
A,CP_PPS_EU27_2020_HAB,P41,PL,2016,13575.4
A,CP_PPS_EU27_2020_HAB,P41,PL,2017,14367.3
A,CP_PPS_EU27_2020_HAB,P41,PL,2018,15060.5
A,CP_PPS_EU27_2020_HAB,P41,PL,2019,15778.5
A,CP_PPS_EU27_2020_HAB,P41,PL,2020,16012.3
A,CP_PPS_EU27_2020_HAB,P41,PL,2021,17531.9
A,CP_PPS_EU27_2020_HAB,P41,PL,2022,19189.4
A,CP_PPS_EU27_2020_HAB,P41,PL,2023,20101.3
A,CP_PPS_EU27_2020_HAB,P41,PL,2024,21610.1
A,CP_PPS_EU27_2020_HAB,P41,PT,2015,15936.2
A,CP_PPS_EU27_2020_HAB,P41,PT,2016,16332.4
A,CP_PPS_EU27_2020_HAB,P41,PT,2017,16604.9
A,CP_PPS_EU27_2020_HAB,P41,PT,2018,17246.3
A,CP_PPS_EU27_2020_HAB,P41,PT,2019,17927.9
A,CP_PPS_EU27_2020_HAB,P41,PT,2020,16927.2
A,CP_PPS_EU27_2020_HAB,P41,PT,2021,18210.3
A,CP_PPS_EU27_2020_HAB,P41,PT,2022,20584.0
A,CP_PPS_EU27_2020_HAB,P41,PT,2023,22201.7
A,CP_PPS_EU27_2020_HAB,P41,PT,2024,23356.1
A,CP_PPS_EU27_2020_HAB,P41,RO,2015,10554.7
A,CP_PPS_EU27_2020_HAB,P41,RO,2016,11483.2
A,CP_PPS_EU27_2020_HAB,P41,RO,2017,12952.5
A,CP_PPS_EU27_2020_HAB,P41,RO,2018,14157.9
A,CP_PPS_EU27_2020_HAB,P41,RO,2019,15281.6
A,CP_PPS_EU27_2020_HAB,P41,RO,2020,15181.0
A,CP_PPS_EU27_2020_HAB,P41,RO,2021,16617.0
A,CP_PPS_EU27_2020_HAB,P41,RO,2022,18368.7
A,CP_PPS_EU27_2020_HAB,P41,RO,2023,19918.5
A,CP_PPS_EU27_2020_HAB,P41,RO,2024,21712.3
A,CP_PPS_EU27_2020_HAB,P41,SE,2015,23147.4
A,CP_PPS_EU27_2020_HAB,P41,SE,2016,23161.3
A,CP_PPS_EU27_2020_HAB,P41,SE,2017,23409.6
A,CP_PPS_EU27_2020_HAB,P41,SE,2018,23794.4
A,CP_PPS_EU27_2020_HAB,P41,SE,2019,23994.3
A,CP_PPS_EU27_2020_HAB,P41,SE,2020,23663.2
A,CP_PPS_EU27_2020_HAB,P41,SE,2021,25409.0
A,CP_PPS_EU27_2020_HAB,P41,SE,2022,26378.9
A,CP_PPS_EU27_2020_HAB,P41,SE,2023,27487.1
A,CP_PPS_EU27_2020_HAB,P41,SE,2024,28736.0
A,CP_PPS_EU27_2020_HAB,P41,SI,2015,14589.1
A,CP_PPS_EU27_2020_HAB,P41,SI,2016,15090.3
A,CP_PPS_EU27_2020_HAB,P41,SI,2017,15714.7
A,CP_PPS_EU27_2020_HAB,P41,SI,2018,16408.2
A,CP_PPS_EU27_2020_HAB,P41,SI,2019,17397.6
A,CP_PPS_EU27_2020_HAB,P41,SI,2020,16737.7
A,CP_PPS_EU27_2020_HAB,P41,SI,2021,18918.4
A,CP_PPS_EU27_2020_HAB,P41,SI,2022,21217.5
A,CP_PPS_EU27_2020_HAB,P41,SI,2023,22124.8
A,CP_PPS_EU27_2020_HAB,P41,SI,2024,23226.4
A,CP_PPS_EU27_2020_HAB,P41,SK,2015,13447.6
A,CP_PPS_EU27_2020_HAB,P41,SK,2016,13054.7
A,CP_PPS_EU27_2020_HAB,P41,SK,2017,13401.5
A,CP_PPS_EU27_2020_HAB,P41,SK,2018,13755.4
A,CP_PPS_EU27_2020_HAB,P41,SK,2019,14406.7
A,CP_PPS_EU27_2020_HAB,P41,SK,2020,15094.5
A,CP_PPS_EU27_2020_HAB,P41,SK,2021,16235.4
A,CP_PPS_EU27_2020_HAB,P41,SK,2022,18254.3
A,CP_PPS_EU27_2020_HAB,P41,SK,2023,19430.1
A,CP_PPS_EU27_2020_HAB,P41,SK,2024,20598.1
