freq,siec,nrg_cons,unit,tax,currency,geo,time,value
S,E7000,KWH2500-4999,KWH,I_TAX,EUR,AT,2007-S2,0.174
S,E7000,KWH2500-4999,KWH,I_TAX,EUR,AT,2008-S1,0.1779
S,E7000,KWH2500-4999,KWH,I_TAX,EUR,AT,2008-S2,0.1772
S,E7000,KWH2500-4999,KWH,I_TAX,EUR,AT,2009-S1,0.1909
S,E7000,KWH2500-4999,KWH,I_TAX,EUR,AT,2009-S2,0.1909
S,E7000,KWH2500-4999,KWH,I_TAX,EUR,AT,2010-S1,0.1967
S,E7000,KWH2500-4999,KWH,I_TAX,EUR,AT,2010-S2,0.193
S,E7000,KWH2500-4999,KWH,I_TAX,EUR,AT,2011-S1,0.1986
S,E7000,KWH2500-4999,KWH,I_TAX,EUR,AT,2011-S2,0.1965
S,E7000,KWH2500-4999,KWH,I_TAX,EUR,AT,2012-S1,0.1975
S,E7000,KWH2500-4999,KWH,I_TAX,EUR,AT,2012-S2,0.2024
S,E7000,KWH2500-4999,KWH,I_TAX,EUR,AT,2013-S1,0.2082
S,E7000,KWH2500-4999,KWH,I_TAX,EUR,AT,2013-S2,0.2018
S,E7000,KWH2500-4999,KWH,I_TAX,EUR,AT,2014-S1,0.2021
S,E7000,KWH2500-4999,KWH,I_TAX,EUR,AT,2014-S2,0.1987
S,E7000,KWH2500-4999,KWH,I_TAX,EUR,AT,2015-S1,0.2009
S,E7000,KWH2500-4999,KWH,I_TAX,EUR,AT,2015-S2,0.1983
S,E7000,KWH2500-4999,KWH,I_TAX,EUR,AT,2016-S1,0.2034
S,E7000,KWH2500-4999,KWH,I_TAX,EUR,AT,2016-S2,0.201
S,E7000,KWH2500-4999,KWH,I_TAX,EUR,AT,2017-S1,0.195
S,E7000,KWH2500-4999,KWH,I_TAX,EUR,AT,2017-S2,0.1978
S,E7000,KWH2500-4999,KWH,I_TAX,EUR,AT,2018-S1,0.1966
S,E7000,KWH2500-4999,KWH,I_TAX,EUR,AT,2018-S2,0.2012
S,E7000,KWH2500-4999,KWH,I_TAX,EUR,AT,2019-S1,0.2034
S,E7000,KWH2500-4999,KWH,I_TAX,EUR,AT,2019-S2,0.2074
S,E7000,KWH2500-4999,KWH,I_TAX,EUR,AT,2020-S1,0.2111
S,E7000,KWH2500-4999,KWH,I_TAX,EUR,AT,2020-S2,0.2167
S,E7000,KWH2500-4999,KWH,I_TAX,EUR,AT,2021-S1,0.2216
S,E7000,KWH2500-4999,KWH,I_TAX,EUR,AT,2021-S2,0.2285
S,E7000,KWH2500-4999,KWH,I_TAX,EUR,AT,2022-S1,0.2249
S,E7000,KWH2500-4999,KWH,I_TAX,EUR,AT,2022-S2,0.237
S,E7000,KWH2500-4999,KWH,I_TAX,EUR,AT,2023-S1,0.2653
S,E7000,KWH2500-4999,KWH,I_TAX,EUR,AT,2023-S2,0.2748
S,E7000,KWH2500-4999,KWH,I_TAX,EUR,AT,2024-S1,0.2731
S,E7000,KWH2500-4999,KWH,I_TAX,EUR,AT,2024-S2,0.2437
S,E7000,KWH2500-4999,KWH,I_TAX,EUR,AT,2025-S1,0.2905
S,E7000,KWH2500-4999,KWH,I_TAX,EUR,AT,2025-S2,0.3272
S,E7000,KWH2500-4999,KWH,I_TAX,EUR,BE,2007-S2,0.1683
S,E7000,KWH2500-4999,KWH,I_TAX,EUR,BE,2008-S1,0.1972
S,E7000,KWH2500-4999,KWH,I_TAX,EUR,BE,2008-S2,0.2152
S,E7000,KWH2500-4999,KWH,I_TAX,EUR,BE,2009-S1,0.1916
S,E7000,KWH2500-4999,KWH,I_TAX,EUR,BE,2009-S2,0.1864
S,E7000,KWH2500-4999,KWH,I_TAX,EUR,BE,2010-S1,0.1959
S,E7000,KWH2500-4999,KWH,I_TAX,EUR,BE,2010-S2,0.1974
S,E7000,KWH2500-4999,KWH,I_TAX,EUR,BE,2011-S1,0.2136
S,E7000,KWH2500-4999,KWH,I_TAX,EUR,BE,2011-S2,0.2119
S,E7000,KWH2500-4999,KWH,I_TAX,EUR,BE,2012-S1,0.2327
S,E7000,KWH2500-4999,KWH,I_TAX,EUR,BE,2012-S2,0.2223
S,E7000,KWH2500-4999,KWH,I_TAX,EUR,BE,2013-S1,0.2173
S,E7000,KWH2500-4999,KWH,I_TAX,EUR,BE,2013-S2,0.2215
S,E7000,KWH2500-4999,KWH,I_TAX,EUR,BE,2014-S1,0.2097
S,E7000,KWH2500-4999,KWH,I_TAX,EUR,BE,2014-S2,0.2043
S,E7000,KWH2500-4999,KWH,I_TAX,EUR,BE,2015-S1,0.2126
S,E7000,KWH2500-4999,KWH,I_TAX,EUR,BE,2015-S2,0.2352
S,E7000,KWH2500-4999,KWH,I_TAX,EUR,BE,2016-S1,0.2544
S,E7000,KWH2500-4999,KWH,I_TAX,EUR,BE,2016-S2,0.2745
S,E7000,KWH2500-4999,KWH,I_TAX,EUR,BE,2017-S1,0.2857
S,E7000,KWH2500-4999,KWH,I_TAX,EUR,BE,2017-S2,0.2877
S,E7000,KWH2500-4999,KWH,I_TAX,EUR,BE,2018-S1,0.2824
S,E7000,KWH2500-4999,KWH,I_TAX,EUR,BE,2018-S2,0.2936
S,E7000,KWH2500-4999,KWH,I_TAX,EUR,BE,2019-S1,0.2839
S,E7000,KWH2500-4999,KWH,I_TAX,EUR,BE,2019-S2,0.286
S,E7000,KWH2500-4999,KWH,I_TAX,EUR,BE,2020-S1,0.2792
S,E7000,KWH2500-4999,KWH,I_TAX,EUR,BE,2020-S2,0.2702
S,E7000,KWH2500-4999,KWH,I_TAX,EUR,BE,2021-S1,0.2702
S,E7000,KWH2500-4999,KWH,I_TAX,EUR,BE,2021-S2,0.2994
S,E7000,KWH2500-4999,KWH,I_TAX,EUR,BE,2022-S1,0.3437
S,E7000,KWH2500-4999,KWH,I_TAX,EUR,BE,2022-S2,0.4489
S,E7000,KWH2500-4999,KWH,I_TAX,EUR,BE,2023-S1,0.435
S,E7000,KWH2500-4999,KWH,I_TAX,EUR,BE,2023-S2,0.3778
S,E7000,KWH2500-4999,KWH,I_TAX,EUR,BE,2024-S1,0.3354
S,E7000,KWH2500-4999,KWH,I_TAX,EUR,BE,2024-S2,0.3313
S,E7000,KWH2500-4999,KWH,I_TAX,EUR,BE,2025-S1,0.3571
S,E7000,KWH2500-4999,KWH,I_TAX,EUR,BE,2025-S2,0.3499
S,E7000,KWH2500-4999,KWH,I_TAX,EUR,BG,2007-S2,0.0721
S,E7000,KWH2500-4999,KWH,I_TAX,EUR,BG,2008-S1,0.0711
S,E7000,KWH2500-4999,KWH,I_TAX,EUR,BG,2008-S2,0.0823
S,E7000,KWH2500-4999,KWH,I_TAX,EUR,BG,2009-S1,0.0823
S,E7000,KWH2500-4999,KWH,I_TAX,EUR,BG,2009-S2,0.0818
S,E7000,KWH2500-4999,KWH,I_TAX,EUR,BG,2010-S1,0.0813
S,E7000,KWH2500-4999,KWH,I_TAX,EUR,BG,2010-S2,0.083
S,E7000,KWH2500-4999,KWH,I_TAX,EUR,BG,2011-S1,0.0826
S,E7000,KWH2500-4999,KWH,I_TAX,EUR,BG,2011-S2,0.0874
S,E7000,KWH2500-4999,KWH,I_TAX,EUR,BG,2012-S1,0.0846
S,E7000,KWH2500-4999,KWH,I_TAX,EUR,BG,2012-S2,0.0955
S,E7000,KWH2500-4999,KWH,I_TAX,EUR,BG,2013-S1,0.0924
S,E7000,KWH2500-4999,KWH,I_TAX,EUR,BG,2013-S2,0.0882
S,E7000,KWH2500-4999,KWH,I_TAX,EUR,BG,2014-S1,0.0832
S,E7000,KWH2500-4999,KWH,I_TAX,EUR,BG,2014-S2,0.0895
S,E7000,KWH2500-4999,KWH,I_TAX,EUR,BG,2015-S1,0.0942
S,E7000,KWH2500-4999,KWH,I_TAX,EUR,BG,2015-S2,0.0957
S,E7000,KWH2500-4999,KWH,I_TAX,EUR,BG,2016-S1,0.0956
S,E7000,KWH2500-4999,KWH,I_TAX,EUR,BG,2016-S2,0.0938
S,E7000,KWH2500-4999,KWH,I_TAX,EUR,BG,2017-S1,0.0955
S,E7000,KWH2500-4999,KWH,I_TAX,EUR,BG,2017-S2,0.0983
S,E7000,KWH2500-4999,KWH,I_TAX,EUR,BG,2018-S1,0.0979
S,E7000,KWH2500-4999,KWH,I_TAX,EUR,BG,2018-S2,0.1005
S,E7000,KWH2500-4999,KWH,I_TAX,EUR,BG,2019-S1,0.0997
S,E7000,KWH2500-4999,KWH,I_TAX,EUR,BG,2019-S2,0.0958
S,E7000,KWH2500-4999,KWH,I_TAX,EUR,BG,2020-S1,0.0997
S,E7000,KWH2500-4999,KWH,I_TAX,EUR,BG,2020-S2,0.0982
S,E7000,KWH2500-4999,KWH,I_TAX,EUR,BG,2021-S1,0.1024
S,E7000,KWH2500-4999,KWH,I_TAX,EUR,BG,2021-S2,0.1091
S,E7000,KWH2500-4999,KWH,I_TAX,EUR,BG,2022-S1,0.1093
S,E7000,KWH2500-4999,KWH,I_TAX,EUR,BG,2022-S2,0.1147
S,E7000,KWH2500-4999,KWH,I_TAX,EUR,BG,2023-S1,0.1138
S,E7000,KWH2500-4999,KWH,I_TAX,EUR,BG,2023-S2,0.1192
S,E7000,KWH2500-4999,KWH,I_TAX,EUR,BG,2024-S1,0.1187
S,E7000,KWH2500-4999,KWH,I_TAX,EUR,BG,2024-S2,0.1217
S,E7000,KWH2500-4999,KWH,I_TAX,EUR,BG,2025-S1,0.13
S,E7000,KWH2500-4999,KWH,I_TAX,EUR,BG,2025-S2,0.1355
S,E7000,KWH2500-4999,KWH,I_TAX,EUR,CY,2007-S2,0.1573
S,E7000,KWH2500-4999,KWH,I_TAX,EUR,CY,2008-S1,0.178
S,E7000,KWH2500-4999,KWH,I_TAX,EUR,CY,2008-S2,0.204
S,E7000,KWH2500-4999,KWH,I_TAX,EUR,CY,2009-S1,0.1558
S,E7000,KWH2500-4999,KWH,I_TAX,EUR,CY,2009-S2,0.1642
S,E7000,KWH2500-4999,KWH,I_TAX,EUR,CY,2010-S1,0.1858
S,E7000,KWH2500-4999,KWH,I_TAX,EUR,CY,2010-S2,0.2021
S,E7000,KWH2500-4999,KWH,I_TAX,EUR,CY,2011-S1,0.205
S,E7000,KWH2500-4999,KWH,I_TAX,EUR,CY,2011-S2,0.2413
S,E7000,KWH2500-4999,KWH,I_TAX,EUR,CY,2012-S1,0.2781
S,E7000,KWH2500-4999,KWH,I_TAX,EUR,CY,2012-S2,0.2909
S,E7000,KWH2500-4999,KWH,I_TAX,EUR,CY,2013-S1,0.276
S,E7000,KWH2500-4999,KWH,I_TAX,EUR,CY,2013-S2,0.2481
S,E7000,KWH2500-4999,KWH,I_TAX,EUR,CY,2014-S1,0.2291
S,E7000,KWH2500-4999,KWH,I_TAX,EUR,CY,2014-S2,0.2356
S,E7000,KWH2500-4999,KWH,I_TAX,EUR,CY,2015-S1,0.1957
S,E7000,KWH2500-4999,KWH,I_TAX,EUR,CY,2015-S2,0.1838
S,E7000,KWH2500-4999,KWH,I_TAX,EUR,CY,2016-S1,0.1527
S,E7000,KWH2500-4999,KWH,I_TAX,EUR,CY,2016-S2,0.1621
S,E7000,KWH2500-4999,KWH,I_TAX,EUR,CY,2017-S1,0.1863
S,E7000,KWH2500-4999,KWH,I_TAX,EUR,CY,2017-S2,0.1826
S,E7000,KWH2500-4999,KWH,I_TAX,EUR,CY,2018-S1,0.1893
S,E7000,KWH2500-4999,KWH,I_TAX,EUR,CY,2018-S2,0.2183
S,E7000,KWH2500-4999,KWH,I_TAX,EUR,CY,2019-S1,0.2203
S,E7000,KWH2500-4999,KWH,I_TAX,EUR,CY,2019-S2,0.2236
S,E7000,KWH2500-4999,KWH,I_TAX,EUR,CY,2020-S1,0.2133
S,E7000,KWH2500-4999,KWH,I_TAX,EUR,CY,2020-S2,0.1698
S,E7000,KWH2500-4999,KWH,I_TAX,EUR,CY,2021-S1,0.1976
S,E7000,KWH2500-4999,KWH,I_TAX,EUR,CY,2021-S2,0.2304
S,E7000,KWH2500-4999,KWH,I_TAX,EUR,CY,2022-S1,0.2607
S,E7000,KWH2500-4999,KWH,I_TAX,EUR,CY,2022-S2,0.3261
S,E7000,KWH2500-4999,KWH,I_TAX,EUR,CY,2023-S1,0.3739
S,E7000,KWH2500-4999,KWH,I_TAX,EUR,CY,2023-S2,0.3452
S,E7000,KWH2500-4999,KWH,I_TAX,EUR,CY,2024-S1,0.3241
S,E7000,KWH2500-4999,KWH,I_TAX,EUR,CY,2024-S2,0.3251
S,E7000,KWH2500-4999,KWH,I_TAX,EUR,CY,2025-S1,0.2932
S,E7000,KWH2500-4999,KWH,I_TAX,EUR,CY,2025-S2,0.2774
S,E7000,KWH2500-4999,KWH,I_TAX,EUR,CZ,2007-S1,0.1144
S,E7000,KWH2500-4999,KWH,I_TAX,EUR,CZ,2007-S2,0.1176
S,E7000,KWH2500-4999,KWH,I_TAX,EUR,CZ,2008-S1,0.1401
S,E7000,KWH2500-4999,KWH,I_TAX,EUR,CZ,2008-S2,0.1428
S,E7000,KWH2500-4999,KWH,I_TAX,EUR,CZ,2009-S1,0.1455
S,E7000,KWH2500-4999,KWH,I_TAX,EUR,CZ,2009-S2,0.1533
S,E7000,KWH2500-4999,KWH,I_TAX,EUR,CZ,2010-S1,0.1496
S,E7000,KWH2500-4999,KWH,I_TAX,EUR,CZ,2010-S2,0.1549
S,E7000,KWH2500-4999,KWH,I_TAX,EUR,CZ,2011-S1,0.1659
S,E7000,KWH2500-4999,KWH,I_TAX,EUR,CZ,2011-S2,0.1627
S,E7000,KWH2500-4999,KWH,I_TAX,EUR,CZ,2012-S1,0.1664
S,E7000,KWH2500-4999,KWH,I_TAX,EUR,CZ,2012-S2,0.1668
S,E7000,KWH2500-4999,KWH,I_TAX,EUR,CZ,2013-S1,0.1681
S,E7000,KWH2500-4999,KWH,I_TAX,EUR,CZ,2013-S2,0.1645
S,E7000,KWH2500-4999,KWH,I_TAX,EUR,CZ,2014-S1,0.1388
S,E7000,KWH2500-4999,KWH,I_TAX,EUR,CZ,2014-S2,0.1379
S,E7000,KWH2500-4999,KWH,I_TAX,EUR,CZ,2015-S1,0.1385
S,E7000,KWH2500-4999,KWH,I_TAX,EUR,CZ,2015-S2,0.1408
S,E7000,KWH2500-4999,KWH,I_TAX,EUR,CZ,2016-S1,0.142
S,E7000,KWH2500-4999,KWH,I_TAX,EUR,CZ,2016-S2,0.1421
S,E7000,KWH2500-4999,KWH,I_TAX,EUR,CZ,2017-S1,0.1438
S,E7000,KWH2500-4999,KWH,I_TAX,EUR,CZ,2017-S2,0.1488
S,E7000,KWH2500-4999,KWH,I_TAX,EUR,CZ,2018-S1,0.1573
S,E7000,KWH2500-4999,KWH,I_TAX,EUR,CZ,2018-S2,0.1586
S,E7000,KWH2500-4999,KWH,I_TAX,EUR,CZ,2019-S1,0.1748
S,E7000,KWH2500-4999,KWH,I_TAX,EUR,CZ,2019-S2,0.177
S,E7000,KWH2500-4999,KWH,I_TAX,EUR,CZ,2020-S1,0.1841
S,E7000,KWH2500-4999,KWH,I_TAX,EUR,CZ,2020-S2,0.1795
S,E7000,KWH2500-4999,KWH,I_TAX,EUR,CZ,2021-S1,0.1802
S,E7000,KWH2500-4999,KWH,I_TAX,EUR,CZ,2021-S2,0.1883
S,E7000,KWH2500-4999,KWH,I_TAX,EUR,CZ,2022-S1,0.2445
S,E7000,KWH2500-4999,KWH,I_TAX,EUR,CZ,2022-S2,0.1721
S,E7000,KWH2500-4999,KWH,I_TAX,EUR,CZ,2023-S1,0.319
S,E7000,KWH2500-4999,KWH,I_TAX,EUR,CZ,2023-S2,0.3151
S,E7000,KWH2500-4999,KWH,I_TAX,EUR,CZ,2024-S1,0.3381
S,E7000,KWH2500-4999,KWH,I_TAX,EUR,CZ,2024-S2,0.3302
S,E7000,KWH2500-4999,KWH,I_TAX,EUR,CZ,2025-S1,0.3179
S,E7000,KWH2500-4999,KWH,I_TAX,EUR,CZ,2025-S2,0.3217
S,E7000,KWH2500-4999,KWH,I_TAX,EUR,DE,2007-S1,0.2025
S,E7000,KWH2500-4999,KWH,I_TAX,EUR,DE,2007-S2,0.2105
S,E7000,KWH2500-4999,KWH,I_TAX,EUR,DE,2008-S1,0.2148
S,E7000,KWH2500-4999,KWH,I_TAX,EUR,DE,2008-S2,0.2195
S,E7000,KWH2500-4999,KWH,I_TAX,EUR,DE,2009-S1,0.2282
S,E7000,KWH2500-4999,KWH,I_TAX,EUR,DE,2009-S2,0.2294
S,E7000,KWH2500-4999,KWH,I_TAX,EUR,DE,2010-S1,0.2375
S,E7000,KWH2500-4999,KWH,I_TAX,EUR,DE,2010-S2,0.2438
S,E7000,KWH2500-4999,KWH,I_TAX,EUR,DE,2011-S1,0.2528
S,E7000,KWH2500-4999,KWH,I_TAX,EUR,DE,2011-S2,0.2531
S,E7000,KWH2500-4999,KWH,I_TAX,EUR,DE,2012-S1,0.2595
S,E7000,KWH2500-4999,KWH,I_TAX,EUR,DE,2012-S2,0.2676
S,E7000,KWH2500-4999,KWH,I_TAX,EUR,DE,2013-S1,0.2919
S,E7000,KWH2500-4999,KWH,I_TAX,EUR,DE,2013-S2,0.2921
S,E7000,KWH2500-4999,KWH,I_TAX,EUR,DE,2014-S1,0.2981
S,E7000,KWH2500-4999,KWH,I_TAX,EUR,DE,2014-S2,0.2974
S,E7000,KWH2500-4999,KWH,I_TAX,EUR,DE,2015-S1,0.2951
S,E7000,KWH2500-4999,KWH,I_TAX,EUR,DE,2015-S2,0.2946
S,E7000,KWH2500-4999,KWH,I_TAX,EUR,DE,2016-S1,0.2969
S,E7000,KWH2500-4999,KWH,I_TAX,EUR,DE,2016-S2,0.2977
S,E7000,KWH2500-4999,KWH,I_TAX,EUR,DE,2017-S1,0.3048
S,E7000,KWH2500-4999,KWH,I_TAX,EUR,DE,2017-S2,0.3048
S,E7000,KWH2500-4999,KWH,I_TAX,EUR,DE,2018-S1,0.2987
S,E7000,KWH2500-4999,KWH,I_TAX,EUR,DE,2018-S2,0.3
S,E7000,KWH2500-4999,KWH,I_TAX,EUR,DE,2019-S1,0.3088
S,E7000,KWH2500-4999,KWH,I_TAX,EUR,DE,2019-S2,0.2878
S,E7000,KWH2500-4999,KWH,I_TAX,EUR,DE,2020-S1,0.3043
S,E7000,KWH2500-4999,KWH,I_TAX,EUR,DE,2020-S2,0.3006
S,E7000,KWH2500-4999,KWH,I_TAX,EUR,DE,2021-S1,0.3193
S,E7000,KWH2500-4999,KWH,I_TAX,EUR,DE,2021-S2,0.3234
S,E7000,KWH2500-4999,KWH,I_TAX,EUR,DE,2022-S1,0.3279
S,E7000,KWH2500-4999,KWH,I_TAX,EUR,DE,2022-S2,0.3357
S,E7000,KWH2500-4999,KWH,I_TAX,EUR,DE,2023-S1,0.4125
S,E7000,KWH2500-4999,KWH,I_TAX,EUR,DE,2023-S2,0.402
S,E7000,KWH2500-4999,KWH,I_TAX,EUR,DE,2024-S1,0.3951
S,E7000,KWH2500-4999,KWH,I_TAX,EUR,DE,2024-S2,0.3943
S,E7000,KWH2500-4999,KWH,I_TAX,EUR,DE,2025-S1,0.3835
S,E7000,KWH2500-4999,KWH,I_TAX,EUR,DE,2025-S2,0.3869
S,E7000,KWH2500-4999,KWH,I_TAX,EUR,DK,2007-S2,0.2401
S,E7000,KWH2500-4999,KWH,I_TAX,EUR,DK,2008-S1,0.2635
S,E7000,KWH2500-4999,KWH,I_TAX,EUR,DK,2008-S2,0.2785
S,E7000,KWH2500-4999,KWH,I_TAX,EUR,DK,2009-S1,0.2699
S,E7000,KWH2500-4999,KWH,I_TAX,EUR,DK,2009-S2,0.2555
S,E7000,KWH2500-4999,KWH,I_TAX,EUR,DK,2010-S1,0.267
S,E7000,KWH2500-4999,KWH,I_TAX,EUR,DK,2010-S2,0.2708
S,E7000,KWH2500-4999,KWH,I_TAX,EUR,DK,2011-S1,0.2908
S,E7000,KWH2500-4999,KWH,I_TAX,EUR,DK,2011-S2,0.2976
S,E7000,KWH2500-4999,KWH,I_TAX,EUR,DK,2012-S1,0.2997
S,E7000,KWH2500-4999,KWH,I_TAX,EUR,DK,2012-S2,0.2972
S,E7000,KWH2500-4999,KWH,I_TAX,EUR,DK,2013-S1,0.3
S,E7000,KWH2500-4999,KWH,I_TAX,EUR,DK,2013-S2,0.2936
S,E7000,KWH2500-4999,KWH,I_TAX,EUR,DK,2014-S1,0.3042
S,E7000,KWH2500-4999,KWH,I_TAX,EUR,DK,2014-S2,0.3035
S,E7000,KWH2500-4999,KWH,I_TAX,EUR,DK,2015-S1,0.3068
S,E7000,KWH2500-4999,KWH,I_TAX,EUR,DK,2015-S2,0.3042
S,E7000,KWH2500-4999,KWH,I_TAX,EUR,DK,2016-S1,0.3088
S,E7000,KWH2500-4999,KWH,I_TAX,EUR,DK,2016-S2,0.3084
S,E7000,KWH2500-4999,KWH,I_TAX,EUR,DK,2017-S1,0.3049
S,E7000,KWH2500-4999,KWH,I_TAX,EUR,DK,2017-S2,0.301
S,E7000,KWH2500-4999,KWH,I_TAX,EUR,DK,2018-S1,0.3126
S,E7000,KWH2500-4999,KWH,I_TAX,EUR,DK,2018-S2,0.3123
S,E7000,KWH2500-4999,KWH,I_TAX,EUR,DK,2019-S1,0.2984
S,E7000,KWH2500-4999,KWH,I_TAX,EUR,DK,2019-S2,0.2924
S,E7000,KWH2500-4999,KWH,I_TAX,EUR,DK,2020-S1,0.2833
S,E7000,KWH2500-4999,KWH,I_TAX,EUR,DK,2020-S2,0.2819
S,E7000,KWH2500-4999,KWH,I_TAX,EUR,DK,2021-S1,0.29
S,E7000,KWH2500-4999,KWH,I_TAX,EUR,DK,2021-S2,0.3448
S,E7000,KWH2500-4999,KWH,I_TAX,EUR,DK,2022-S1,0.4559
S,E7000,KWH2500-4999,KWH,I_TAX,EUR,DK,2022-S2,0.5871
S,E7000,KWH2500-4999,KWH,I_TAX,EUR,DK,2023-S1,0.3811
S,E7000,KWH2500-4999,KWH,I_TAX,EUR,DK,2023-S2,0.3554
S,E7000,KWH2500-4999,KWH,I_TAX,EUR,DK,2024-S1,0.3708
S,E7000,KWH2500-4999,KWH,I_TAX,EUR,DK,2024-S2,0.3763
S,E7000,KWH2500-4999,KWH,I_TAX,EUR,DK,2025-S1,0.3485
S,E7000,KWH2500-4999,KWH,I_TAX,EUR,DK,2025-S2,0.3312
S,E7000,KWH2500-4999,KWH,I_TAX,EUR,EE,2007-S2,0.0786
S,E7000,KWH2500-4999,KWH,I_TAX,EUR,EE,2008-S1,0.0814
S,E7000,KWH2500-4999,KWH,I_TAX,EUR,EE,2008-S2,0.085
S,E7000,KWH2500-4999,KWH,I_TAX,EUR,EE,2009-S1,0.0922
S,E7000,KWH2500-4999,KWH,I_TAX,EUR,EE,2009-S2,0.092
S,E7000,KWH2500-4999,KWH,I_TAX,EUR,EE,2010-S1,0.097
S,E7000,KWH2500-4999,KWH,I_TAX,EUR,EE,2010-S2,0.1004
S,E7000,KWH2500-4999,KWH,I_TAX,EUR,EE,2011-S1,0.0973
S,E7000,KWH2500-4999,KWH,I_TAX,EUR,EE,2011-S2,0.1042
S,E7000,KWH2500-4999,KWH,I_TAX,EUR,EE,2012-S1,0.1096
S,E7000,KWH2500-4999,KWH,I_TAX,EUR,EE,2012-S2,0.1123
S,E7000,KWH2500-4999,KWH,I_TAX,EUR,EE,2013-S1,0.1351
S,E7000,KWH2500-4999,KWH,I_TAX,EUR,EE,2013-S2,0.1367
S,E7000,KWH2500-4999,KWH,I_TAX,EUR,EE,2014-S1,0.1307
S,E7000,KWH2500-4999,KWH,I_TAX,EUR,EE,2014-S2,0.1325
S,E7000,KWH2500-4999,KWH,I_TAX,EUR,EE,2015-S1,0.1302
S,E7000,KWH2500-4999,KWH,I_TAX,EUR,EE,2015-S2,0.1291
S,E7000,KWH2500-4999,KWH,I_TAX,EUR,EE,2016-S1,0.1208
S,E7000,KWH2500-4999,KWH,I_TAX,EUR,EE,2016-S2,0.1238
S,E7000,KWH2500-4999,KWH,I_TAX,EUR,EE,2017-S1,0.1207
S,E7000,KWH2500-4999,KWH,I_TAX,EUR,EE,2017-S2,0.1319
S,E7000,KWH2500-4999,KWH,I_TAX,EUR,EE,2018-S1,0.1348
S,E7000,KWH2500-4999,KWH,I_TAX,EUR,EE,2018-S2,0.1418
S,E7000,KWH2500-4999,KWH,I_TAX,EUR,EE,2019-S1,0.1357
S,E7000,KWH2500-4999,KWH,I_TAX,EUR,EE,2019-S2,0.1411
S,E7000,KWH2500-4999,KWH,I_TAX,EUR,EE,2020-S1,0.1236
S,E7000,KWH2500-4999,KWH,I_TAX,EUR,EE,2020-S2,0.1291
S,E7000,KWH2500-4999,KWH,I_TAX,EUR,EE,2021-S1,0.1324
S,E7000,KWH2500-4999,KWH,I_TAX,EUR,EE,2021-S2,0.1939
S,E7000,KWH2500-4999,KWH,I_TAX,EUR,EE,2022-S1,0.2056
S,E7000,KWH2500-4999,KWH,I_TAX,EUR,EE,2022-S2,0.265
S,E7000,KWH2500-4999,KWH,I_TAX,EUR,EE,2023-S1,0.216
S,E7000,KWH2500-4999,KWH,I_TAX,EUR,EE,2023-S2,0.2339
S,E7000,KWH2500-4999,KWH,I_TAX,EUR,EE,2024-S1,0.23
S,E7000,KWH2500-4999,KWH,I_TAX,EUR,EE,2024-S2,0.2214
S,E7000,KWH2500-4999,KWH,I_TAX,EUR,EE,2025-S1,0.2298
S,E7000,KWH2500-4999,KWH,I_TAX,EUR,EE,2025-S2,0.2303
S,E7000,KWH2500-4999,KWH,I_TAX,EUR,EL,2007-S2,0.0984
S,E7000,KWH2500-4999,KWH,I_TAX,EUR,EL,2008-S1,0.1047
S,E7000,KWH2500-4999,KWH,I_TAX,EUR,EL,2008-S2,0.1099
S,E7000,KWH2500-4999,KWH,I_TAX,EUR,EL,2009-S1,0.1154
S,E7000,KWH2500-4999,KWH,I_TAX,EUR,EL,2009-S2,0.1032
S,E7000,KWH2500-4999,KWH,I_TAX,EUR,EL,2010-S1,0.1181
S,E7000,KWH2500-4999,KWH,I_TAX,EUR,EL,2010-S2,0.1211
S,E7000,KWH2500-4999,KWH,I_TAX,EUR,EL,2011-S1,0.125
S,E7000,KWH2500-4999,KWH,I_TAX,EUR,EL,2011-S2,0.1238
S,E7000,KWH2500-4999,KWH,I_TAX,EUR,EL,2012-S1,0.1391
S,E7000,KWH2500-4999,KWH,I_TAX,EUR,EL,2012-S2,0.1418
S,E7000,KWH2500-4999,KWH,I_TAX,EUR,EL,2013-S1,0.1563
S,E7000,KWH2500-4999,KWH,I_TAX,EUR,EL,2013-S2,0.1697
S,E7000,KWH2500-4999,KWH,I_TAX,EUR,EL,2014-S1,0.1767
S,E7000,KWH2500-4999,KWH,I_TAX,EUR,EL,2014-S2,0.1785
S,E7000,KWH2500-4999,KWH,I_TAX,EUR,EL,2015-S1,0.1767
S,E7000,KWH2500-4999,KWH,I_TAX,EUR,EL,2015-S2,0.1771
S,E7000,KWH2500-4999,KWH,I_TAX,EUR,EL,2016-S1,0.1716
S,E7000,KWH2500-4999,KWH,I_TAX,EUR,EL,2016-S2,0.1723
S,E7000,KWH2500-4999,KWH,I_TAX,EUR,EL,2017-S1,0.1711
S,E7000,KWH2500-4999,KWH,I_TAX,EUR,EL,2017-S2,0.162
S,E7000,KWH2500-4999,KWH,I_TAX,EUR,EL,2018-S1,0.1672
S,E7000,KWH2500-4999,KWH,I_TAX,EUR,EL,2018-S2,0.1646
S,E7000,KWH2500-4999,KWH,I_TAX,EUR,EL,2019-S1,0.1595
S,E7000,KWH2500-4999,KWH,I_TAX,EUR,EL,2019-S2,0.1551
S,E7000,KWH2500-4999,KWH,I_TAX,EUR,EL,2020-S1,0.1674
S,E7000,KWH2500-4999,KWH,I_TAX,EUR,EL,2020-S2,0.1641
S,E7000,KWH2500-4999,KWH,I_TAX,EUR,EL,2021-S1,0.168
S,E7000,KWH2500-4999,KWH,I_TAX,EUR,EL,2021-S2,0.1974
S,E7000,KWH2500-4999,KWH,I_TAX,EUR,EL,2022-S1,0.2101
S,E7000,KWH2500-4999,KWH,I_TAX,EUR,EL,2022-S2,0.2438
S,E7000,KWH2500-4999,KWH,I_TAX,EUR,EL,2023-S1,0.2327
S,E7000,KWH2500-4999,KWH,I_TAX,EUR,EL,2023-S2,0.2309
S,E7000,KWH2500-4999,KWH,I_TAX,EUR,EL,2024-S1,0.2218
S,E7000,KWH2500-4999,KWH,I_TAX,EUR,EL,2024-S2,0.2311
S,E7000,KWH2500-4999,KWH,I_TAX,EUR,EL,2025-S1,0.2305
S,E7000,KWH2500-4999,KWH,I_TAX,EUR,EL,2025-S2,0.2381
S,E7000,KWH2500-4999,KWH,I_TAX,EUR,ES,2007-S2,0.14
S,E7000,KWH2500-4999,KWH,I_TAX,EUR,ES,2008-S1,0.1366
S,E7000,KWH2500-4999,KWH,I_TAX,EUR,ES,2008-S2,0.1557
S,E7000,KWH2500-4999,KWH,I_TAX,EUR,ES,2009-S1,0.1577
S,E7000,KWH2500-4999,KWH,I_TAX,EUR,ES,2009-S2,0.1684
S,E7000,KWH2500-4999,KWH,I_TAX,EUR,ES,2010-S1,0.1728
S,E7000,KWH2500-4999,KWH,I_TAX,EUR,ES,2010-S2,0.1851
S,E7000,KWH2500-4999,KWH,I_TAX,EUR,ES,2011-S1,0.1981
S,E7000,KWH2500-4999,KWH,I_TAX,EUR,ES,2011-S2,0.2088
S,E7000,KWH2500-4999,KWH,I_TAX,EUR,ES,2012-S1,0.219
S,E7000,KWH2500-4999,KWH,I_TAX,EUR,ES,2012-S2,0.2275
S,E7000,KWH2500-4999,KWH,I_TAX,EUR,ES,2013-S1,0.2228
S,E7000,KWH2500-4999,KWH,I_TAX,EUR,ES,2013-S2,0.2273
S,E7000,KWH2500-4999,KWH,I_TAX,EUR,ES,2014-S1,0.2165
S,E7000,KWH2500-4999,KWH,I_TAX,EUR,ES,2014-S2,0.2367
S,E7000,KWH2500-4999,KWH,I_TAX,EUR,ES,2015-S1,0.2309
S,E7000,KWH2500-4999,KWH,I_TAX,EUR,ES,2015-S2,0.237
S,E7000,KWH2500-4999,KWH,I_TAX,EUR,ES,2016-S1,0.2185
S,E7000,KWH2500-4999,KWH,I_TAX,EUR,ES,2016-S2,0.2284
S,E7000,KWH2500-4999,KWH,I_TAX,EUR,ES,2017-S1,0.2296
S,E7000,KWH2500-4999,KWH,I_TAX,EUR,ES,2017-S2,0.2177
S,E7000,KWH2500-4999,KWH,I_TAX,EUR,ES,2018-S1,0.2383
S,E7000,KWH2500-4999,KWH,I_TAX,EUR,ES,2018-S2,0.2477
S,E7000,KWH2500-4999,KWH,I_TAX,EUR,ES,2019-S1,0.2403
S,E7000,KWH2500-4999,KWH,I_TAX,EUR,ES,2019-S2,0.2394
S,E7000,KWH2500-4999,KWH,I_TAX,EUR,ES,2020-S1,0.2239
S,E7000,KWH2500-4999,KWH,I_TAX,EUR,ES,2020-S2,0.2298
S,E7000,KWH2500-4999,KWH,I_TAX,EUR,ES,2021-S1,0.2323
S,E7000,KWH2500-4999,KWH,I_TAX,EUR,ES,2021-S2,0.2816
S,E7000,KWH2500-4999,KWH,I_TAX,EUR,ES,2022-S1,0.3071
S,E7000,KWH2500-4999,KWH,I_TAX,EUR,ES,2022-S2,0.335
S,E7000,KWH2500-4999,KWH,I_TAX,EUR,ES,2023-S1,0.2454
S,E7000,KWH2500-4999,KWH,I_TAX,EUR,ES,2023-S2,0.2347
S,E7000,KWH2500-4999,KWH,I_TAX,EUR,ES,2024-S1,0.2436
S,E7000,KWH2500-4999,KWH,I_TAX,EUR,ES,2024-S2,0.2408
S,E7000,KWH2500-4999,KWH,I_TAX,EUR,ES,2025-S1,0.2612
S,E7000,KWH2500-4999,KWH,I_TAX,EUR,ES,2025-S2,0.2669
S,E7000,KWH2500-4999,KWH,I_TAX,EUR,FI,2007-S2,0.1149
S,E7000,KWH2500-4999,KWH,I_TAX,EUR,FI,2008-S1,0.1223
S,E7000,KWH2500-4999,KWH,I_TAX,EUR,FI,2008-S2,0.1273
S,E7000,KWH2500-4999,KWH,I_TAX,EUR,FI,2009-S1,0.1296
S,E7000,KWH2500-4999,KWH,I_TAX,EUR,FI,2009-S2,0.1289
S,E7000,KWH2500-4999,KWH,I_TAX,EUR,FI,2010-S1,0.1325
S,E7000,KWH2500-4999,KWH,I_TAX,EUR,FI,2010-S2,0.137
S,E7000,KWH2500-4999,KWH,I_TAX,EUR,FI,2011-S1,0.154
S,E7000,KWH2500-4999,KWH,I_TAX,EUR,FI,2011-S2,0.1573
S,E7000,KWH2500-4999,KWH,I_TAX,EUR,FI,2012-S1,0.1549
S,E7000,KWH2500-4999,KWH,I_TAX,EUR,FI,2012-S2,0.1559
S,E7000,KWH2500-4999,KWH,I_TAX,EUR,FI,2013-S1,0.1578
S,E7000,KWH2500-4999,KWH,I_TAX,EUR,FI,2013-S2,0.1559
S,E7000,KWH2500-4999,KWH,I_TAX,EUR,FI,2014-S1,0.1563
S,E7000,KWH2500-4999,KWH,I_TAX,EUR,FI,2014-S2,0.1538
S,E7000,KWH2500-4999,KWH,I_TAX,EUR,FI,2015-S1,0.1552
S,E7000,KWH2500-4999,KWH,I_TAX,EUR,FI,2015-S2,0.153
S,E7000,KWH2500-4999,KWH,I_TAX,EUR,FI,2016-S1,0.1541
S,E7000,KWH2500-4999,KWH,I_TAX,EUR,FI,2016-S2,0.1545
S,E7000,KWH2500-4999,KWH,I_TAX,EUR,FI,2017-S1,0.1581
S,E7000,KWH2500-4999,KWH,I_TAX,EUR,FI,2017-S2,0.1599
S,E7000,KWH2500-4999,KWH,I_TAX,EUR,FI,2018-S1,0.1612
S,E7000,KWH2500-4999,KWH,I_TAX,EUR,FI,2018-S2,0.1698
S,E7000,KWH2500-4999,KWH,I_TAX,EUR,FI,2019-S1,0.1734
S,E7000,KWH2500-4999,KWH,I_TAX,EUR,FI,2019-S2,0.1783
S,E7000,KWH2500-4999,KWH,I_TAX,EUR,FI,2020-S1,0.174
S,E7000,KWH2500-4999,KWH,I_TAX,EUR,FI,2020-S2,0.1773
S,E7000,KWH2500-4999,KWH,I_TAX,EUR,FI,2021-S1,0.1767
S,E7000,KWH2500-4999,KWH,I_TAX,EUR,FI,2021-S2,0.184
S,E7000,KWH2500-4999,KWH,I_TAX,EUR,FI,2022-S1,0.1934
S,E7000,KWH2500-4999,KWH,I_TAX,EUR,FI,2022-S2,0.2474
S,E7000,KWH2500-4999,KWH,I_TAX,EUR,FI,2023-S1,0.2557
S,E7000,KWH2500-4999,KWH,I_TAX,EUR,FI,2023-S2,0.2403
S,E7000,KWH2500-4999,KWH,I_TAX,EUR,FI,2024-S1,0.2489
S,E7000,KWH2500-4999,KWH,I_TAX,EUR,FI,2024-S2,0.2319
S,E7000,KWH2500-4999,KWH,I_TAX,EUR,FI,2025-S1,0.2276
S,E7000,KWH2500-4999,KWH,I_TAX,EUR,FI,2025-S2,0.2254
S,E7000,KWH2500-4999,KWH,I_TAX,EUR,FR,2007-S2,0.1222
S,E7000,KWH2500-4999,KWH,I_TAX,EUR,FR,2008-S1,0.1213
S,E7000,KWH2500-4999,KWH,I_TAX,EUR,FR,2008-S2,0.1203
S,E7000,KWH2500-4999,KWH,I_TAX,EUR,FR,2009-S1,0.1206
S,E7000,KWH2500-4999,KWH,I_TAX,EUR,FR,2009-S2,0.1207
S,E7000,KWH2500-4999,KWH,I_TAX,EUR,FR,2010-S1,0.1283
S,E7000,KWH2500-4999,KWH,I_TAX,EUR,FR,2010-S2,0.135
S,E7000,KWH2500-4999,KWH,I_TAX,EUR,FR,2011-S1,0.1383
S,E7000,KWH2500-4999,KWH,I_TAX,EUR,FR,2011-S2,0.1422
S,E7000,KWH2500-4999,KWH,I_TAX,EUR,FR,2012-S1,0.1392
S,E7000,KWH2500-4999,KWH,I_TAX,EUR,FR,2012-S2,0.1501
S,E7000,KWH2500-4999,KWH,I_TAX,EUR,FR,2013-S1,0.1524
S,E7000,KWH2500-4999,KWH,I_TAX,EUR,FR,2013-S2,0.1596
S,E7000,KWH2500-4999,KWH,I_TAX,EUR,FR,2014-S1,0.1585
S,E7000,KWH2500-4999,KWH,I_TAX,EUR,FR,2014-S2,0.1702
S,E7000,KWH2500-4999,KWH,I_TAX,EUR,FR,2015-S1,0.1676
S,E7000,KWH2500-4999,KWH,I_TAX,EUR,FR,2015-S2,0.1682
S,E7000,KWH2500-4999,KWH,I_TAX,EUR,FR,2016-S1,0.1685
S,E7000,KWH2500-4999,KWH,I_TAX,EUR,FR,2016-S2,0.1711
S,E7000,KWH2500-4999,KWH,I_TAX,EUR,FR,2017-S1,0.1704
S,E7000,KWH2500-4999,KWH,I_TAX,EUR,FR,2017-S2,0.1756
S,E7000,KWH2500-4999,KWH,I_TAX,EUR,FR,2018-S1,0.1748
S,E7000,KWH2500-4999,KWH,I_TAX,EUR,FR,2018-S2,0.1799
S,E7000,KWH2500-4999,KWH,I_TAX,EUR,FR,2019-S1,0.1778
S,E7000,KWH2500-4999,KWH,I_TAX,EUR,FR,2019-S2,0.1913
S,E7000,KWH2500-4999,KWH,I_TAX,EUR,FR,2020-S1,0.1893
S,E7000,KWH2500-4999,KWH,I_TAX,EUR,FR,2020-S2,0.1958
S,E7000,KWH2500-4999,KWH,I_TAX,EUR,FR,2021-S1,0.1946
S,E7000,KWH2500-4999,KWH,I_TAX,EUR,FR,2021-S2,0.2022
S,E7000,KWH2500-4999,KWH,I_TAX,EUR,FR,2022-S1,0.2092
S,E7000,KWH2500-4999,KWH,I_TAX,EUR,FR,2022-S2,0.2204
S,E7000,KWH2500-4999,KWH,I_TAX,EUR,FR,2023-S1,0.23
S,E7000,KWH2500-4999,KWH,I_TAX,EUR,FR,2023-S2,0.2591
S,E7000,KWH2500-4999,KWH,I_TAX,EUR,FR,2024-S1,0.2847
S,E7000,KWH2500-4999,KWH,I_TAX,EUR,FR,2024-S2,0.2926
S,E7000,KWH2500-4999,KWH,I_TAX,EUR,FR,2025-S1,0.2671
S,E7000,KWH2500-4999,KWH,I_TAX,EUR,FR,2025-S2,0.2561
S,E7000,KWH2500-4999,KWH,I_TAX,EUR,HR,2007-S1,0.0924
S,E7000,KWH2500-4999,KWH,I_TAX,EUR,HR,2007-S2,0.0984
S,E7000,KWH2500-4999,KWH,I_TAX,EUR,HR,2008-S1,0.099
S,E7000,KWH2500-4999,KWH,I_TAX,EUR,HR,2008-S2,0.1184
S,E7000,KWH2500-4999,KWH,I_TAX,EUR,HR,2009-S1,0.1151
S,E7000,KWH2500-4999,KWH,I_TAX,EUR,HR,2009-S2,0.1164
S,E7000,KWH2500-4999,KWH,I_TAX,EUR,HR,2010-S1,0.1151
S,E7000,KWH2500-4999,KWH,I_TAX,EUR,HR,2010-S2,0.1153
S,E7000,KWH2500-4999,KWH,I_TAX,EUR,HR,2011-S1,0.1137
S,E7000,KWH2500-4999,KWH,I_TAX,EUR,HR,2011-S2,0.1146
S,E7000,KWH2500-4999,KWH,I_TAX,EUR,HR,2012-S1,0.1208
S,E7000,KWH2500-4999,KWH,I_TAX,EUR,HR,2012-S2,0.1384
S,E7000,KWH2500-4999,KWH,I_TAX,EUR,HR,2013-S1,0.1372
S,E7000,KWH2500-4999,KWH,I_TAX,EUR,HR,2013-S2,0.135
S,E7000,KWH2500-4999,KWH,I_TAX,EUR,HR,2014-S1,0.1312
S,E7000,KWH2500-4999,KWH,I_TAX,EUR,HR,2014-S2,0.1324
S,E7000,KWH2500-4999,KWH,I_TAX,EUR,HR,2015-S1,0.1317
S,E7000,KWH2500-4999,KWH,I_TAX,EUR,HR,2015-S2,0.1312
S,E7000,KWH2500-4999,KWH,I_TAX,EUR,HR,2016-S1,0.1311
S,E7000,KWH2500-4999,KWH,I_TAX,EUR,HR,2016-S2,0.1331
S,E7000,KWH2500-4999,KWH,I_TAX,EUR,HR,2017-S1,0.1196
S,E7000,KWH2500-4999,KWH,I_TAX,EUR,HR,2017-S2,0.1236
S,E7000,KWH2500-4999,KWH,I_TAX,EUR,HR,2018-S1,0.1311
S,E7000,KWH2500-4999,KWH,I_TAX,EUR,HR,2018-S2,0.1321
S,E7000,KWH2500-4999,KWH,I_TAX,EUR,HR,2019-S1,0.1321
S,E7000,KWH2500-4999,KWH,I_TAX,EUR,HR,2019-S2,0.1324
S,E7000,KWH2500-4999,KWH,I_TAX,EUR,HR,2020-S1,0.1301
S,E7000,KWH2500-4999,KWH,I_TAX,EUR,HR,2020-S2,0.1307
S,E7000,KWH2500-4999,KWH,I_TAX,EUR,HR,2021-S1,0.1291
S,E7000,KWH2500-4999,KWH,I_TAX,EUR,HR,2021-S2,0.1313
S,E7000,KWH2500-4999,KWH,I_TAX,EUR,HR,2022-S1,0.1354
S,E7000,KWH2500-4999,KWH,I_TAX,EUR,HR,2022-S2,0.1479
S,E7000,KWH2500-4999,KWH,I_TAX,EUR,HR,2023-S1,0.148
S,E7000,KWH2500-4999,KWH,I_TAX,EUR,HR,2023-S2,0.148
S,E7000,KWH2500-4999,KWH,I_TAX,EUR,HR,2024-S1,0.1472
S,E7000,KWH2500-4999,KWH,I_TAX,EUR,HR,2024-S2,0.1483
S,E7000,KWH2500-4999,KWH,I_TAX,EUR,HR,2025-S1,0.1618
S,E7000,KWH2500-4999,KWH,I_TAX,EUR,HR,2025-S2,0.1658
S,E7000,KWH2500-4999,KWH,I_TAX,EUR,HU,2007-S2,0.1296
S,E7000,KWH2500-4999,KWH,I_TAX,EUR,HU,2008-S1,0.1548
S,E7000,KWH2500-4999,KWH,I_TAX,EUR,HU,2008-S2,0.1553
S,E7000,KWH2500-4999,KWH,I_TAX,EUR,HU,2009-S1,0.1483
S,E7000,KWH2500-4999,KWH,I_TAX,EUR,HU,2009-S2,0.1662
S,E7000,KWH2500-4999,KWH,I_TAX,EUR,HU,2010-S1,0.1701
S,E7000,KWH2500-4999,KWH,I_TAX,EUR,HU,2010-S2,0.1574
S,E7000,KWH2500-4999,KWH,I_TAX,EUR,HU,2011-S1,0.1682
S,E7000,KWH2500-4999,KWH,I_TAX,EUR,HU,2011-S2,0.1553
S,E7000,KWH2500-4999,KWH,I_TAX,EUR,HU,2012-S1,0.1549
S,E7000,KWH2500-4999,KWH,I_TAX,EUR,HU,2012-S2,0.1618
S,E7000,KWH2500-4999,KWH,I_TAX,EUR,HU,2013-S1,0.1397
S,E7000,KWH2500-4999,KWH,I_TAX,EUR,HU,2013-S2,0.1326
S,E7000,KWH2500-4999,KWH,I_TAX,EUR,HU,2014-S1,0.1202
S,E7000,KWH2500-4999,KWH,I_TAX,EUR,HU,2014-S2,0.1146
S,E7000,KWH2500-4999,KWH,I_TAX,EUR,HU,2015-S1,0.1127
S,E7000,KWH2500-4999,KWH,I_TAX,EUR,HU,2015-S2,0.1145
S,E7000,KWH2500-4999,KWH,I_TAX,EUR,HU,2016-S1,0.1114
S,E7000,KWH2500-4999,KWH,I_TAX,EUR,HU,2016-S2,0.1125
S,E7000,KWH2500-4999,KWH,I_TAX,EUR,HU,2017-S1,0.1125
S,E7000,KWH2500-4999,KWH,I_TAX,EUR,HU,2017-S2,0.1134
S,E7000,KWH2500-4999,KWH,I_TAX,EUR,HU,2018-S1,0.1123
S,E7000,KWH2500-4999,KWH,I_TAX,EUR,HU,2018-S2,0.1118
S,E7000,KWH2500-4999,KWH,I_TAX,EUR,HU,2019-S1,0.112
S,E7000,KWH2500-4999,KWH,I_TAX,EUR,HU,2019-S2,0.1097
S,E7000,KWH2500-4999,KWH,I_TAX,EUR,HU,2020-S1,0.1031
S,E7000,KWH2500-4999,KWH,I_TAX,EUR,HU,2020-S2,0.1009
S,E7000,KWH2500-4999,KWH,I_TAX,EUR,HU,2021-S1,0.101
S,E7000,KWH2500-4999,KWH,I_TAX,EUR,HU,2021-S2,0.1003
S,E7000,KWH2500-4999,KWH,I_TAX,EUR,HU,2022-S1,0.0948
S,E7000,KWH2500-4999,KWH,I_TAX,EUR,HU,2022-S2,0.1084
S,E7000,KWH2500-4999,KWH,I_TAX,EUR,HU,2023-S1,0.1157
S,E7000,KWH2500-4999,KWH,I_TAX,EUR,HU,2023-S2,0.1132
S,E7000,KWH2500-4999,KWH,I_TAX,EUR,HU,2024-S1,0.1094
S,E7000,KWH2500-4999,KWH,I_TAX,EUR,HU,2024-S2,0.1032
S,E7000,KWH2500-4999,KWH,I_TAX,EUR,HU,2025-S1,0.104
S,E7000,KWH2500-4999,KWH,I_TAX,EUR,HU,2025-S2,0.1082
S,E7000,KWH2500-4999,KWH,I_TAX,EUR,IE,2007-S2,0.1918
S,E7000,KWH2500-4999,KWH,I_TAX,EUR,IE,2008-S1,0.1769
S,E7000,KWH2500-4999,KWH,I_TAX,EUR,IE,2008-S2,0.2033
S,E7000,KWH2500-4999,KWH,I_TAX,EUR,IE,2009-S1,0.203
S,E7000,KWH2500-4999,KWH,I_TAX,EUR,IE,2009-S2,0.1855
S,E7000,KWH2500-4999,KWH,I_TAX,EUR,IE,2010-S1,0.1804
S,E7000,KWH2500-4999,KWH,I_TAX,EUR,IE,2010-S2,0.1875
S,E7000,KWH2500-4999,KWH,I_TAX,EUR,IE,2011-S1,0.1901
S,E7000,KWH2500-4999,KWH,I_TAX,EUR,IE,2011-S2,0.2086
S,E7000,KWH2500-4999,KWH,I_TAX,EUR,IE,2012-S1,0.2155
S,E7000,KWH2500-4999,KWH,I_TAX,EUR,IE,2012-S2,0.2289
S,E7000,KWH2500-4999,KWH,I_TAX,EUR,IE,2013-S1,0.2295
S,E7000,KWH2500-4999,KWH,I_TAX,EUR,IE,2013-S2,0.2405
S,E7000,KWH2500-4999,KWH,I_TAX,EUR,IE,2014-S1,0.2407
S,E7000,KWH2500-4999,KWH,I_TAX,EUR,IE,2014-S2,0.2536
S,E7000,KWH2500-4999,KWH,I_TAX,EUR,IE,2015-S1,0.2426
S,E7000,KWH2500-4999,KWH,I_TAX,EUR,IE,2015-S2,0.2454
S,E7000,KWH2500-4999,KWH,I_TAX,EUR,IE,2016-S1,0.232
S,E7000,KWH2500-4999,KWH,I_TAX,EUR,IE,2016-S2,0.2338
S,E7000,KWH2500-4999,KWH,I_TAX,EUR,IE,2017-S1,0.2305
S,E7000,KWH2500-4999,KWH,I_TAX,EUR,IE,2017-S2,0.2355
S,E7000,KWH2500-4999,KWH,I_TAX,EUR,IE,2018-S1,0.2369
S,E7000,KWH2500-4999,KWH,I_TAX,EUR,IE,2018-S2,0.2539
S,E7000,KWH2500-4999,KWH,I_TAX,EUR,IE,2019-S1,0.2423
S,E7000,KWH2500-4999,KWH,I_TAX,EUR,IE,2019-S2,0.2546
S,E7000,KWH2500-4999,KWH,I_TAX,EUR,IE,2020-S1,0.2409
S,E7000,KWH2500-4999,KWH,I_TAX,EUR,IE,2020-S2,0.2616
S,E7000,KWH2500-4999,KWH,I_TAX,EUR,IE,2021-S1,0.2555
S,E7000,KWH2500-4999,KWH,I_TAX,EUR,IE,2021-S2,0.2974
S,E7000,KWH2500-4999,KWH,I_TAX,EUR,IE,2022-S1,0.2324
S,E7000,KWH2500-4999,KWH,I_TAX,EUR,IE,2022-S2,0.3225
S,E7000,KWH2500-4999,KWH,I_TAX,EUR,IE,2023-S1,0.2735
S,E7000,KWH2500-4999,KWH,I_TAX,EUR,IE,2023-S2,0.3794
S,E7000,KWH2500-4999,KWH,I_TAX,EUR,IE,2024-S1,0.259
S,E7000,KWH2500-4999,KWH,I_TAX,EUR,IE,2024-S2,0.3046
S,E7000,KWH2500-4999,KWH,I_TAX,EUR,IE,2025-S1,0.3231
S,E7000,KWH2500-4999,KWH,I_TAX,EUR,IE,2025-S2,0.4042
S,E7000,KWH2500-4999,KWH,I_TAX,EUR,IT,2008-S1,0.2031
S,E7000,KWH2500-4999,KWH,I_TAX,EUR,IT,2008-S2,0.2227
S,E7000,KWH2500-4999,KWH,I_TAX,EUR,IT,2009-S1,0.2098
S,E7000,KWH2500-4999,KWH,I_TAX,EUR,IT,2009-S2,0.1997
S,E7000,KWH2500-4999,KWH,I_TAX,EUR,IT,2010-S1,0.1965
S,E7000,KWH2500-4999,KWH,I_TAX,EUR,IT,2010-S2,0.192
S,E7000,KWH2500-4999,KWH,I_TAX,EUR,IT,2011-S1,0.1987
S,E7000,KWH2500-4999,KWH,I_TAX,EUR,IT,2011-S2,0.2065
S,E7000,KWH2500-4999,KWH,I_TAX,EUR,IT,2012-S1,0.2132
S,E7000,KWH2500-4999,KWH,I_TAX,EUR,IT,2012-S2,0.2297
S,E7000,KWH2500-4999,KWH,I_TAX,EUR,IT,2013-S1,0.2292
S,E7000,KWH2500-4999,KWH,I_TAX,EUR,IT,2013-S2,0.2323
S,E7000,KWH2500-4999,KWH,I_TAX,EUR,IT,2014-S1,0.2446
S,E7000,KWH2500-4999,KWH,I_TAX,EUR,IT,2014-S2,0.2338
S,E7000,KWH2500-4999,KWH,I_TAX,EUR,IT,2015-S1,0.245
S,E7000,KWH2500-4999,KWH,I_TAX,EUR,IT,2015-S2,0.2428
S,E7000,KWH2500-4999,KWH,I_TAX,EUR,IT,2016-S1,0.2342
S,E7000,KWH2500-4999,KWH,I_TAX,EUR,IT,2016-S2,0.2261
S,E7000,KWH2500-4999,KWH,I_TAX,EUR,IT,2017-S1,0.2132
S,E7000,KWH2500-4999,KWH,I_TAX,EUR,IT,2017-S2,0.208
S,E7000,KWH2500-4999,KWH,I_TAX,EUR,IT,2018-S1,0.2067
S,E7000,KWH2500-4999,KWH,I_TAX,EUR,IT,2018-S2,0.2161
S,E7000,KWH2500-4999,KWH,I_TAX,EUR,IT,2019-S1,0.2301
S,E7000,KWH2500-4999,KWH,I_TAX,EUR,IT,2019-S2,0.2341
S,E7000,KWH2500-4999,KWH,I_TAX,EUR,IT,2020-S1,0.2226
S,E7000,KWH2500-4999,KWH,I_TAX,EUR,IT,2020-S2,0.2153
S,E7000,KWH2500-4999,KWH,I_TAX,EUR,IT,2021-S1,0.2259
S,E7000,KWH2500-4999,KWH,I_TAX,EUR,IT,2021-S2,0.236
S,E7000,KWH2500-4999,KWH,I_TAX,EUR,IT,2022-S1,0.3115
S,E7000,KWH2500-4999,KWH,I_TAX,EUR,IT,2022-S2,0.3641
S,E7000,KWH2500-4999,KWH,I_TAX,EUR,IT,2023-S1,0.3782
S,E7000,KWH2500-4999,KWH,I_TAX,EUR,IT,2023-S2,0.3347
S,E7000,KWH2500-4999,KWH,I_TAX,EUR,IT,2024-S1,0.3274
S,E7000,KWH2500-4999,KWH,I_TAX,EUR,IT,2024-S2,0.3111
S,E7000,KWH2500-4999,KWH,I_TAX,EUR,IT,2025-S1,0.3291
S,E7000,KWH2500-4999,KWH,I_TAX,EUR,IT,2025-S2,0.2966
S,E7000,KWH2500-4999,KWH,I_TAX,EUR,LT,2007-S2,0.087
S,E7000,KWH2500-4999,KWH,I_TAX,EUR,LT,2008-S1,0.086
S,E7000,KWH2500-4999,KWH,I_TAX,EUR,LT,2008-S2,0.0865
S,E7000,KWH2500-4999,KWH,I_TAX,EUR,LT,2009-S1,0.0951
S,E7000,KWH2500-4999,KWH,I_TAX,EUR,LT,2009-S2,0.0926
S,E7000,KWH2500-4999,KWH,I_TAX,EUR,LT,2010-S1,0.1156
S,E7000,KWH2500-4999,KWH,I_TAX,EUR,LT,2010-S2,0.1216
S,E7000,KWH2500-4999,KWH,I_TAX,EUR,LT,2011-S1,0.1214
S,E7000,KWH2500-4999,KWH,I_TAX,EUR,LT,2011-S2,0.1221
S,E7000,KWH2500-4999,KWH,I_TAX,EUR,LT,2012-S1,0.126
S,E7000,KWH2500-4999,KWH,I_TAX,EUR,LT,2012-S2,0.1268
S,E7000,KWH2500-4999,KWH,I_TAX,EUR,LT,2013-S1,0.137
S,E7000,KWH2500-4999,KWH,I_TAX,EUR,LT,2013-S2,0.1391
S,E7000,KWH2500-4999,KWH,I_TAX,EUR,LT,2014-S1,0.133
S,E7000,KWH2500-4999,KWH,I_TAX,EUR,LT,2014-S2,0.1319
S,E7000,KWH2500-4999,KWH,I_TAX,EUR,LT,2015-S1,0.1256
S,E7000,KWH2500-4999,KWH,I_TAX,EUR,LT,2015-S2,0.1243
S,E7000,KWH2500-4999,KWH,I_TAX,EUR,LT,2016-S1,0.1231
S,E7000,KWH2500-4999,KWH,I_TAX,EUR,LT,2016-S2,0.1171
S,E7000,KWH2500-4999,KWH,I_TAX,EUR,LT,2017-S1,0.1116
S,E7000,KWH2500-4999,KWH,I_TAX,EUR,LT,2017-S2,0.1107
S,E7000,KWH2500-4999,KWH,I_TAX,EUR,LT,2018-S1,0.1097
S,E7000,KWH2500-4999,KWH,I_TAX,EUR,LT,2018-S2,0.1097
S,E7000,KWH2500-4999,KWH,I_TAX,EUR,LT,2019-S1,0.1255
S,E7000,KWH2500-4999,KWH,I_TAX,EUR,LT,2019-S2,0.1254
S,E7000,KWH2500-4999,KWH,I_TAX,EUR,LT,2020-S1,0.1426
S,E7000,KWH2500-4999,KWH,I_TAX,EUR,LT,2020-S2,0.1321
S,E7000,KWH2500-4999,KWH,I_TAX,EUR,LT,2021-S1,0.1348
S,E7000,KWH2500-4999,KWH,I_TAX,EUR,LT,2021-S2,0.1477
S,E7000,KWH2500-4999,KWH,I_TAX,EUR,LT,2022-S1,0.1497
S,E7000,KWH2500-4999,KWH,I_TAX,EUR,LT,2022-S2,0.2429
S,E7000,KWH2500-4999,KWH,I_TAX,EUR,LT,2023-S1,0.282
S,E7000,KWH2500-4999,KWH,I_TAX,EUR,LT,2023-S2,0.2223
S,E7000,KWH2500-4999,KWH,I_TAX,EUR,LT,2024-S1,0.2315
S,E7000,KWH2500-4999,KWH,I_TAX,EUR,LT,2024-S2,0.2144
S,E7000,KWH2500-4999,KWH,I_TAX,EUR,LT,2025-S1,0.2109
S,E7000,KWH2500-4999,KWH,I_TAX,EUR,LT,2025-S2,0.1955
S,E7000,KWH2500-4999,KWH,I_TAX,EUR,LU,2007-S1,0.1684
S,E7000,KWH2500-4999,KWH,I_TAX,EUR,LU,2007-S2,0.1645
S,E7000,KWH2500-4999,KWH,I_TAX,EUR,LU,2008-S1,0.1645
S,E7000,KWH2500-4999,KWH,I_TAX,EUR,LU,2008-S2,0.1609
S,E7000,KWH2500-4999,KWH,I_TAX,EUR,LU,2009-S1,0.1882
S,E7000,KWH2500-4999,KWH,I_TAX,EUR,LU,2009-S2,0.1882
S,E7000,KWH2500-4999,KWH,I_TAX,EUR,LU,2010-S1,0.1726
S,E7000,KWH2500-4999,KWH,I_TAX,EUR,LU,2010-S2,0.1747
S,E7000,KWH2500-4999,KWH,I_TAX,EUR,LU,2011-S1,0.1678
S,E7000,KWH2500-4999,KWH,I_TAX,EUR,LU,2011-S2,0.1662
S,E7000,KWH2500-4999,KWH,I_TAX,EUR,LU,2012-S1,0.1696
S,E7000,KWH2500-4999,KWH,I_TAX,EUR,LU,2012-S2,0.1706
S,E7000,KWH2500-4999,KWH,I_TAX,EUR,LU,2013-S1,0.1665
S,E7000,KWH2500-4999,KWH,I_TAX,EUR,LU,2013-S2,0.1646
S,E7000,KWH2500-4999,KWH,I_TAX,EUR,LU,2014-S1,0.1738
S,E7000,KWH2500-4999,KWH,I_TAX,EUR,LU,2014-S2,0.1738
S,E7000,KWH2500-4999,KWH,I_TAX,EUR,LU,2015-S1,0.1767
S,E7000,KWH2500-4999,KWH,I_TAX,EUR,LU,2015-S2,0.1767
S,E7000,KWH2500-4999,KWH,I_TAX,EUR,LU,2016-S1,0.1698
S,E7000,KWH2500-4999,KWH,I_TAX,EUR,LU,2016-S2,0.1698
S,E7000,KWH2500-4999,KWH,I_TAX,EUR,LU,2017-S1,0.1615
S,E7000,KWH2500-4999,KWH,I_TAX,EUR,LU,2017-S2,0.1618
S,E7000,KWH2500-4999,KWH,I_TAX,EUR,LU,2018-S1,0.1671
S,E7000,KWH2500-4999,KWH,I_TAX,EUR,LU,2018-S2,0.1691
S,E7000,KWH2500-4999,KWH,I_TAX,EUR,LU,2019-S1,0.1798
S,E7000,KWH2500-4999,KWH,I_TAX,EUR,LU,2019-S2,0.1799
S,E7000,KWH2500-4999,KWH,I_TAX,EUR,LU,2020-S1,0.1986
S,E7000,KWH2500-4999,KWH,I_TAX,EUR,LU,2020-S2,0.1985
S,E7000,KWH2500-4999,KWH,I_TAX,EUR,LU,2021-S1,0.1988
S,E7000,KWH2500-4999,KWH,I_TAX,EUR,LU,2021-S2,0.1989
S,E7000,KWH2500-4999,KWH,I_TAX,EUR,LU,2022-S1,0.2017
S,E7000,KWH2500-4999,KWH,I_TAX,EUR,LU,2022-S2,0.2042
S,E7000,KWH2500-4999,KWH,I_TAX,EUR,LU,2023-S1,0.2008
S,E7000,KWH2500-4999,KWH,I_TAX,EUR,LU,2023-S2,0.2015
S,E7000,KWH2500-4999,KWH,I_TAX,EUR,LU,2024-S1,0.2029
S,E7000,KWH2500-4999,KWH,I_TAX,EUR,LU,2024-S2,0.2024
S,E7000,KWH2500-4999,KWH,I_TAX,EUR,LU,2025-S1,0.2665
S,E7000,KWH2500-4999,KWH,I_TAX,EUR,LU,2025-S2,0.2665
S,E7000,KWH2500-4999,KWH,I_TAX,EUR,LV,2007-S2,0.0729
S,E7000,KWH2500-4999,KWH,I_TAX,EUR,LV,2008-S1,0.0842
S,E7000,KWH2500-4999,KWH,I_TAX,EUR,LV,2008-S2,0.1003
S,E7000,KWH2500-4999,KWH,I_TAX,EUR,LV,2009-S1,0.1052
S,E7000,KWH2500-4999,KWH,I_TAX,EUR,LV,2009-S2,0.1054
S,E7000,KWH2500-4999,KWH,I_TAX,EUR,LV,2010-S1,0.1049
S,E7000,KWH2500-4999,KWH,I_TAX,EUR,LV,2010-S2,0.1048
S,E7000,KWH2500-4999,KWH,I_TAX,EUR,LV,2011-S1,0.1168
S,E7000,KWH2500-4999,KWH,I_TAX,EUR,LV,2011-S2,0.1342
S,E7000,KWH2500-4999,KWH,I_TAX,EUR,LV,2012-S1,0.1382
S,E7000,KWH2500-4999,KWH,I_TAX,EUR,LV,2012-S2,0.1369
S,E7000,KWH2500-4999,KWH,I_TAX,EUR,LV,2013-S1,0.1378
S,E7000,KWH2500-4999,KWH,I_TAX,EUR,LV,2013-S2,0.1358
S,E7000,KWH2500-4999,KWH,I_TAX,EUR,LV,2014-S1,0.1365
S,E7000,KWH2500-4999,KWH,I_TAX,EUR,LV,2014-S2,0.1301
S,E7000,KWH2500-4999,KWH,I_TAX,EUR,LV,2015-S1,0.1635
S,E7000,KWH2500-4999,KWH,I_TAX,EUR,LV,2015-S2,0.165
S,E7000,KWH2500-4999,KWH,I_TAX,EUR,LV,2016-S1,0.1628
S,E7000,KWH2500-4999,KWH,I_TAX,EUR,LV,2016-S2,0.1624
S,E7000,KWH2500-4999,KWH,I_TAX,EUR,LV,2017-S1,0.1586
S,E7000,KWH2500-4999,KWH,I_TAX,EUR,LV,2017-S2,0.1582
S,E7000,KWH2500-4999,KWH,I_TAX,EUR,LV,2018-S1,0.1531
S,E7000,KWH2500-4999,KWH,I_TAX,EUR,LV,2018-S2,0.1511
S,E7000,KWH2500-4999,KWH,I_TAX,EUR,LV,2019-S1,0.1629
S,E7000,KWH2500-4999,KWH,I_TAX,EUR,LV,2019-S2,0.164
S,E7000,KWH2500-4999,KWH,I_TAX,EUR,LV,2020-S1,0.142
S,E7000,KWH2500-4999,KWH,I_TAX,EUR,LV,2020-S2,0.1432
S,E7000,KWH2500-4999,KWH,I_TAX,EUR,LV,2021-S1,0.1403
S,E7000,KWH2500-4999,KWH,I_TAX,EUR,LV,2021-S2,0.1886
S,E7000,KWH2500-4999,KWH,I_TAX,EUR,LV,2022-S1,0.1759
S,E7000,KWH2500-4999,KWH,I_TAX,EUR,LV,2022-S2,0.2992
S,E7000,KWH2500-4999,KWH,I_TAX,EUR,LV,2023-S1,0.3054
S,E7000,KWH2500-4999,KWH,I_TAX,EUR,LV,2023-S2,0.2774
S,E7000,KWH2500-4999,KWH,I_TAX,EUR,LV,2024-S1,0.2546
S,E7000,KWH2500-4999,KWH,I_TAX,EUR,LV,2024-S2,0.2408
S,E7000,KWH2500-4999,KWH,I_TAX,EUR,LV,2025-S1,0.244
S,E7000,KWH2500-4999,KWH,I_TAX,EUR,LV,2025-S2,0.2452
S,E7000,KWH2500-4999,KWH,I_TAX,EUR,MT,2007-S2,0.0918
S,E7000,KWH2500-4999,KWH,I_TAX,EUR,MT,2008-S1,0.0993
S,E7000,KWH2500-4999,KWH,I_TAX,EUR,MT,2008-S2,0.1536
S,E7000,KWH2500-4999,KWH,I_TAX,EUR,MT,2009-S1,0.1708
S,E7000,KWH2500-4999,KWH,I_TAX,EUR,MT,2009-S2,0.1513
S,E7000,KWH2500-4999,KWH,I_TAX,EUR,MT,2010-S1,0.1647
S,E7000,KWH2500-4999,KWH,I_TAX,EUR,MT,2010-S2,0.1653
S,E7000,KWH2500-4999,KWH,I_TAX,EUR,MT,2011-S1,0.1651
S,E7000,KWH2500-4999,KWH,I_TAX,EUR,MT,2011-S2,0.1666
S,E7000,KWH2500-4999,KWH,I_TAX,EUR,MT,2012-S1,0.1673
S,E7000,KWH2500-4999,KWH,I_TAX,EUR,MT,2012-S2,0.1678
S,E7000,KWH2500-4999,KWH,I_TAX,EUR,MT,2013-S1,0.1664
S,E7000,KWH2500-4999,KWH,I_TAX,EUR,MT,2013-S2,0.1689
S,E7000,KWH2500-4999,KWH,I_TAX,EUR,MT,2014-S1,0.1474
S,E7000,KWH2500-4999,KWH,I_TAX,EUR,MT,2014-S2,0.1248
S,E7000,KWH2500-4999,KWH,I_TAX,EUR,MT,2015-S1,0.1257
S,E7000,KWH2500-4999,KWH,I_TAX,EUR,MT,2015-S2,0.1269
S,E7000,KWH2500-4999,KWH,I_TAX,EUR,MT,2016-S1,0.1257
S,E7000,KWH2500-4999,KWH,I_TAX,EUR,MT,2016-S2,0.1274
S,E7000,KWH2500-4999,KWH,I_TAX,EUR,MT,2017-S1,0.1328
S,E7000,KWH2500-4999,KWH,I_TAX,EUR,MT,2017-S2,0.1298
S,E7000,KWH2500-4999,KWH,I_TAX,EUR,MT,2018-S1,0.1285
S,E7000,KWH2500-4999,KWH,I_TAX,EUR,MT,2018-S2,0.1307
S,E7000,KWH2500-4999,KWH,I_TAX,EUR,MT,2019-S1,0.129
S,E7000,KWH2500-4999,KWH,I_TAX,EUR,MT,2019-S2,0.1304
S,E7000,KWH2500-4999,KWH,I_TAX,EUR,MT,2020-S1,0.1284
S,E7000,KWH2500-4999,KWH,I_TAX,EUR,MT,2020-S2,0.1301
S,E7000,KWH2500-4999,KWH,I_TAX,EUR,MT,2021-S1,0.1285
S,E7000,KWH2500-4999,KWH,I_TAX,EUR,MT,2021-S2,0.1318
S,E7000,KWH2500-4999,KWH,I_TAX,EUR,MT,2022-S1,0.1298
S,E7000,KWH2500-4999,KWH,I_TAX,EUR,MT,2022-S2,0.1284
S,E7000,KWH2500-4999,KWH,I_TAX,EUR,MT,2023-S1,0.1261
S,E7000,KWH2500-4999,KWH,I_TAX,EUR,MT,2023-S2,0.1279
S,E7000,KWH2500-4999,KWH,I_TAX,EUR,MT,2024-S1,0.1272
S,E7000,KWH2500-4999,KWH,I_TAX,EUR,MT,2024-S2,0.1303
S,E7000,KWH2500-4999,KWH,I_TAX,EUR,MT,2025-S1,0.1261
S,E7000,KWH2500-4999,KWH,I_TAX,EUR,MT,2025-S2,0.1282
S,E7000,KWH2500-4999,KWH,I_TAX,EUR,NL,2007-S1,0.1759
S,E7000,KWH2500-4999,KWH,I_TAX,EUR,NL,2007-S2,0.1741
S,E7000,KWH2500-4999,KWH,I_TAX,EUR,NL,2008-S1,0.1769
S,E7000,KWH2500-4999,KWH,I_TAX,EUR,NL,2008-S2,0.1798
S,E7000,KWH2500-4999,KWH,I_TAX,EUR,NL,2009-S1,0.1979
S,E7000,KWH2500-4999,KWH,I_TAX,EUR,NL,2009-S2,0.1906
S,E7000,KWH2500-4999,KWH,I_TAX,EUR,NL,2010-S1,0.1767
S,E7000,KWH2500-4999,KWH,I_TAX,EUR,NL,2010-S2,0.1789
S,E7000,KWH2500-4999,KWH,I_TAX,EUR,NL,2011-S1,0.1802
S,E7000,KWH2500-4999,KWH,I_TAX,EUR,NL,2011-S2,0.1801
S,E7000,KWH2500-4999,KWH,I_TAX,EUR,NL,2012-S1,0.185
S,E7000,KWH2500-4999,KWH,I_TAX,EUR,NL,2012-S2,0.1864
S,E7000,KWH2500-4999,KWH,I_TAX,EUR,NL,2013-S1,0.1898
S,E7000,KWH2500-4999,KWH,I_TAX,EUR,NL,2013-S2,0.1905
S,E7000,KWH2500-4999,KWH,I_TAX,EUR,NL,2014-S1,0.1841
S,E7000,KWH2500-4999,KWH,I_TAX,EUR,NL,2014-S2,0.1801
S,E7000,KWH2500-4999,KWH,I_TAX,EUR,NL,2015-S1,0.1986
S,E7000,KWH2500-4999,KWH,I_TAX,EUR,NL,2015-S2,0.1846
S,E7000,KWH2500-4999,KWH,I_TAX,EUR,NL,2016-S1,0.162
S,E7000,KWH2500-4999,KWH,I_TAX,EUR,NL,2016-S2,0.1592
S,E7000,KWH2500-4999,KWH,I_TAX,EUR,NL,2017-S1,0.162
S,E7000,KWH2500-4999,KWH,I_TAX,EUR,NL,2017-S2,0.161
S,E7000,KWH2500-4999,KWH,I_TAX,EUR,NL,2018-S1,0.178
S,E7000,KWH2500-4999,KWH,I_TAX,EUR,NL,2018-S2,0.178
S,E7000,KWH2500-4999,KWH,I_TAX,EUR,NL,2019-S1,0.206
S,E7000,KWH2500-4999,KWH,I_TAX,EUR,NL,2019-S2,0.205
S,E7000,KWH2500-4999,KWH,I_TAX,EUR,NL,2020-S1,0.1433
S,E7000,KWH2500-4999,KWH,I_TAX,EUR,NL,2020-S2,0.1351
S,E7000,KWH2500-4999,KWH,I_TAX,EUR,NL,2021-S1,0.1284
S,E7000,KWH2500-4999,KWH,I_TAX,EUR,NL,2021-S2,0.1436
S,E7000,KWH2500-4999,KWH,I_TAX,EUR,NL,2022-S1,0.0336
S,E7000,KWH2500-4999,KWH,I_TAX,EUR,NL,2022-S2,0.1418
S,E7000,KWH2500-4999,KWH,I_TAX,EUR,NL,2023-S1,0.3572
S,E7000,KWH2500-4999,KWH,I_TAX,EUR,NL,2023-S2,0.2486
S,E7000,KWH2500-4999,KWH,I_TAX,EUR,NL,2024-S1,0.2529
S,E7000,KWH2500-4999,KWH,I_TAX,EUR,NL,2024-S2,0.2177
S,E7000,KWH2500-4999,KWH,I_TAX,EUR,NL,2025-S1,0.2393
S,E7000,KWH2500-4999,KWH,I_TAX,EUR,NL,2025-S2,0.2558
S,E7000,KWH2500-4999,KWH,I_TAX,EUR,PL,2007-S2,0.138
S,E7000,KWH2500-4999,KWH,I_TAX,EUR,PL,2008-S1,0.1259
S,E7000,KWH2500-4999,KWH,I_TAX,EUR,PL,2008-S2,0.1295
S,E7000,KWH2500-4999,KWH,I_TAX,EUR,PL,2009-S1,0.1131
S,E7000,KWH2500-4999,KWH,I_TAX,EUR,PL,2009-S2,0.1291
S,E7000,KWH2500-4999,KWH,I_TAX,EUR,PL,2010-S1,0.1341
S,E7000,KWH2500-4999,KWH,I_TAX,EUR,PL,2010-S2,0.1382
S,E7000,KWH2500-4999,KWH,I_TAX,EUR,PL,2011-S1,0.1471
S,E7000,KWH2500-4999,KWH,I_TAX,EUR,PL,2011-S2,0.1351
S,E7000,KWH2500-4999,KWH,I_TAX,EUR,PL,2012-S1,0.1418
S,E7000,KWH2500-4999,KWH,I_TAX,EUR,PL,2012-S2,0.1529
S,E7000,KWH2500-4999,KWH,I_TAX,EUR,PL,2013-S1,0.148
S,E7000,KWH2500-4999,KWH,I_TAX,EUR,PL,2013-S2,0.1437
S,E7000,KWH2500-4999,KWH,I_TAX,EUR,PL,2014-S1,0.1421
S,E7000,KWH2500-4999,KWH,I_TAX,EUR,PL,2014-S2,0.1408
S,E7000,KWH2500-4999,KWH,I_TAX,EUR,PL,2015-S1,0.1444
S,E7000,KWH2500-4999,KWH,I_TAX,EUR,PL,2015-S2,0.1418
S,E7000,KWH2500-4999,KWH,I_TAX,EUR,PL,2016-S1,0.1332
S,E7000,KWH2500-4999,KWH,I_TAX,EUR,PL,2016-S2,0.1352
S,E7000,KWH2500-4999,KWH,I_TAX,EUR,PL,2017-S1,0.1446
S,E7000,KWH2500-4999,KWH,I_TAX,EUR,PL,2017-S2,0.1451
S,E7000,KWH2500-4999,KWH,I_TAX,EUR,PL,2018-S1,0.141
S,E7000,KWH2500-4999,KWH,I_TAX,EUR,PL,2018-S2,0.1396
S,E7000,KWH2500-4999,KWH,I_TAX,EUR,PL,2019-S1,0.1343
S,E7000,KWH2500-4999,KWH,I_TAX,EUR,PL,2019-S2,0.1376
S,E7000,KWH2500-4999,KWH,I_TAX,EUR,PL,2020-S1,0.1475
S,E7000,KWH2500-4999,KWH,I_TAX,EUR,PL,2020-S2,0.151
S,E7000,KWH2500-4999,KWH,I_TAX,EUR,PL,2021-S1,0.1548
S,E7000,KWH2500-4999,KWH,I_TAX,EUR,PL,2021-S2,0.1574
S,E7000,KWH2500-4999,KWH,I_TAX,EUR,PL,2022-S1,0.1464
S,E7000,KWH2500-4999,KWH,I_TAX,EUR,PL,2022-S2,0.1604
S,E7000,KWH2500-4999,KWH,I_TAX,EUR,PL,2023-S1,0.1769
S,E7000,KWH2500-4999,KWH,I_TAX,EUR,PL,2023-S2,0.2162
S,E7000,KWH2500-4999,KWH,I_TAX,EUR,PL,2024-S1,0.209
S,E7000,KWH2500-4999,KWH,I_TAX,EUR,PL,2024-S2,0.2477
S,E7000,KWH2500-4999,KWH,I_TAX,EUR,PL,2025-S1,0.2559
S,E7000,KWH2500-4999,KWH,I_TAX,EUR,PL,2025-S2,0.2709
S,E7000,KWH2500-4999,KWH,I_TAX,EUR,PT,2007-S2,0.1562
S,E7000,KWH2500-4999,KWH,I_TAX,EUR,PT,2008-S1,0.1482
S,E7000,KWH2500-4999,KWH,I_TAX,EUR,PT,2008-S2,0.1525
S,E7000,KWH2500-4999,KWH,I_TAX,EUR,PT,2009-S1,0.1508
S,E7000,KWH2500-4999,KWH,I_TAX,EUR,PT,2009-S2,0.1594
S,E7000,KWH2500-4999,KWH,I_TAX,EUR,PT,2010-S1,0.1584
S,E7000,KWH2500-4999,KWH,I_TAX,EUR,PT,2010-S2,0.1666
S,E7000,KWH2500-4999,KWH,I_TAX,EUR,PT,2011-S1,0.1654
S,E7000,KWH2500-4999,KWH,I_TAX,EUR,PT,2011-S2,0.1881
S,E7000,KWH2500-4999,KWH,I_TAX,EUR,PT,2012-S1,0.1993
S,E7000,KWH2500-4999,KWH,I_TAX,EUR,PT,2012-S2,0.2063
S,E7000,KWH2500-4999,KWH,I_TAX,EUR,PT,2013-S1,0.2081
S,E7000,KWH2500-4999,KWH,I_TAX,EUR,PT,2013-S2,0.2131
S,E7000,KWH2500-4999,KWH,I_TAX,EUR,PT,2014-S1,0.2175
S,E7000,KWH2500-4999,KWH,I_TAX,EUR,PT,2014-S2,0.2231
S,E7000,KWH2500-4999,KWH,I_TAX,EUR,PT,2015-S1,0.2279
S,E7000,KWH2500-4999,KWH,I_TAX,EUR,PT,2015-S2,0.2285
S,E7000,KWH2500-4999,KWH,I_TAX,EUR,PT,2016-S1,0.235
S,E7000,KWH2500-4999,KWH,I_TAX,EUR,PT,2016-S2,0.2298
S,E7000,KWH2500-4999,KWH,I_TAX,EUR,PT,2017-S1,0.2284
S,E7000,KWH2500-4999,KWH,I_TAX,EUR,PT,2017-S2,0.223
S,E7000,KWH2500-4999,KWH,I_TAX,EUR,PT,2018-S1,0.2246
S,E7000,KWH2500-4999,KWH,I_TAX,EUR,PT,2018-S2,0.2293
S,E7000,KWH2500-4999,KWH,I_TAX,EUR,PT,2019-S1,0.215
S,E7000,KWH2500-4999,KWH,I_TAX,EUR,PT,2019-S2,0.2181
S,E7000,KWH2500-4999,KWH,I_TAX,EUR,PT,2020-S1,0.212
S,E7000,KWH2500-4999,KWH,I_TAX,EUR,PT,2020-S2,0.2133
S,E7000,KWH2500-4999,KWH,I_TAX,EUR,PT,2021-S1,0.2089
S,E7000,KWH2500-4999,KWH,I_TAX,EUR,PT,2021-S2,0.217
S,E7000,KWH2500-4999,KWH,I_TAX,EUR,PT,2022-S1,0.2199
S,E7000,KWH2500-4999,KWH,I_TAX,EUR,PT,2022-S2,0.2222
S,E7000,KWH2500-4999,KWH,I_TAX,EUR,PT,2023-S1,0.2071
S,E7000,KWH2500-4999,KWH,I_TAX,EUR,PT,2023-S2,0.2299
S,E7000,KWH2500-4999,KWH,I_TAX,EUR,PT,2024-S1,0.2426
S,E7000,KWH2500-4999,KWH,I_TAX,EUR,PT,2024-S2,0.2626
S,E7000,KWH2500-4999,KWH,I_TAX,EUR,PT,2025-S1,0.239
S,E7000,KWH2500-4999,KWH,I_TAX,EUR,PT,2025-S2,0.2435
S,E7000,KWH2500-4999,KWH,I_TAX,EUR,RO,2007-S2,0.1141
S,E7000,KWH2500-4999,KWH,I_TAX,EUR,RO,2008-S1,0.1061
S,E7000,KWH2500-4999,KWH,I_TAX,EUR,RO,2008-S2,0.1103
S,E7000,KWH2500-4999,KWH,I_TAX,EUR,RO,2009-S1,0.0976
S,E7000,KWH2500-4999,KWH,I_TAX,EUR,RO,2009-S2,0.0979
S,E7000,KWH2500-4999,KWH,I_TAX,EUR,RO,2010-S1,0.1031
S,E7000,KWH2500-4999,KWH,I_TAX,EUR,RO,2010-S2,0.1052
S,E7000,KWH2500-4999,KWH,I_TAX,EUR,RO,2011-S1,0.1082
S,E7000,KWH2500-4999,KWH,I_TAX,EUR,RO,2011-S2,0.1085
S,E7000,KWH2500-4999,KWH,I_TAX,EUR,RO,2012-S1,0.105
S,E7000,KWH2500-4999,KWH,I_TAX,EUR,RO,2012-S2,0.1075
S,E7000,KWH2500-4999,KWH,I_TAX,EUR,RO,2013-S1,0.1323
S,E7000,KWH2500-4999,KWH,I_TAX,EUR,RO,2013-S2,0.1279
S,E7000,KWH2500-4999,KWH,I_TAX,EUR,RO,2014-S1,0.129
S,E7000,KWH2500-4999,KWH,I_TAX,EUR,RO,2014-S2,0.1248
S,E7000,KWH2500-4999,KWH,I_TAX,EUR,RO,2015-S1,0.1303
S,E7000,KWH2500-4999,KWH,I_TAX,EUR,RO,2015-S2,0.1319
S,E7000,KWH2500-4999,KWH,I_TAX,EUR,RO,2016-S1,0.126
S,E7000,KWH2500-4999,KWH,I_TAX,EUR,RO,2016-S2,0.1233
S,E7000,KWH2500-4999,KWH,I_TAX,EUR,RO,2017-S1,0.1198
S,E7000,KWH2500-4999,KWH,I_TAX,EUR,RO,2017-S2,0.1289
S,E7000,KWH2500-4999,KWH,I_TAX,EUR,RO,2018-S1,0.1333
S,E7000,KWH2500-4999,KWH,I_TAX,EUR,RO,2018-S2,0.1317
S,E7000,KWH2500-4999,KWH,I_TAX,EUR,RO,2019-S1,0.1358
S,E7000,KWH2500-4999,KWH,I_TAX,EUR,RO,2019-S2,0.1421
S,E7000,KWH2500-4999,KWH,I_TAX,EUR,RO,2020-S1,0.1459
S,E7000,KWH2500-4999,KWH,I_TAX,EUR,RO,2020-S2,0.1449
S,E7000,KWH2500-4999,KWH,I_TAX,EUR,RO,2021-S1,0.1536
S,E7000,KWH2500-4999,KWH,I_TAX,EUR,RO,2021-S2,0.1602
S,E7000,KWH2500-4999,KWH,I_TAX,EUR,RO,2022-S1,0.2362
S,E7000,KWH2500-4999,KWH,I_TAX,EUR,RO,2022-S2,0.3411
S,E7000,KWH2500-4999,KWH,I_TAX,EUR,RO,2023-S1,0.1892
S,E7000,KWH2500-4999,KWH,I_TAX,EUR,RO,2023-S2,0.191
S,E7000,KWH2500-4999,KWH,I_TAX,EUR,RO,2024-S1,0.1883
S,E7000,KWH2500-4999,KWH,I_TAX,EUR,RO,2024-S2,0.1863
S,E7000,KWH2500-4999,KWH,I_TAX,EUR,RO,2025-S1,0.1918
S,E7000,KWH2500-4999,KWH,I_TAX,EUR,RO,2025-S2,0.2893
S,E7000,KWH2500-4999,KWH,I_TAX,EUR,SE,2007-S1,0.1558
S,E7000,KWH2500-4999,KWH,I_TAX,EUR,SE,2007-S2,0.1613
S,E7000,KWH2500-4999,KWH,I_TAX,EUR,SE,2008-S1,0.1698
S,E7000,KWH2500-4999,KWH,I_TAX,EUR,SE,2008-S2,0.1746
S,E7000,KWH2500-4999,KWH,I_TAX,EUR,SE,2009-S1,0.1602
S,E7000,KWH2500-4999,KWH,I_TAX,EUR,SE,2009-S2,0.1646
S,E7000,KWH2500-4999,KWH,I_TAX,EUR,SE,2010-S1,0.1839
S,E7000,KWH2500-4999,KWH,I_TAX,EUR,SE,2010-S2,0.1958
S,E7000,KWH2500-4999,KWH,I_TAX,EUR,SE,2011-S1,0.2092
S,E7000,KWH2500-4999,KWH,I_TAX,EUR,SE,2011-S2,0.2044
S,E7000,KWH2500-4999,KWH,I_TAX,EUR,SE,2012-S1,0.2027
S,E7000,KWH2500-4999,KWH,I_TAX,EUR,SE,2012-S2,0.2083
S,E7000,KWH2500-4999,KWH,I_TAX,EUR,SE,2013-S1,0.2101
S,E7000,KWH2500-4999,KWH,I_TAX,EUR,SE,2013-S2,0.2046
S,E7000,KWH2500-4999,KWH,I_TAX,EUR,SE,2014-S1,0.1967
S,E7000,KWH2500-4999,KWH,I_TAX,EUR,SE,2014-S2,0.1867
S,E7000,KWH2500-4999,KWH,I_TAX,EUR,SE,2015-S1,0.1872
S,E7000,KWH2500-4999,KWH,I_TAX,EUR,SE,2015-S2,0.1874
S,E7000,KWH2500-4999,KWH,I_TAX,EUR,SE,2016-S1,0.1915
S,E7000,KWH2500-4999,KWH,I_TAX,EUR,SE,2016-S2,0.1962
S,E7000,KWH2500-4999,KWH,I_TAX,EUR,SE,2017-S1,0.1955
S,E7000,KWH2500-4999,KWH,I_TAX,EUR,SE,2017-S2,0.2013
S,E7000,KWH2500-4999,KWH,I_TAX,EUR,SE,2018-S1,0.191
S,E7000,KWH2500-4999,KWH,I_TAX,EUR,SE,2018-S2,0.2049
S,E7000,KWH2500-4999,KWH,I_TAX,EUR,SE,2019-S1,0.2033
S,E7000,KWH2500-4999,KWH,I_TAX,EUR,SE,2019-S2,0.2052
S,E7000,KWH2500-4999,KWH,I_TAX,EUR,SE,2020-S1,0.1914
S,E7000,KWH2500-4999,KWH,I_TAX,EUR,SE,2020-S2,0.2017
S,E7000,KWH2500-4999,KWH,I_TAX,EUR,SE,2021-S1,0.2114
S,E7000,KWH2500-4999,KWH,I_TAX,EUR,SE,2021-S2,0.2604
S,E7000,KWH2500-4999,KWH,I_TAX,EUR,SE,2022-S1,0.2278
S,E7000,KWH2500-4999,KWH,I_TAX,EUR,SE,2022-S2,0.274
S,E7000,KWH2500-4999,KWH,I_TAX,EUR,SE,2023-S1,0.2662
S,E7000,KWH2500-4999,KWH,I_TAX,EUR,SE,2023-S2,0.2181
S,E7000,KWH2500-4999,KWH,I_TAX,EUR,SE,2024-S1,0.2434
S,E7000,KWH2500-4999,KWH,I_TAX,EUR,SE,2024-S2,0.2351
S,E7000,KWH2500-4999,KWH,I_TAX,EUR,SE,2025-S1,0.2654
S,E7000,KWH2500-4999,KWH,I_TAX,EUR,SE,2025-S2,0.2711
S,E7000,KWH2500-4999,KWH,I_TAX,EUR,SI,2007-S2,0.1116
S,E7000,KWH2500-4999,KWH,I_TAX,EUR,SI,2008-S1,0.1147
S,E7000,KWH2500-4999,KWH,I_TAX,EUR,SI,2008-S2,0.1156
S,E7000,KWH2500-4999,KWH,I_TAX,EUR,SI,2009-S1,0.1346
S,E7000,KWH2500-4999,KWH,I_TAX,EUR,SI,2009-S2,0.1341
S,E7000,KWH2500-4999,KWH,I_TAX,EUR,SI,2010-S1,0.1401
S,E7000,KWH2500-4999,KWH,I_TAX,EUR,SI,2010-S2,0.1426
S,E7000,KWH2500-4999,KWH,I_TAX,EUR,SI,2011-S1,0.1441
S,E7000,KWH2500-4999,KWH,I_TAX,EUR,SI,2011-S2,0.1492
S,E7000,KWH2500-4999,KWH,I_TAX,EUR,SI,2012-S1,0.1542
S,E7000,KWH2500-4999,KWH,I_TAX,EUR,SI,2012-S2,0.1542
S,E7000,KWH2500-4999,KWH,I_TAX,EUR,SI,2013-S1,0.161
S,E7000,KWH2500-4999,KWH,I_TAX,EUR,SI,2013-S2,0.1657
S,E7000,KWH2500-4999,KWH,I_TAX,EUR,SI,2014-S1,0.163
S,E7000,KWH2500-4999,KWH,I_TAX,EUR,SI,2014-S2,0.1632
S,E7000,KWH2500-4999,KWH,I_TAX,EUR,SI,2015-S1,0.1589
S,E7000,KWH2500-4999,KWH,I_TAX,EUR,SI,2015-S2,0.1631
S,E7000,KWH2500-4999,KWH,I_TAX,EUR,SI,2016-S1,0.1618
S,E7000,KWH2500-4999,KWH,I_TAX,EUR,SI,2016-S2,0.1629
S,E7000,KWH2500-4999,KWH,I_TAX,EUR,SI,2017-S1,0.1609
S,E7000,KWH2500-4999,KWH,I_TAX,EUR,SI,2017-S2,0.1613
S,E7000,KWH2500-4999,KWH,I_TAX,EUR,SI,2018-S1,0.1613
S,E7000,KWH2500-4999,KWH,I_TAX,EUR,SI,2018-S2,0.1638
S,E7000,KWH2500-4999,KWH,I_TAX,EUR,SI,2019-S1,0.1634
S,E7000,KWH2500-4999,KWH,I_TAX,EUR,SI,2019-S2,0.1666
S,E7000,KWH2500-4999,KWH,I_TAX,EUR,SI,2020-S1,0.1448
S,E7000,KWH2500-4999,KWH,I_TAX,EUR,SI,2020-S2,0.1694
S,E7000,KWH2500-4999,KWH,I_TAX,EUR,SI,2021-S1,0.1662
S,E7000,KWH2500-4999,KWH,I_TAX,EUR,SI,2021-S2,0.1711
S,E7000,KWH2500-4999,KWH,I_TAX,EUR,SI,2022-S1,0.139
S,E7000,KWH2500-4999,KWH,I_TAX,EUR,SI,2022-S2,0.1956
S,E7000,KWH2500-4999,KWH,I_TAX,EUR,SI,2023-S1,0.1917
S,E7000,KWH2500-4999,KWH,I_TAX,EUR,SI,2023-S2,0.2113
S,E7000,KWH2500-4999,KWH,I_TAX,EUR,SI,2024-S1,0.2084
S,E7000,KWH2500-4999,KWH,I_TAX,EUR,SI,2024-S2,0.2006
S,E7000,KWH2500-4999,KWH,I_TAX,EUR,SI,2025-S1,0.181
S,E7000,KWH2500-4999,KWH,I_TAX,EUR,SI,2025-S2,0.2121
S,E7000,KWH2500-4999,KWH,I_TAX,EUR,SK,2007-S2,0.137
S,E7000,KWH2500-4999,KWH,I_TAX,EUR,SK,2008-S1,0.1421
S,E7000,KWH2500-4999,KWH,I_TAX,EUR,SK,2008-S2,0.1526
S,E7000,KWH2500-4999,KWH,I_TAX,EUR,SK,2009-S1,0.154
S,E7000,KWH2500-4999,KWH,I_TAX,EUR,SK,2009-S2,0.156
S,E7000,KWH2500-4999,KWH,I_TAX,EUR,SK,2010-S1,0.152
S,E7000,KWH2500-4999,KWH,I_TAX,EUR,SK,2010-S2,0.1637
S,E7000,KWH2500-4999,KWH,I_TAX,EUR,SK,2011-S1,0.1682
S,E7000,KWH2500-4999,KWH,I_TAX,EUR,SK,2011-S2,0.171
S,E7000,KWH2500-4999,KWH,I_TAX,EUR,SK,2012-S1,0.1716
S,E7000,KWH2500-4999,KWH,I_TAX,EUR,SK,2012-S2,0.1722
S,E7000,KWH2500-4999,KWH,I_TAX,EUR,SK,2013-S1,0.1698
S,E7000,KWH2500-4999,KWH,I_TAX,EUR,SK,2013-S2,0.1678
S,E7000,KWH2500-4999,KWH,I_TAX,EUR,SK,2014-S1,0.1507
S,E7000,KWH2500-4999,KWH,I_TAX,EUR,SK,2014-S2,0.1523
S,E7000,KWH2500-4999,KWH,I_TAX,EUR,SK,2015-S1,0.1506
S,E7000,KWH2500-4999,KWH,I_TAX,EUR,SK,2015-S2,0.1517
S,E7000,KWH2500-4999,KWH,I_TAX,EUR,SK,2016-S1,0.1423
S,E7000,KWH2500-4999,KWH,I_TAX,EUR,SK,2016-S2,0.1537
S,E7000,KWH2500-4999,KWH,I_TAX,EUR,SK,2017-S1,0.1435
S,E7000,KWH2500-4999,KWH,I_TAX,EUR,SK,2017-S2,0.1442
S,E7000,KWH2500-4999,KWH,I_TAX,EUR,SK,2018-S1,0.1566
S,E7000,KWH2500-4999,KWH,I_TAX,EUR,SK,2018-S2,0.1462
S,E7000,KWH2500-4999,KWH,I_TAX,EUR,SK,2019-S1,0.1577
S,E7000,KWH2500-4999,KWH,I_TAX,EUR,SK,2019-S2,0.1585
S,E7000,KWH2500-4999,KWH,I_TAX,EUR,SK,2020-S1,0.1686
S,E7000,KWH2500-4999,KWH,I_TAX,EUR,SK,2020-S2,0.1724
S,E7000,KWH2500-4999,KWH,I_TAX,EUR,SK,2021-S1,0.1668
S,E7000,KWH2500-4999,KWH,I_TAX,EUR,SK,2021-S2,0.1624
S,E7000,KWH2500-4999,KWH,I_TAX,EUR,SK,2022-S1,0.1796
S,E7000,KWH2500-4999,KWH,I_TAX,EUR,SK,2022-S2,0.1884
S,E7000,KWH2500-4999,KWH,I_TAX,EUR,SK,2023-S1,0.1892
S,E7000,KWH2500-4999,KWH,I_TAX,EUR,SK,2023-S2,0.1943
S,E7000,KWH2500-4999,KWH,I_TAX,EUR,SK,2024-S1,0.1806
S,E7000,KWH2500-4999,KWH,I_TAX,EUR,SK,2024-S2,0.177
S,E7000,KWH2500-4999,KWH,I_TAX,EUR,SK,2025-S1,0.1887
S,E7000,KWH2500-4999,KWH,I_TAX,EUR,SK,2025-S2,0.1853
