country_code,country,region,year,new_cars_total,new_cars_bev,new_cars_phev,gdp_per_capita_pps,aic_per_capita_pps,median_disposable_income,population,electricity_price,environmental_expenditure,fuel_price
AT,Austria,Западная Европа,2015,308555.0,1677.0,1101.0,35681.9,23093.3,21981,8584926,0.1996,0.4,1.2020816326530612
AT,Austria,Западная Европа,2016,329604.0,3826.0,1237.0,36385.1,23408.9,23071,8700471,0.2022,0.4,1.11142
AT,Austria,Западная Европа,2017,353320.0,5433.0,1721.0,37012.2,23882.3,23361,8772865,0.19640000000000002,0.4,1.17744
AT,Austria,Западная Европа,2018,341068.0,6757.0,2258.0,38419.4,24516.7,23204,8822267,0.1989,0.4,1.26434
AT,Austria,Западная Европа,2019,329363.0,9242.0,2156.0,39263.8,24965.0,23687,8858775,0.2054,0.4,1.238204081632653
AT,Austria,Западная Европа,2020,248740.0,15972.0,7641.0,37385.6,23604.3,23334,8901064,0.2139,0.4,1.08368
AT,Austria,Западная Европа,2021,239803.0,33366.0,14626.0,40185.6,25686.7,24450,8932664,0.22505,0.4,1.2833673469387754
AT,Austria,Западная Европа,2022,215050.0,34165.0,13268.0,44569.5,28670.4,25119,8978929,0.23095,0.5,1.7277058823529412
AT,Austria,Западная Европа,2023,239150.0,47621.0,16956.0,46391.9,30138.3,28690,9104772,0.27005,0.6,1.5954117647058825
AT,Austria,Западная Европа,2024,253789.0,44622.0,16928.0,47527.9,31379.6,29758,9158750,0.2584,0.7,1.5682452830188678
BE,Belgium,Западная Европа,2015,506284.0,1360.0,,33127.0,22339.7,19921,11237274,0.2239,1.3,1.365825918367347
BE,Belgium,Западная Европа,2016,546142.0,2061.0,,33631.0,22670.2,21335,11311117,0.26445,1.2,1.2633166
BE,Belgium,Западная Европа,2017,553692.0,2717.0,,34519.6,23338.4,20904,11351727,0.2867,1.3,1.3504261999999998
BE,Belgium,Западная Европа,2018,557487.0,3763.0,,35579.3,24076.4,21353,11398589,0.28800000000000003,1.3,1.4031835999999998
BE,Belgium,Западная Европа,2019,558003.0,8892.0,,36884.8,24638.0,22141,11455519,0.28495,1.3,1.391061224489796
BE,Belgium,Западная Европа,2020,439038.0,15044.0,,35850.5,23612.1,22391,11522440,0.2747,1.4,1.2775436
BE,Belgium,Западная Европа,2021,392769.0,22774.0,,38699.2,25314.9,22768,11554767,0.2848,1.4,1.4857632653061223
BE,Belgium,Западная Европа,2022,374597.0,37760.0,59269.0,42520.4,28396.9,24159,11617623,0.3963,1.2,1.797892745098039
BE,Belgium,Западная Европа,2023,484639.0,93482.0,100308.0,45367.3,30338.0,25150,11742796,0.4064,1.2,1.723139807692308
BE,Belgium,Западная Европа,2024,456303.0,127915.0,67034.0,46587.9,31479.6,26361,11817096,0.33335,1.2,1.635917358490566
BG,Bulgaria,Восточная Европа,2015,17271.0,10.0,,13586.9,9522.7,6882,7029690,0.09495,0.8,1.1029548979591837
BG,Bulgaria,Восточная Европа,2016,20386.0,11.0,,14411.0,9841.1,6742,6938759,0.0947,0.7,0.9838294000000001
BG,Bulgaria,Восточная Европа,2017,25995.0,13.0,,15329.3,10396.1,7533,6849518,0.0969,0.7,1.0259268
BG,Bulgaria,Восточная Европа,2018,28584.0,145.0,,16273.7,11035.1,7218,6757418,0.09920000000000001,0.7,1.0982826
BG,Bulgaria,Восточная Европа,2019,32885.0,188.0,,17407.9,11743.7,8371,6664177,0.09775,0.7,1.0842144897959183
BG,Bulgaria,Восточная Европа,2020,20429.0,139.0,41.0,17473.0,11830.3,8647,6569275,0.09895,0.7,0.9311896000000001
BG,Bulgaria,Восточная Европа,2021,24467.0,321.0,97.0,19748.1,13391.8,9375,6532117,0.10575000000000001,0.8,1.075895306122449
BG,Bulgaria,Восточная Европа,2022,28568.0,1021.0,141.0,22421.2,15053.2,9671,6482484,0.11199999999999999,0.7,1.463731176470588
BG,Bulgaria,Восточная Европа,2023,37476.0,1754.0,355.0,24254.4,16312.1,11155,6447710,0.11649999999999999,0.6,1.3377064705882353
BG,Bulgaria,Восточная Европа,2024,42799.0,1665.0,467.0,26324.3,17891.3,13079,6445481,0.1202,0.6,1.3106739682646873
CY,Cyprus,Южная Европа,2015,10078.0,4.0,,22563.5,16985.7,15313,860846,0.18975,0.7,1.2285032653061225
CY,Cyprus,Южная Европа,2016,12468.0,7.0,,24483.3,17860.7,16173,863764,0.15739999999999998,0.6,1.1451035999999999
CY,Cyprus,Южная Европа,2017,13118.0,18.0,,25941.8,18817.7,16877,869878,0.18445,0.5,1.2081784
CY,Cyprus,Южная Европа,2018,13126.0,5.0,,27303.3,19647.8,17505,878601,0.20379999999999998,0.5,1.2799669999999999
CY,Cyprus,Южная Европа,2019,12601.0,58.0,,28873.4,20649.1,18844,890194,0.22194999999999998,0.5,1.1830710204081634
CY,Cyprus,Южная Европа,2020,10237.0,42.0,,27194.2,19596.4,18652,902429,0.19155,0.7,1.0802954
CY,Cyprus,Южная Европа,2021,10611.0,78.0,84.0,30382.9,20565.0,18629,914476,0.214,0.7,1.24614693877551
CY,Cyprus,Южная Европа,2022,11577.0,401.0,231.0,34492.5,23490.7,19891,929764,0.2934,0.7,1.5368096078431372
CY,Cyprus,Южная Европа,2023,14637.0,788.0,510.0,37400.0,25642.3,20917,949084,0.35955000000000004,0.7,1.4478507692307694
CY,Cyprus,Южная Европа,2024,15061.0,1193.0,664.0,39456.4,26819.7,22817,966365,0.3246,0.6,1.4397558490566036
CZ,Czechia,Восточная Европа,2015,229731.0,312.0,,24603.7,14337.0,11652,10538275,0.13965,1.2,1.1541879591836735
CZ,Czechia,Восточная Европа,2016,257854.0,210.0,,25443.3,14877.5,12478,10553843,0.14205,0.8,1.058425
CZ,Czechia,Восточная Европа,2017,269622.0,376.0,,27214.7,15970.1,12641,10578820,0.14629999999999999,0.9,1.1509200000000002
CZ,Czechia,Восточная Европа,2018,259525.0,731.0,,28492.8,16924.2,13264,10610055,0.15794999999999998,0.9,1.2527136
CZ,Czechia,Восточная Европа,2019,247567.0,778.0,,30008.3,17698.6,14035,10649800,0.1759,0.9,1.2418142857142858
CZ,Czechia,Восточная Европа,2020,198400.0,3284.0,1981.0,29178.2,17275.5,14151,10693939,0.18180000000000002,0.9,1.0678868
CZ,Czechia,Восточная Европа,2021,205397.0,3172.0,,30502.4,18132.8,13815,10494836,0.18425,1.0,1.2819434693877552
CZ,Czechia,Восточная Европа,2022,177644.0,3786.0,3447.0,32419.7,19418.0,15354,10516707,0.20829999999999999,0.9,1.6959911764705882
CZ,Czechia,Восточная Европа,2023,212662.0,6567.0,5251.0,34973.9,20493.2,16208,10827529,0.31705,0.8,1.5741259615384615
CZ,Czechia,Восточная Европа,2024,217520.0,10854.0,4826.0,36255.5,21409.1,16972,10900555,0.33415,0.9,1.4879896026782085
DE,Germany,Западная Европа,2015,3206042.0,12363.0,,35148.9,23145.7,20365,81197537,0.29484999999999995,0.5,1.3970408163265307
DE,Germany,Западная Европа,2016,3285904.0,11410.0,,36132.4,23816.8,21152,82175684,0.2973,0.5,1.30542
DE,Germany,Западная Европа,2017,3441262.0,25056.0,29435.0,37613.5,24570.0,21331,82521653,0.3048,0.5,1.3738800000000002
DE,Germany,Западная Европа,2018,3435778.0,36062.0,31422.0,38726.7,25355.0,21980,82792351,0.29935,0.6,1.4427999999999999
DE,Germany,Западная Европа,2019,3607258.0,63281.0,45246.0,39216.9,25825.6,22693,83019213,0.2983,0.6,1.4163265306122448
DE,Germany,Западная Европа,2020,2917678.0,194163.0,200394.0,38270.8,24947.9,24229,83166711,0.30245,0.6,1.2886
DE,Germany,Западная Европа,2021,2622132.0,355961.0,325437.0,40874.4,26407.6,23336,83155031,0.32135,0.5,1.5828979591836736
DE,Germany,Западная Европа,2022,2651357.0,470559.0,362092.0,43577.4,29139.1,23127,83237124,0.3318,0.5,1.9233529411764705
DE,Germany,Западная Европа,2023,2844609.0,524219.0,175723.0,45519.2,30234.5,24086,83118501,0.40725,0.5,1.8500769230769232
DE,Germany,Западная Европа,2024,2817331.0,380609.0,191903.0,47008.3,31609.8,25192,83456045,0.3947,0.6,1.7916603773584907
DK,Denmark,Северная Европа,2015,206653.0,1265.0,406.0,35165.0,23061.2,20384,5659715,0.3055,0.4,1.5021897959183674
DK,Denmark,Северная Европа,2016,222469.0,1265.0,572.0,35992.7,23446.3,21355,5707251,0.3086,0.4,1.4134422
DK,Denmark,Северная Европа,2017,221473.0,691.0,621.0,37964.1,24479.3,20955,5748769,0.30295,0.4,1.4959422
DK,Denmark,Северная Европа,2018,218475.0,1544.0,3126.0,38810.6,25301.7,21646,5781190,0.31245,0.4,1.5923
DK,Denmark,Северная Европа,2019,225620.0,5501.0,3880.0,39393.0,25569.9,22371,5806081,0.2954,0.4,1.6078091836734694
DK,Denmark,Северная Европа,2020,198979.0,14218.0,18235.0,40054.4,25739.5,21796,5822763,0.28259999999999996,0.4,1.4491034
DK,Denmark,Северная Европа,2021,186592.0,24876.0,40445.0,44240.3,27852.1,22899,5840045,0.3174,0.4,1.6712206122448978
DK,Denmark,Северная Европа,2022,149285.0,30799.0,26443.0,48465.5,28675.2,23244,5873420,0.5215,0.4,2.088567843137255
DK,Denmark,Северная Европа,2023,173374.0,62576.0,17218.0,48240.3,29375.7,22820,5932654,0.36824999999999997,0.4,1.9747351923076921
DK,Denmark,Северная Европа,2024,173461.0,89058.0,7068.0,51785.4,30354.4,24297,5961249,0.37355000000000005,0.4,1.9974811726665531
EE,Estonia,Северная Европа,2015,21064.0,30.0,,21398.6,13380.0,10432,1313271,0.12965,0.7,1.1081632653061224
EE,Estonia,Северная Европа,2016,23020.0,32.0,,22190.6,13928.1,11867,1315944,0.12229999999999999,0.6,1.05862
EE,Estonia,Северная Европа,2017,25621.0,26.0,,23734.0,14548.7,12414,1315635,0.1263,0.7,1.18536
EE,Estonia,Северная Европа,2018,26299.0,83.0,,25227.3,15516.2,13378,1319133,0.1383,0.7,1.3323399999999999
EE,Estonia,Северная Европа,2019,27579.0,77.0,,26438.1,16237.7,14240,1324820,0.1384,0.7,1.339204081632653
EE,Estonia,Северная Европа,2020,19295.0,344.0,,25994.6,16246.2,14331,1328889,0.12635,0.7,1.25316
EE,Estonia,Северная Европа,2021,22610.0,487.0,240.0,28242.8,17468.6,14810,1330068,0.16315,0.6,1.4264897959183673
EE,Estonia,Северная Европа,2022,20558.0,693.0,391.0,30146.6,19162.1,17064,1331796,0.2353,0.5,1.851137254901961
EE,Estonia,Северная Европа,2023,22986.0,1448.0,555.0,30454.9,20022.2,15492,1365884,0.22494999999999998,0.7,1.7165961538461538
EE,Estonia,Северная Европа,2024,25744.0,1323.0,1269.0,31583.4,20763.0,16482,1374687,0.2257,0.7,1.6737735849056603
EL,Greece,Южная Европа,2015,75497.0,32.0,,19131.7,14769.7,8802,10818041,0.1769,1.5,1.4805714285714286
EL,Greece,Южная Европа,2016,78790.0,20.0,,19106.0,14785.5,9048,10735415,0.17195,1.5,1.39374
EL,Greece,Южная Европа,2017,88001.0,37.0,,19700.8,15372.2,9035,10707527,0.16655,1.4,1.51092
EL,Greece,Южная Европа,2018,103322.0,77.0,,20203.0,15833.2,9245,10667336,0.1659,1.4,1.5969
EL,Greece,Южная Европа,2019,114007.0,188.0,,20765.1,16372.1,9765,10635213,0.1573,1.4,1.5857142857142859
EL,Greece,Южная Европа,2020,79597.0,678.0,,18866.4,15474.7,10175,10612591,0.16575,0.9,1.4451800000000001
EL,Greece,Южная Европа,2021,100274.0,2174.0,,21245.7,16771.9,9917,10555344,0.1827,0.8,1.646204081632653
EL,Greece,Южная Европа,2022,105219.0,2826.0,5322.0,24026.4,19402.0,10841,10461627,0.22694999999999999,0.9,2.051176470588235
EL,Greece,Южная Европа,2023,134465.0,6377.0,8836.0,26263.1,20701.1,11389,10401868,0.2318,1.0,1.9020192307692307
EL,Greece,Южная Европа,2024,136984.0,8708.0,8262.0,27373.2,21309.9,12436,10375764,0.22644999999999998,0.9,1.8548490566037736
ES,Spain,Южная Европа,2015,1047782.0,2620.0,66.0,25351.1,17581.9,14463,46425722,0.23395,0.9,1.2317565306122449
ES,Spain,Южная Европа,2016,1228412.0,2085.0,152.0,26145.0,18045.3,15347,46418884,0.22344999999999998,0.8,1.149463
ES,Spain,Южная Европа,2017,1339232.0,4038.0,517.0,27390.8,18938.2,15526,46497393,0.22365000000000002,0.8,1.2168797999999998
ES,Spain,Южная Европа,2018,1439270.0,6238.0,1915.0,27853.5,19208.8,16030,46645070,0.243,0.8,1.2926786
ES,Spain,Южная Европа,2019,1372821.0,10415.0,5588.0,28663.4,19626.2,16171,46918951,0.23985,0.9,1.2972826530612245
ES,Spain,Южная Европа,2020,927523.0,18217.0,22602.0,25131.2,17386.0,16661,47318050,0.22685,1.0,1.1779389999999998
ES,Spain,Южная Европа,2021,918831.0,24400.0,43096.0,28285.0,19479.0,16297,47400798,0.25695,0.9,1.3802679591836735
ES,Spain,Южная Европа,2022,851525.0,31737.0,48077.0,31781.2,21735.1,17254,47486843,0.32105,1.0,1.7809982352941176
ES,Spain,Южная Европа,2023,983721.0,55388.0,62780.0,34768.5,23349.0,19021,48085361,0.24004999999999999,1.0,1.6360392307692306
ES,Spain,Южная Европа,2024,1067172.0,59383.0,59459.0,36413.1,24394.9,20800,48619695,0.2422,1.0,1.5777730188679244
FI,Finland,Северная Европа,2015,108819.0,243.0,415.0,30379.3,21426.5,19430,5471753,0.15410000000000001,0.2,1.4680816326530612
FI,Finland,Северная Европа,2016,119000.0,223.0,1209.0,30955.1,21668.6,19997,5487308,0.1543,0.2,1.3808399999999998
FI,Finland,Северная Европа,2017,118587.0,502.0,2553.0,32444.6,22078.3,19827,5503297,0.15899999999999997,0.2,1.4643199999999998
FI,Finland,Северная Европа,2018,120505.0,776.0,4932.0,33393.2,22644.7,20048,5513130,0.1655,0.2,1.52234
FI,Finland,Северная Европа,2019,114202.0,1897.0,5967.0,33999.7,22902.2,20362,5517919,0.17585,0.2,1.5240816326530613
FI,Finland,Северная Европа,2020,96418.0,4245.0,13231.0,34039.9,22799.5,20290,5525292,0.17565,0.2,1.41178
FI,Finland,Северная Европа,2021,98485.0,10153.0,20144.0,36222.4,24376.2,20078,5533793,0.18035,0.2,1.6736122448979593
FI,Finland,Северная Европа,2022,81700.0,14531.0,16171.0,38350.4,25703.8,20941,5548241,0.22039999999999998,0.2,2.108627450980392
FI,Finland,Северная Европа,2023,87509.0,29537.0,18087.0,39690.3,27599.2,21691,5563970,0.248,0.2,1.9292307692307693
FI,Finland,Северная Европа,2024,74075.0,21870.0,14863.0,40871.6,28516.3,23055,5603851,0.2404,0.2,1.8016415094339622
FR,France,Западная Европа,2015,1886229.0,17269.0,5677.0,29516.0,20603.5,19885,66458153,0.1679,0.9,1.356370612244898
FR,France,Западная Европа,2016,1984471.0,21758.0,7479.0,29858.6,20943.3,20621,66638391,0.1698,0.9,1.3011674
FR,France,Западная Европа,2017,2157670.0,25368.0,12089.0,30585.2,21396.0,20357,66809816,0.173,0.9,1.375376
FR,France,Западная Европа,2018,2223581.0,31687.0,14753.0,31463.5,21964.4,20223,67026224,0.17735,0.9,1.5071972
FR,France,Западная Европа,2019,2258277.0,43564.0,18789.0,33247.6,22999.0,20471,67290471,0.18455,0.9,1.5049191836734692
FR,France,Западная Европа,2020,1693530.0,112499.0,74961.0,31555.5,22048.7,19518,67473651,0.19255,1.0,1.356537
FR,France,Западная Европа,2021,1708675.0,165566.0,141242.0,33443.0,23127.5,20100,67728568,0.1984,1.0,1.5529438775510205
FR,France,Западная Европа,2022,1576950.0,207171.0,127436.0,35145.8,24599.7,20575,68091703,0.2148,1.0,1.808916862745098
FR,France,Западная Европа,2023,1841326.0,303590.0,162836.0,38055.1,26696.6,21875,68277210,0.24455,1.0,1.880760576923077
FR,France,Западная Европа,2024,1781580.0,295053.0,147094.0,39294.2,27457.0,23222,68669303,0.28865,1.0,1.8208333962264152
HR,Croatia,Южная Европа,2015,34820.0,80.0,,17084.7,11850.9,8253,4180915,0.13145,0.8,1.2594518367346939
HR,Croatia,Южная Европа,2016,43015.0,66.0,,17960.8,12267.4,8985,4131115,0.1321,0.9,1.1834938
HR,Croatia,Южная Европа,2017,50412.0,55.0,,19169.3,13015.9,9444,4078769,0.1216,0.8,1.2665072
HR,Croatia,Южная Европа,2018,59856.0,182.0,,20216.2,13705.5,9870,4014341,0.1316,0.9,1.3556758
HR,Croatia,Южная Европа,2019,62975.0,279.0,,21518.8,14594.1,10734,3968676,0.13224999999999998,0.9,1.3405481632653062
HR,Croatia,Южная Европа,2020,36047.0,639.0,143.0,20213.9,14484.6,11090,3933511,0.13040000000000002,0.9,1.2038003999999998
HR,Croatia,Южная Европа,2021,35246.0,1121.0,,23588.3,16491.0,11385,3893026,0.13019999999999998,0.9,1.4069765306122448
HR,Croatia,Южная Европа,2022,37044.0,1062.0,689.0,26007.8,18210.2,12277,3862305,0.14165,0.8,1.6045325490196078
HR,Croatia,Южная Европа,2023,43866.0,1125.0,783.0,29847.3,20127.2,13438,3850894,0.148,0.9,1.4909940384615386
HR,Croatia,Южная Европа,2024,47806.0,882.0,350.0,31053.1,21539.9,16277,3861967,0.14775,1.2,1.5362641509433963
HU,Hungary,Восточная Европа,2015,77414.0,116.0,,19369.1,11306.4,7919,9815858,0.1136,1.2,1.1580304081632653
HU,Hungary,Восточная Европа,2016,96735.0,176.0,,19574.4,11637.7,8267,9779652,0.11195,0.5,1.0690575999999998
HU,Hungary,Восточная Европа,2017,116305.0,749.0,,20419.5,12215.7,8332,9739857,0.11295,0.7,1.1473538
HU,Hungary,Восточная Европа,2018,136755.0,1300.0,,21875.5,12790.8,8603,9713655,0.11205,0.6,1.1972828
HU,Hungary,Восточная Европа,2019,158167.0,1834.0,,23171.4,13462.2,9344,9700272,0.11085,0.7,1.1715461224489796
HU,Hungary,Восточная Европа,2020,128196.0,3047.0,2996.0,22731.5,13491.7,9056,9689376,0.10200000000000001,0.8,1.022405
HU,Hungary,Восточная Европа,2021,122080.0,4313.0,4236.0,24805.4,14461.8,9960,9651461,0.10065,0.7,1.2363522448979594
HU,Hungary,Восточная Европа,2022,111631.0,4707.0,4876.0,27305.6,16292.2,10620,9610403,0.1016,0.6,1.289545882352941
HU,Hungary,Восточная Европа,2023,107860.0,5807.0,5542.0,28968.6,16880.1,10913,9599744,0.11445,0.6,1.5836482692307694
HU,Hungary,Восточная Европа,2024,121674.0,8569.0,5695.0,30445.5,18552.9,11199,9584627,0.1063,0.4,1.533441165446103
IE,Ireland,Северная Европа,2015,129959.0,494.0,,51462.7,20468.9,17656,4677627,0.244,0.4,1.369
IE,Ireland,Северная Европа,2016,149763.0,402.0,,50754.0,20883.2,18397,4726286,0.2329,0.4,1.283018
IE,Ireland,Северная Европа,2017,133579.0,631.0,330.0,55280.2,21366.7,18198,4799157,0.23299999999999998,0.3,1.3638
IE,Ireland,Северная Европа,2018,128549.0,1252.0,747.0,58626.5,22316.0,19464,4855733,0.2454,0.3,1.4378
IE,Ireland,Северная Европа,2019,126104.0,3665.0,1451.0,59944.4,22173.1,19692,4940311,0.24845,0.4,1.4032102040816328
IE,Ireland,Северная Европа,2020,92393.0,4075.0,2516.0,62296.2,20727.3,19720,5012600,0.25125,0.4,1.2910339999999998
IE,Ireland,Северная Европа,2021,108615.0,9199.0,7969.0,74720.4,23488.2,20551,5066893,0.27645,0.3,1.5149940816326533
IE,Ireland,Северная Европа,2022,107620.0,15872.0,7835.0,86108.3,27050.1,20904,5154277,0.27745,0.3,1.8506117647058822
IE,Ireland,Северная Европа,2023,125530.0,23181.0,10485.0,82972.1,29284.4,21568,5271395,0.32645,0.4,1.6778269230769232
IE,Ireland,Северная Европа,2024,125138.0,17780.0,11552.0,88342.7,30622.7,23288,5351681,0.2818,0.4,1.7484169811320756
IT,Italy,Южная Европа,2015,1593857.0,1576.0,,26880.4,19313.2,15395,60295497,0.2439,0.9,1.537684489795918
IT,Italy,Южная Европа,2016,1848841.0,1497.0,,28121.1,19964.8,16237,60163712,0.23015,0.9,1.4432364000000002
IT,Italy,Южная Европа,2017,1993826.0,2109.0,,28946.7,20577.8,16522,60066734,0.2106,0.9,1.5276387999999999
IT,Italy,Южная Европа,2018,1944312.0,5198.0,,29555.4,20980.8,16715,59937769,0.21139999999999998,0.9,1.6042421999999998
IT,Italy,Южная Европа,2019,1948479.0,10612.0,,30348.1,21406.4,17099,59816673,0.2321,0.9,1.5724161224489797
IT,Italy,Южная Европа,2020,1437259.0,30930.0,,28386.4,19839.6,17764,59641488,0.21894999999999998,1.0,1.4319976
IT,Italy,Южная Европа,2021,1518876.0,69178.0,69834.0,31782.5,21576.4,17304,59236213,0.23095,1.0,1.6250157142857145
IT,Italy,Южная Европа,2022,1335690.0,48960.0,64632.0,35348.2,24554.1,18472,59030133,0.3378,0.9,1.813873137254902
IT,Italy,Южная Европа,2023,1581156.0,65800.0,69008.0,37697.0,25657.3,19691,58997201,0.35645,0.9,1.8664192307692309
IT,Italy,Южная Европа,2024,1592098.0,66606.0,51784.0,39068.5,26638.5,20804,58971230,0.31925000000000003,0.9,1.8205828301886793
LT,Lithuania,Северная Европа,2015,13757.0,26.0,,20741.3,14729.4,8251,2926644,0.12494999999999999,0.6,1.1600551020408163
LT,Lithuania,Северная Европа,2016,16402.0,62.0,,21376.1,15341.4,9364,2895573,0.1201,0.5,1.0636748
LT,Lithuania,Северная Европа,2017,19083.0,43.0,,23073.2,16243.5,9819,2859077,0.11115,0.5,1.1314138
LT,Lithuania,Северная Европа,2018,21678.0,141.0,,24746.4,17087.4,10702,2826200,0.1097,0.5,1.2162214
LT,Lithuania,Северная Европа,2019,25609.0,175.0,,26382.0,17999.4,11509,2812200,0.12545,0.5,1.2013877551020407
LT,Lithuania,Северная Европа,2020,40878.0,480.0,,26359.5,17653.6,12546,2809977,0.13735,0.5,1.0973624
LT,Lithuania,Северная Европа,2021,28209.0,1277.0,400.0,29277.0,19590.7,13742,2810761,0.14125,0.5,1.282711224489796
LT,Lithuania,Северная Европа,2022,24115.0,1507.0,740.0,31269.3,21102.0,14202,2805998,0.1963,0.6,1.7080682352941177
LT,Lithuania,Северная Европа,2023,26866.0,2210.0,787.0,32931.3,21947.9,14312,2857279,0.25215,0.5,1.5201973076923074
LT,Lithuania,Северная Европа,2024,27857.0,1877.0,1674.0,34935.9,23259.0,15110,2885891,0.22295,0.5,1.45379
LU,Luxembourg,Западная Европа,2015,46473.0,73.0,25.0,77581.8,32740.4,29285,562958,0.1767,0.8,1.1773473469387754
LU,Luxembourg,Западная Европа,2016,50561.0,145.0,108.0,78464.2,33041.0,27834,576249,0.1698,0.7,1.0906532
LU,Luxembourg,Западная Европа,2017,52775.0,386.0,687.0,78896.1,33906.5,29596,590667,0.16165000000000002,0.8,1.15788
LU,Luxembourg,Западная Европа,2018,52811.0,430.0,713.0,78985.2,34603.1,27529,602005,0.1681,0.9,1.22162
LU,Luxembourg,Западная Европа,2019,55008.0,986.0,913.0,78744.5,34793.5,28943,613894,0.17985,0.9,1.2109795918367348
LU,Luxembourg,Западная Европа,2020,45189.0,2473.0,2685.0,77888.8,32429.9,28675,626108,0.19855,1.0,1.07772
LU,Luxembourg,Западная Европа,2021,44372.0,4649.0,4444.0,87098.2,35615.9,32132,634730,0.19885,0.9,1.3314489795918367
LU,Luxembourg,Западная Европа,2022,42094.0,6391.0,3854.0,90395.4,39260.1,33214,645397,0.20295,1.0,1.676313725490196
LU,Luxembourg,Западная Европа,2023,49155.0,11048.0,4806.0,95129.1,41830.6,34777,660809,0.20115,1.1,1.5698076923076925
LU,Luxembourg,Западная Европа,2024,46635.0,12777.0,3820.0,97690.2,43699.3,37781,672050,0.20265,1.1,1.5372641509433964
LV,Latvia,Северная Европа,2015,14291.0,17.0,0.0,17353.1,11643.3,8092,1986096,0.16425,0.7,1.1294914285714286
LV,Latvia,Северная Европа,2016,16768.0,19.0,0.0,17925.2,12193.4,9257,1968957,0.1626,0.6,1.070633
LV,Latvia,Северная Европа,2017,17064.0,41.0,,18999.8,12881.1,9248,1950116,0.15839999999999999,0.6,1.1506856
LV,Latvia,Северная Европа,2018,17185.0,78.0,0.0,20230.2,13535.4,10031,1934379,0.1521,0.6,1.2707891999999998
LV,Latvia,Северная Европа,2019,18537.0,116.0,0.0,20948.7,13933.3,11031,1919968,0.16344999999999998,0.6,1.258
LV,Latvia,Северная Европа,2020,13725.0,351.0,0.0,20911.4,13576.0,11339,1907675,0.1426,0.6,1.1444834000000002
LV,Latvia,Северная Европа,2021,14621.0,480.0,,23542.2,15658.9,11975,1893223,0.16444999999999999,0.6,1.3378542857142857
LV,Latvia,Северная Европа,2022,16715.0,1069.0,301.0,24939.3,17327.4,12845,1875757,0.23755,0.5,1.7780054901960785
LV,Latvia,Северная Европа,2023,18451.0,1629.0,352.0,26755.5,18304.1,13228,1895239,0.2914,0.5,1.6421236538461539
LV,Latvia,Северная Европа,2024,17135.0,1260.0,765.0,27536.5,19157.8,14721,1878575,0.24769999999999998,0.5,1.6306892452830188
MT,Malta,Южная Европа,2015,7168.0,23.0,,27577.1,16230.4,16753,438805,0.12630000000000002,1.7,1.3581632653061224
MT,Malta,Южная Европа,2016,7306.0,19.0,,28475.6,16494.2,17264,449635,0.12655,1.0,1.2872000000000001
MT,Malta,Южная Европа,2017,7776.0,24.0,,31415.2,17037.5,17899,459375,0.1313,0.9,1.31
MT,Malta,Южная Европа,2018,8175.0,285.0,,32639.5,18006.3,17932,474837,0.1296,1.0,1.33
MT,Malta,Южная Европа,2019,7698.0,281.0,0.0,33381.9,18707.2,18588,492968,0.12969999999999998,1.2,1.380408163265306
MT,Malta,Южная Европа,2020,4602.0,178.0,215.0,31931.9,17380.8,18756,514855,0.12924999999999998,1.3,1.3708
MT,Malta,Южная Европа,2021,5250.0,416.0,673.0,36291.8,18881.2,19012,516125,0.13015,1.2,1.34
MT,Malta,Южная Европа,2022,6429.0,990.0,1216.0,37451.1,20280.4,20698,520174,0.1291,1.2,1.34
MT,Malta,Южная Европа,2023,7464.0,1516.0,978.0,41830.7,23353.6,21060,542051,0.127,1.1,1.34
MT,Malta,Южная Европа,2024,7683.0,2893.0,508.0,43805.0,24452.5,22077,563443,0.12875,1.2,1.34
NL,Netherlands,Западная Европа,2015,448906.0,3193.0,,36639.1,22810.0,19387,16900726,0.1916,1.3,1.5633469387755101
NL,Netherlands,Западная Европа,2016,382512.0,3988.0,,36929.7,22703.8,21189,16979120,0.16060000000000002,1.4,1.477
NL,Netherlands,Западная Европа,2017,414306.0,7958.0,,38491.7,23638.5,21195,17081507,0.1615,1.3,1.5521099999999999
NL,Netherlands,Западная Европа,2018,443529.0,23985.0,,39886.4,24461.9,21528,17181084,0.178,1.4,1.6245120000000002
NL,Netherlands,Западная Европа,2019,445218.0,61547.0,,40548.0,24584.2,21968,17282163,0.2055,1.3,1.6481224489795918
NL,Netherlands,Западная Европа,2020,355432.0,72859.0,,39986.8,24051.6,22117,17407585,0.1392,1.5,1.565
NL,Netherlands,Западная Европа,2021,322318.0,63658.0,30991.0,43741.8,26278.2,24560,17475415,0.136,1.4,1.8178571428571428
NL,Netherlands,Западная Европа,2022,312070.0,73250.0,34742.0,48540.1,29426.6,25437,17590672,0.0877,1.4,2.0738768627450983
NL,Netherlands,Западная Европа,2023,369635.0,113968.0,47096.0,50216.4,31056.8,25116,17811291,0.3029,1.5,1.9220192307692308
NL,Netherlands,Западная Европа,2024,381463.0,132167.0,52757.0,53149.4,32491.2,27091,17942942,0.2353,1.6,1.9701509433962265
PL,Poland,Восточная Европа,2015,356337.0,112.0,188.0,19407.7,13384.2,9950,38005614,0.1431,0.6,1.1100208163265306
PL,Poland,Восточная Европа,2016,418058.0,157.0,443.0,19706.9,13575.4,10865,37967209,0.13419999999999999,0.4,0.9958760000000001
PL,Poland,Восточная Европа,2017,490651.0,508.0,592.0,20730.1,14367.3,11079,37972964,0.14485,0.4,1.0789016000000002
PL,Poland,Восточная Европа,2018,540396.0,694.0,706.0,21945.0,15060.5,11513,37976687,0.14029999999999998,0.5,1.1586754000000001
PL,Poland,Восточная Европа,2019,561153.0,1464.0,1236.0,23348.0,15778.5,12335,37972812,0.13595000000000002,0.5,1.1627467346938773
PL,Poland,Восточная Европа,2020,432394.0,3679.0,4499.0,23916.5,16012.3,13350,37958138,0.14925,0.6,1.0003166
PL,Poland,Восточная Европа,2021,450831.0,7092.0,9138.0,26197.3,17531.9,13870,37073357,0.15610000000000002,0.6,1.2004510204081633
PL,Poland,Восточная Европа,2022,421565.0,11293.0,9664.0,28144.8,19189.4,14906,36889761,0.15339999999999998,0.6,1.4206556862745099
PL,Poland,Восточная Европа,2023,477258.0,17078.0,13251.0,29519.6,20101.3,16551,36753736,0.19655,0.7,1.434791346153846
PL,Poland,Восточная Европа,2024,554248.0,16564.0,14990.0,31463.0,21610.1,18064,36620970,0.22835,0.7,1.4792328917924888
PT,Portugal,Южная Европа,2015,178495.0,692.0,,21240.3,15936.2,10317,10395121,0.22820000000000001,0.6,1.4339591836734693
PT,Portugal,Южная Европа,2016,207330.0,820.0,,21877.6,16332.4,10805,10368554,0.2324,0.6,1.37575
PT,Portugal,Южная Европа,2017,224037.0,1912.0,2534.0,22559.7,16604.9,10826,10344478,0.2257,0.6,1.46152
PT,Portugal,Южная Европа,2018,228139.0,4458.0,3984.0,23548.4,17246.3,10801,10335770,0.22694999999999999,0.6,1.54272
PT,Portugal,Южная Европа,2019,223674.0,6880.0,5822.0,24464.9,17927.9,11602,10333496,0.21655,0.6,1.4913265306122447
PT,Portugal,Южная Европа,2020,145270.0,7908.0,11930.0,22782.1,16927.2,12333,10375395,0.21265,0.7,1.3887
PT,Portugal,Южная Европа,2021,146641.0,13546.0,15677.0,24550.2,18210.3,12404,10394297,0.21295,0.8,1.6216734693877553
PT,Portugal,Южная Европа,2022,158258.0,18426.0,16167.0,27841.5,20584.0,12266,10421117,0.22105000000000002,0.7,1.8472941176470588
PT,Portugal,Южная Европа,2023,200237.0,36456.0,27262.0,31107.5,22201.7,13421,10516621,0.2185,0.7,1.7190961538461538
PT,Portugal,Южная Европа,2024,210411.0,41772.0,28410.0,32937.1,23356.1,14446,10639726,0.2526,0.7,1.7157358490566037
RO,Romania,Восточная Европа,2015,81175.0,28.0,,15543.5,10554.7,4357,19870647,0.1311,1.0,1.2013218367346938
RO,Romania,Восточная Европа,2016,95181.0,69.0,,16602.2,11483.2,4724,19760585,0.12465000000000001,0.6,1.0875306
RO,Romania,Восточная Европа,2017,106873.0,232.0,,18502.8,12952.5,5314,19643949,0.12434999999999999,0.5,1.0488832
RO,Romania,Восточная Европа,2018,130921.0,604.0,,19915.4,14157.9,6278,19533481,0.1325,0.7,1.1872156
RO,Romania,Восточная Европа,2019,161564.0,1506.0,,21713.9,15281.6,7338,19414458,0.13895000000000002,0.7,1.1576457142857144
RO,Romania,Восточная Европа,2020,126329.0,2844.0,1036.0,21808.9,15181.0,7724,19328838,0.1454,0.7,0.952622
RO,Romania,Восточная Европа,2021,121210.0,6344.0,2630.0,23919.2,16617.0,8698,19201662,0.15689999999999998,0.7,1.1607430612244898
RO,Romania,Восточная Европа,2022,129324.0,11638.0,3309.0,25908.1,18368.7,10033,19043098,0.28865,0.6,1.5354631372549017
RO,Romania,Восточная Европа,2023,144609.0,15367.0,2921.0,28715.8,19918.5,11084,19055228,0.1901,0.7,1.3713882692307693
RO,Romania,Восточная Европа,2024,151105.0,9795.0,6801.0,30769.5,21712.3,13023,19067576,0.1873,0.9,1.438940350289594
SE,Sweden,Северная Европа,2015,361908.0,2916.0,5752.0,35062.0,23147.4,20154,9747355,0.18730000000000002,0.4,1.4094679591836734
SE,Sweden,Северная Европа,2016,387997.0,2993.0,10290.0,34881.8,23161.3,20955,9851017,0.19385000000000002,0.5,1.3844370000000001
SE,Sweden,Северная Европа,2017,392717.0,4359.0,15989.0,35296.2,23409.6,20237,9995153,0.19840000000000002,0.5,1.4555204000000002
SE,Sweden,Северная Европа,2018,365513.0,7147.0,21811.0,35915.6,23794.4,20414,10120242,0.19795000000000001,0.5,1.4989152
SE,Sweden,Северная Европа,2019,366946.0,15795.0,24905.0,36994.5,23994.3,20413,10230185,0.20425,0.5,1.4823740816326532
SE,Sweden,Северная Европа,2020,293771.0,27981.0,65924.0,36665.9,23663.2,20083,10327589,0.19655,0.6,1.3490638000000001
SE,Sweden,Северная Европа,2021,303906.0,57590.0,77827.0,39670.2,25409.0,20673,10379295,0.2359,0.6,1.6098691836734693
SE,Sweden,Северная Европа,2022,289779.0,95371.0,66531.0,40905.8,26378.9,20608,10452326,0.2509,0.6,1.9390135294117647
SE,Sweden,Северная Европа,2023,290768.0,112321.0,61069.0,42508.5,27487.1,22290,10521556,0.24214999999999998,0.6,1.739945576923077
SE,Sweden,Северная Европа,2024,270744.0,94546.0,63107.0,44772.2,28736.0,23693,10551707,0.23925000000000002,0.5,1.5756530334826546
SI,Slovenia,Южная Европа,2015,60668.0,123.0,,22534.2,14589.1,15102,2062874,0.161,1.1,1.2905714285714287
SI,Slovenia,Южная Европа,2016,64899.0,151.0,,23327.5,15090.3,15250,2064188,0.16235,0.6,1.1943482
SI,Slovenia,Южная Европа,2017,72477.0,297.0,,24858.0,15714.7,15245,2065895,0.1611,0.5,1.2695370000000001
SI,Slovenia,Южная Европа,2018,74518.0,521.0,,26214.2,16408.2,15771,2066880,0.16255,0.5,1.3257682
SI,Slovenia,Южная Европа,2019,72710.0,695.0,,27550.6,17397.6,16633,2080908,0.16499999999999998,0.6,1.2848479591836734
SI,Slovenia,Южная Европа,2020,53367.0,1720.0,39.0,26676.9,16737.7,16988,2095861,0.15710000000000002,0.6,1.0673118
SI,Slovenia,Южная Европа,2021,53428.0,1742.0,191.0,29298.0,18918.4,17579,2108977,0.16865,0.7,1.222658775510204
SI,Slovenia,Южная Европа,2022,45679.0,2293.0,602.0,32351.9,21217.5,18792,2107180,0.1673,0.7,1.4933331372549021
SI,Slovenia,Южная Европа,2023,48455.0,4306.0,1074.0,35110.5,22124.8,20273,2116972,0.2015,0.9,1.449540576923077
SI,Slovenia,Южная Европа,2024,52533.0,3154.0,1143.0,36150.6,23226.4,21572,2123949,0.20450000000000002,0.7,1.493025283018868
SK,Slovakia,Восточная Европа,2015,78180.0,15.0,,21683.1,13447.6,10220,5421349,0.15115,1.0,1.2913265306122448
SK,Slovakia,Восточная Европа,2016,88504.0,55.0,,20747.7,13054.7,10466,5426252,0.14800000000000002,0.7,1.2062
SK,Slovakia,Восточная Европа,2017,96312.0,214.0,,20778.3,13401.5,9605,5435343,0.14384999999999998,0.6,1.28496
SK,Slovakia,Восточная Европа,2018,98602.0,301.0,,21370.9,13755.4,9744,5443120,0.15139999999999998,0.9,1.36246
SK,Slovakia,Восточная Европа,2019,101743.0,166.0,,22107.4,14406.7,10503,5450421,0.15810000000000002,0.8,1.3253265306122448
SK,Slovakia,Восточная Европа,2020,76300.0,918.0,863.0,22561.3,15094.5,10076,5457873,0.17049999999999998,0.8,1.17968
SK,Slovakia,Восточная Европа,2021,75608.0,1105.0,1166.0,24479.7,16235.4,9425,5459781,0.1646,0.7,1.3849183673469387
SK,Slovakia,Восточная Европа,2022,78659.0,1508.0,1556.0,25517.5,18254.3,9826,5434712,0.184,0.8,1.69078431372549
SK,Slovakia,Восточная Европа,2023,86812.0,2517.0,2997.0,28487.6,19430.1,10670,5428792,0.19175,0.9,1.5921346153846154
SK,Slovakia,Восточная Европа,2024,91544.0,2227.0,2243.0,29808.2,20598.1,11433,5424687,0.17880000000000001,0.8,1.572811320754717
