freq,unit,mot_nrg,geo,time,value
A,NR,ALT,AT,2015,2389
A,NR,ALT,AT,2016,4317
A,NR,ALT,AT,2017,5868
A,NR,ALT,AT,2018,7406
A,NR,ALT,AT,2019,9841
A,NR,ALT,AT,2020,16393
A,NR,ALT,AT,2021,33466
A,NR,ALT,AT,2022,34242
A,NR,ALT,AT,2023,47642
A,NR,ALT,AT,2024,44635
A,NR,ALT,BE,2015,2146
A,NR,ALT,BE,2016,4453
A,NR,ALT,BE,2017,5408
A,NR,ALT,BE,2018,7931
A,NR,ALT,BE,2019,12525
A,NR,ALT,BE,2020,18919
A,NR,ALT,BE,2021,25866
A,NR,ALT,BE,2022,40652
A,NR,ALT,BE,2023,97043
A,NR,ALT,BE,2024,131433
A,NR,ALT,BG,2020,303
A,NR,ALT,BG,2021,416
A,NR,ALT,BG,2022,1042
A,NR,ALT,BG,2023,1783
A,NR,ALT,BG,2024,1786
A,NR,ALT,CY,2015,4
A,NR,ALT,CY,2016,7
A,NR,ALT,CY,2017,18
A,NR,ALT,CY,2018,5
A,NR,ALT,CY,2019,58
A,NR,ALT,CY,2020,42
A,NR,ALT,CY,2021,80
A,NR,ALT,CY,2022,403
A,NR,ALT,CY,2023,788
A,NR,ALT,CY,2024,1193
A,NR,ALT,CZ,2020,5870
A,NR,ALT,CZ,2021,6726
A,NR,ALT,CZ,2022,8584
A,NR,ALT,CZ,2023,10661
A,NR,ALT,CZ,2024,15523
A,NR,ALT,DE,2015,56202
A,NR,ALT,DE,2016,65703
A,NR,ALT,DE,2017,33326
A,NR,ALT,DE,2018,51711
A,NR,ALT,DE,2019,78487
A,NR,ALT,DE,2020,208271
A,NR,ALT,DE,2021,370529
A,NR,ALT,DE,2022,488321
A,NR,ALT,DE,2023,539070
A,NR,ALT,DE,2024,394733
A,NR,ALT,DK,2015,1315
A,NR,ALT,DK,2016,1315
A,NR,ALT,DK,2017,753
A,NR,ALT,DK,2018,1557
A,NR,ALT,DK,2019,5515
A,NR,ALT,DK,2020,14263
A,NR,ALT,DK,2021,24951
A,NR,ALT,DK,2022,30805
A,NR,ALT,DK,2023,62577
A,NR,ALT,DK,2024,89058
A,NR,ALT,EE,2015,46
A,NR,ALT,EE,2016,35
A,NR,ALT,EE,2017,35
A,NR,ALT,EE,2018,86
A,NR,ALT,EE,2019,655
A,NR,ALT,EE,2020,1008
A,NR,ALT,EE,2021,954
A,NR,ALT,EE,2022,979
A,NR,ALT,EE,2023,1515
A,NR,ALT,EE,2024,1469
A,NR,ALT,EL,2021,5568
A,NR,ALT,EL,2022,6536
A,NR,ALT,EL,2023,10154
A,NR,ALT,EL,2024,12143
A,NR,ALT,ES,2015,5121
A,NR,ALT,ES,2016,5522
A,NR,ALT,ES,2017,12531
A,NR,ALT,ES,2018,34090
A,NR,ALT,ES,2019,42864
A,NR,ALT,ES,2020,33560
A,NR,ALT,ES,2021,40091
A,NR,ALT,ES,2022,47636
A,NR,ALT,ES,2023,82720
A,NR,ALT,ES,2024,93935
A,NR,ALT,FI,2015,506
A,NR,ALT,FI,2016,402
A,NR,ALT,FI,2017,936
A,NR,ALT,FI,2018,1937
A,NR,ALT,FI,2019,4039
A,NR,ALT,FI,2020,6086
A,NR,ALT,FI,2021,11075
A,NR,ALT,FI,2022,15153
A,NR,ALT,FI,2023,30007
A,NR,ALT,FI,2024,22027
A,NR,ALT,FR,2015,19181
A,NR,ALT,FR,2016,23419
A,NR,ALT,FR,2017,26597
A,NR,ALT,FR,2018,34030
A,NR,ALT,FR,2019,45968
A,NR,ALT,FR,2020,129367
A,NR,ALT,FR,2021,212089
A,NR,ALT,FR,2022,254315
A,NR,ALT,FR,2023,366779
A,NR,ALT,FR,2024,352309
A,NR,ALT,HR,2015,1063
A,NR,ALT,HR,2016,1544
A,NR,ALT,HR,2017,1542
A,NR,ALT,HR,2018,2404
A,NR,ALT,HR,2019,3341
A,NR,ALT,HR,2020,1248
A,NR,ALT,HR,2021,2916
A,NR,ALT,HR,2022,2638
A,NR,ALT,HR,2023,2413
A,NR,ALT,HR,2024,1676
A,NR,ALT,HU,2015,270
A,NR,ALT,HU,2016,282
A,NR,ALT,HU,2017,808
A,NR,ALT,HU,2018,1382
A,NR,ALT,HU,2019,1962
A,NR,ALT,HU,2020,3413
A,NR,ALT,HU,2021,5040
A,NR,ALT,HU,2022,5603
A,NR,ALT,HU,2023,6370
A,NR,ALT,HU,2024,8933
A,NR,ALT,IE,2015,2212
A,NR,ALT,IE,2016,3346
A,NR,ALT,IE,2017,631
A,NR,ALT,IE,2018,1252
A,NR,ALT,IE,2019,3666
A,NR,ALT,IE,2020,4075
A,NR,ALT,IE,2021,9515
A,NR,ALT,IE,2022,16597
A,NR,ALT,IE,2023,23181
A,NR,ALT,IE,2024,17781
A,NR,ALT,IT,2015,185333
A,NR,ALT,IT,2016,146790
A,NR,ALT,IT,2017,163320
A,NR,ALT,IT,2018,169393
A,NR,ALT,IT,2019,185884
A,NR,ALT,IT,2020,158381
A,NR,ALT,IT,2021,208973
A,NR,ALT,IT,2022,178126
A,NR,ALT,IT,2023,209366
A,NR,ALT,IT,2024,214533
A,NR,ALT,LT,2015,65
A,NR,ALT,LT,2016,81
A,NR,ALT,LT,2017,56
A,NR,ALT,LT,2018,244
A,NR,ALT,LT,2019,430
A,NR,ALT,LT,2020,914
A,NR,ALT,LT,2021,1611
A,NR,ALT,LT,2022,1877
A,NR,ALT,LT,2023,2215
A,NR,ALT,LT,2024,2453
A,NR,ALT,LU,2015,92
A,NR,ALT,LU,2016,158
A,NR,ALT,LU,2017,396
A,NR,ALT,LU,2018,441
A,NR,ALT,LU,2019,991
A,NR,ALT,LU,2020,2490
A,NR,ALT,LU,2021,4671
A,NR,ALT,LU,2022,6417
A,NR,ALT,LU,2023,11082
A,NR,ALT,LU,2024,12861
A,NR,ALT,LV,2015,157
A,NR,ALT,LV,2016,100
A,NR,ALT,LV,2017,130
A,NR,ALT,LV,2018,138
A,NR,ALT,LV,2019,251
A,NR,ALT,LV,2020,492
A,NR,ALT,LV,2021,763
A,NR,ALT,LV,2022,1413
A,NR,ALT,LV,2023,2020
A,NR,ALT,LV,2024,1638
A,NR,ALT,MT,2015,38
A,NR,ALT,MT,2016,24
A,NR,ALT,MT,2017,27
A,NR,ALT,MT,2018,286
A,NR,ALT,MT,2019,283
A,NR,ALT,MT,2020,198
A,NR,ALT,MT,2021,429
A,NR,ALT,MT,2022,999
A,NR,ALT,MT,2023,1522
A,NR,ALT,MT,2024,2893
A,NR,ALT,NL,2015,4256
A,NR,ALT,NL,2016,5514
A,NR,ALT,NL,2017,10432
A,NR,ALT,NL,2018,25960
A,NR,ALT,NL,2019,62518
A,NR,ALT,NL,2020,74987
A,NR,ALT,NL,2021,66048
A,NR,ALT,NL,2022,75641
A,NR,ALT,NL,2023,116375
A,NR,ALT,NL,2024,134356
A,NR,ALT,PL,2015,5614
A,NR,ALT,PL,2016,6659
A,NR,ALT,PL,2017,10619
A,NR,ALT,PL,2018,8243
A,NR,ALT,PL,2019,9964
A,NR,ALT,PL,2020,13010
A,NR,ALT,PL,2021,20671
A,NR,ALT,PL,2022,23534
A,NR,ALT,PL,2023,29674
A,NR,ALT,PL,2024,33126
A,NR,ALT,PT,2017,3723
A,NR,ALT,PT,2018,6383
A,NR,ALT,PT,2019,9173
A,NR,ALT,PT,2020,9822
A,NR,ALT,PT,2021,17198
A,NR,ALT,PT,2022,24138
A,NR,ALT,PT,2023,47805
A,NR,ALT,PT,2024,56902
A,NR,ALT,RO,2015,762
A,NR,ALT,RO,2016,1068
A,NR,ALT,RO,2017,1141
A,NR,ALT,RO,2018,1964
A,NR,ALT,RO,2019,2922
A,NR,ALT,RO,2020,12122
A,NR,ALT,RO,2021,22296
A,NR,ALT,RO,2022,25203
A,NR,ALT,RO,2023,33036
A,NR,ALT,RO,2024,25196
A,NR,ALT,SE,2015,9434
A,NR,ALT,SE,2016,7711
A,NR,ALT,SE,2017,9477
A,NR,ALT,SE,2018,11487
A,NR,ALT,SE,2019,21958
A,NR,ALT,SE,2020,31525
A,NR,ALT,SE,2021,60416
A,NR,ALT,SE,2022,99960
A,NR,ALT,SE,2023,118536
A,NR,ALT,SE,2024,99629
A,NR,ALT,SI,2015,599
A,NR,ALT,SI,2016,881
A,NR,ALT,SI,2017,1838
A,NR,ALT,SI,2018,2401
A,NR,ALT,SI,2019,3274
A,NR,ALT,SI,2020,3162
A,NR,ALT,SI,2021,4466
A,NR,ALT,SI,2022,5074
A,NR,ALT,SI,2023,4810
A,NR,ALT,SI,2024,3987
A,NR,ALT,SK,2016,536
A,NR,ALT,SK,2017,979
A,NR,ALT,SK,2018,1051
A,NR,ALT,SK,2019,557
A,NR,ALT,SK,2020,1864
A,NR,ALT,SK,2021,2293
A,NR,ALT,SK,2022,3207
A,NR,ALT,SK,2023,4329
A,NR,ALT,SK,2024,4157
A,NR,DIE,AT,2015,180510
A,NR,DIE,AT,2016,189139
A,NR,DIE,AT,2017,175590
A,NR,DIE,AT,2018,141159
A,NR,DIE,AT,2019,130468
A,NR,DIE,AT,2020,99196
A,NR,DIE,AT,2021,71808
A,NR,DIE,AT,2022,61537
A,NR,DIE,AT,2023,61187
A,NR,DIE,AT,2024,58478
A,NR,DIE,BE,2015,305838
A,NR,DIE,BE,2016,285653
A,NR,DIE,BE,2017,259790
A,NR,DIE,BE,2018,202272
A,NR,DIE,BE,2019,179716
A,NR,DIE,BE,2020,151970
A,NR,DIE,BE,2021,103914
A,NR,DIE,BE,2022,70559
A,NR,DIE,BE,2023,50855
A,NR,DIE,BE,2024,30286
A,NR,DIE,BG,2020,2635
A,NR,DIE,BG,2021,3032
A,NR,DIE,BG,2022,5330
A,NR,DIE,BG,2023,6032
A,NR,DIE,BG,2024,6986
A,NR,DIE,CY,2015,4157
A,NR,DIE,CY,2016,5327
A,NR,DIE,CY,2017,5450
A,NR,DIE,CY,2018,5264
A,NR,DIE,CY,2019,4532
A,NR,DIE,CY,2020,3065
A,NR,DIE,CY,2021,1460
A,NR,DIE,CY,2022,541
A,NR,DIE,CY,2023,909
A,NR,DIE,CY,2024,836
A,NR,DIE,CZ,2020,59767
A,NR,DIE,CZ,2021,56933
A,NR,DIE,CZ,2022,46078
A,NR,DIE,CZ,2023,54687
A,NR,DIE,CZ,2024,55084
A,NR,DIE,DE,2015,1538451
A,NR,DIE,DE,2016,1539596
A,NR,DIE,DE,2017,1336195
A,NR,DIE,DE,2018,1129025
A,NR,DIE,DE,2019,1230267
A,NR,DIE,DE,2020,949336
A,NR,DIE,DE,2021,691261
A,NR,DIE,DE,2022,642418
A,NR,DIE,DE,2023,703839
A,NR,DIE,DE,2024,684509
A,NR,DIE,DK,2015,64203
A,NR,DIE,DK,2016,80216
A,NR,DIE,DK,2017,77493
A,NR,DIE,DK,2018,72475
A,NR,DIE,DK,2019,60475
A,NR,DIE,DK,2020,46295
A,NR,DIE,DK,2021,26648
A,NR,DIE,DK,2022,17441
A,NR,DIE,DK,2023,15258
A,NR,DIE,DK,2024,12308
A,NR,DIE,EE,2015,6949
A,NR,DIE,EE,2016,6393
A,NR,DIE,EE,2017,6409
A,NR,DIE,EE,2018,6527
A,NR,DIE,EE,2019,6414
A,NR,DIE,EE,2020,5123
A,NR,DIE,EE,2021,5242
A,NR,DIE,EE,2022,4256
A,NR,DIE,EE,2023,4114
A,NR,DIE,EE,2024,5879
A,NR,DIE,EL,2021,18717
A,NR,DIE,EL,2022,18602
A,NR,DIE,EL,2023,19785
A,NR,DIE,EL,2024,11611
A,NR,DIE,ES,2015,658757
A,NR,DIE,ES,2016,725997
A,NR,DIE,ES,2017,690660
A,NR,DIE,ES,2018,573370
A,NR,DIE,ES,2019,455468
A,NR,DIE,ES,2020,332422
A,NR,DIE,ES,2021,265643
A,NR,DIE,ES,2022,205650
A,NR,DIE,ES,2023,186368
A,NR,DIE,ES,2024,184510
A,NR,DIE,FI,2015,38844
A,NR,DIE,FI,2016,39556
A,NR,DIE,FI,2017,36216
A,NR,DIE,FI,2018,29071
A,NR,DIE,FI,2019,22022
A,NR,DIE,FI,2020,14567
A,NR,DIE,FI,2021,11252
A,NR,DIE,FI,2022,7447
A,NR,DIE,FI,2023,5277
A,NR,DIE,FI,2024,4008
A,NR,DIE,FR,2015,1089403
A,NR,DIE,FR,2016,1032695
A,NR,DIE,FR,2017,1014418
A,NR,DIE,FR,2018,859623
A,NR,DIE,FR,2019,773411
A,NR,DIE,FR,2020,539142
A,NR,DIE,FR,2021,399164
A,NR,DIE,FR,2022,273570
A,NR,DIE,FR,2023,223258
A,NR,DIE,FR,2024,173114
A,NR,DIE,HR,2020,12885
A,NR,DIE,HR,2021,8904
A,NR,DIE,HR,2022,7788
A,NR,DIE,HR,2023,9219
A,NR,DIE,HR,2024,10691
A,NR,DIE,HU,2015,32271
A,NR,DIE,HU,2016,34700
A,NR,DIE,HU,2017,37039
A,NR,DIE,HU,2018,32655
A,NR,DIE,HU,2019,32299
A,NR,DIE,HU,2020,31606
A,NR,DIE,HU,2021,27065
A,NR,DIE,HU,2022,20567
A,NR,DIE,HU,2023,19836
A,NR,DIE,HU,2024,20521
A,NR,DIE,IE,2015,92436
A,NR,DIE,IE,2016,105257
A,NR,DIE,IE,2017,87644
A,NR,DIE,IE,2018,70743
A,NR,DIE,IE,2019,59884
A,NR,DIE,IE,2020,41688
A,NR,DIE,IE,2021,40292
A,NR,DIE,IE,2022,31336
A,NR,DIE,IE,2023,32255
A,NR,DIE,IE,2024,32220
A,NR,DIE,IT,2015,887074
A,NR,DIE,IT,2016,1058886
A,NR,DIE,IT,2017,1130434
A,NR,DIE,IT,2018,1000494
A,NR,DIE,IT,2019,793367
A,NR,DIE,IT,2020,505406
A,NR,DIE,IT,2021,403271
A,NR,DIE,IT,2022,323829
A,NR,DIE,IT,2023,357239
A,NR,DIE,IT,2024,310312
A,NR,DIE,LT,2015,7690
A,NR,DIE,LT,2016,7587
A,NR,DIE,LT,2017,7865
A,NR,DIE,LT,2018,7210
A,NR,DIE,LT,2019,7262
A,NR,DIE,LT,2020,7042
A,NR,DIE,LT,2021,4706
A,NR,DIE,LT,2022,3183
A,NR,DIE,LT,2023,3684
A,NR,DIE,LT,2024,5473
A,NR,DIE,LU,2015,32934
A,NR,DIE,LU,2016,32780
A,NR,DIE,LU,2017,28488
A,NR,DIE,LU,2018,24915
A,NR,DIE,LU,2019,23897
A,NR,DIE,LU,2020,18151
A,NR,DIE,LU,2021,14569
A,NR,DIE,LU,2022,12338
A,NR,DIE,LU,2023,10265
A,NR,DIE,LU,2024,8085
A,NR,DIE,LV,2015,6923
A,NR,DIE,LV,2016,7287
A,NR,DIE,LV,2017,7446
A,NR,DIE,LV,2018,6807
A,NR,DIE,LV,2019,6893
A,NR,DIE,LV,2020,4870
A,NR,DIE,LV,2021,3923
A,NR,DIE,LV,2022,3445
A,NR,DIE,LV,2023,3729
A,NR,DIE,LV,2024,3720
A,NR,DIE,MT,2015,2712
A,NR,DIE,MT,2016,2603
A,NR,DIE,MT,2017,2616
A,NR,DIE,MT,2018,2412
A,NR,DIE,MT,2019,2088
A,NR,DIE,MT,2020,1062
A,NR,DIE,MT,2021,595
A,NR,DIE,MT,2022,497
A,NR,DIE,MT,2023,724
A,NR,DIE,MT,2024,387
A,NR,DIE,NL,2015,129768
A,NR,DIE,NL,2016,72355
A,NR,DIE,NL,2017,72265
A,NR,DIE,NL,2018,56996
A,NR,DIE,NL,2019,32685
A,NR,DIE,NL,2020,12963
A,NR,DIE,NL,2021,6920
A,NR,DIE,NL,2022,4638
A,NR,DIE,NL,2023,3966
A,NR,DIE,NL,2024,3765
A,NR,DIE,PL,2015,120373
A,NR,DIE,PL,2016,134037
A,NR,DIE,PL,2017,139474
A,NR,DIE,PL,2018,136952
A,NR,DIE,PL,2019,121385
A,NR,DIE,PL,2020,94592
A,NR,DIE,PL,2021,86455
A,NR,DIE,PL,2022,73990
A,NR,DIE,PL,2023,83234
A,NR,DIE,PL,2024,97953
A,NR,DIE,PT,2017,139241
A,NR,DIE,PT,2018,124059
A,NR,DIE,PT,2019,91437
A,NR,DIE,PT,2020,51887
A,NR,DIE,PT,2021,38051
A,NR,DIE,PT,2022,33362
A,NR,DIE,PT,2023,29010
A,NR,DIE,PT,2024,24072
A,NR,DIE,RO,2015,44904
A,NR,DIE,RO,2016,48696
A,NR,DIE,RO,2017,54178
A,NR,DIE,RO,2018,53371
A,NR,DIE,RO,2019,44078
A,NR,DIE,RO,2020,34963
A,NR,DIE,RO,2021,24057
A,NR,DIE,RO,2022,19178
A,NR,DIE,RO,2023,20455
A,NR,DIE,RO,2024,22796
A,NR,DIE,SE,2015,207091
A,NR,DIE,SE,2016,202383
A,NR,DIE,SE,2017,192191
A,NR,DIE,SE,2018,138666
A,NR,DIE,SE,2019,123708
A,NR,DIE,SE,2020,67981
A,NR,DIE,SE,2021,53988
A,NR,DIE,SE,2022,36432
A,NR,DIE,SE,2023,25820
A,NR,DIE,SE,2024,23290
A,NR,DIE,SI,2015,31031
A,NR,DIE,SI,2016,32589
A,NR,DIE,SI,2017,32410
A,NR,DIE,SI,2018,23877
A,NR,DIE,SI,2019,21499
A,NR,DIE,SI,2020,16918
A,NR,DIE,SI,2021,11743
A,NR,DIE,SI,2022,7739
A,NR,DIE,SI,2023,7355
A,NR,DIE,SI,2024,8113
A,NR,DIE,SK,2020,19082
A,NR,DIE,SK,2021,14909
A,NR,DIE,SK,2022,15780
A,NR,DIE,SK,2023,19074
A,NR,DIE,SK,2024,19396
A,NR,DIE_X_HYB,AT,2015,179822
A,NR,DIE_X_HYB,AT,2016,188820
A,NR,DIE_X_HYB,AT,2017,175458
A,NR,DIE_X_HYB,AT,2018,140111
A,NR,DIE_X_HYB,AT,2019,126311
A,NR,DIE_X_HYB,AT,2020,90909
A,NR,DIE_X_HYB,AT,2021,58263
A,NR,DIE_X_HYB,AT,2022,48115
A,NR,DIE_X_HYB,AT,2023,46568
A,NR,DIE_X_HYB,AT,2024,44132
A,NR,DIE_X_HYB,BE,2015,303345
A,NR,DIE_X_HYB,BE,2016,284352
A,NR,DIE_X_HYB,BE,2017,258956
A,NR,DIE_X_HYB,BE,2018,201023
A,NR,DIE_X_HYB,BE,2019,173704
A,NR,DIE_X_HYB,BE,2020,137015
A,NR,DIE_X_HYB,BE,2021,82566
A,NR,DIE_X_HYB,BE,2022,54759
A,NR,DIE_X_HYB,BE,2023,39275
A,NR,DIE_X_HYB,BE,2024,23547
A,NR,DIE_X_HYB,BG,2020,2635
A,NR,DIE_X_HYB,BG,2021,3032
A,NR,DIE_X_HYB,BG,2022,5330
A,NR,DIE_X_HYB,BG,2023,6032
A,NR,DIE_X_HYB,BG,2024,6986
A,NR,DIE_X_HYB,CY,2015,4157
A,NR,DIE_X_HYB,CY,2016,5327
A,NR,DIE_X_HYB,CY,2017,5450
A,NR,DIE_X_HYB,CY,2018,5264
A,NR,DIE_X_HYB,CY,2019,4532
A,NR,DIE_X_HYB,CY,2020,3065
A,NR,DIE_X_HYB,CY,2021,1460
A,NR,DIE_X_HYB,CY,2022,541
A,NR,DIE_X_HYB,CY,2023,443
A,NR,DIE_X_HYB,CY,2024,373
A,NR,DIE_X_HYB,CZ,2020,59767
A,NR,DIE_X_HYB,CZ,2021,56111
A,NR,DIE_X_HYB,CZ,2022,44991
A,NR,DIE_X_HYB,CZ,2023,50098
A,NR,DIE_X_HYB,CZ,2024,54423
A,NR,DIE_X_HYB,DE,2017,1336776
A,NR,DIE_X_HYB,DE,2018,1111130
A,NR,DIE_X_HYB,DE,2019,1152733
A,NR,DIE_X_HYB,DE,2020,819896
A,NR,DIE_X_HYB,DE,2021,524446
A,NR,DIE_X_HYB,DE,2022,472274
A,NR,DIE_X_HYB,DE,2023,486581
A,NR,DIE_X_HYB,DE,2024,483261
A,NR,DIE_X_HYB,DK,2015,64203
A,NR,DIE_X_HYB,DK,2016,80211
A,NR,DIE_X_HYB,DK,2017,77492
A,NR,DIE_X_HYB,DK,2018,72474
A,NR,DIE_X_HYB,DK,2019,60362
A,NR,DIE_X_HYB,DK,2020,44709
A,NR,DIE_X_HYB,DK,2021,23904
A,NR,DIE_X_HYB,DK,2022,10104
A,NR,DIE_X_HYB,DK,2023,8132
A,NR,DIE_X_HYB,DK,2024,7048
A,NR,DIE_X_HYB,EE,2015,6949
A,NR,DIE_X_HYB,EE,2016,6392
A,NR,DIE_X_HYB,EE,2017,6408
A,NR,DIE_X_HYB,EE,2018,6454
A,NR,DIE_X_HYB,EE,2019,6180
A,NR,DIE_X_HYB,EE,2020,4863
A,NR,DIE_X_HYB,EE,2021,4251
A,NR,DIE_X_HYB,EE,2022,3336
A,NR,DIE_X_HYB,EE,2023,2867
A,NR,DIE_X_HYB,EE,2024,4508
A,NR,DIE_X_HYB,EL,2021,17004
A,NR,DIE_X_HYB,EL,2022,17047
A,NR,DIE_X_HYB,EL,2023,17691
A,NR,DIE_X_HYB,EL,2024,9827
A,NR,DIE_X_HYB,ES,2015,658725
A,NR,DIE_X_HYB,ES,2016,725953
A,NR,DIE_X_HYB,ES,2017,690523
A,NR,DIE_X_HYB,ES,2018,572154
A,NR,DIE_X_HYB,ES,2019,440448
A,NR,DIE_X_HYB,ES,2020,305013
A,NR,DIE_X_HYB,ES,2021,224708
A,NR,DIE_X_HYB,ES,2022,170932
A,NR,DIE_X_HYB,ES,2023,143811
A,NR,DIE_X_HYB,ES,2024,137867
A,NR,DIE_X_HYB,FI,2015,38800
A,NR,DIE_X_HYB,FI,2016,39452
A,NR,DIE_X_HYB,FI,2017,36062
A,NR,DIE_X_HYB,FI,2018,28712
A,NR,DIE_X_HYB,FI,2019,20873
A,NR,DIE_X_HYB,FI,2020,12778
A,NR,DIE_X_HYB,FI,2021,8397
A,NR,DIE_X_HYB,FI,2022,5420
A,NR,DIE_X_HYB,FI,2023,3890
A,NR,DIE_X_HYB,FI,2024,3401
A,NR,DIE_X_HYB,FR,2015,1070443
A,NR,DIE_X_HYB,FR,2016,1027912
A,NR,DIE_X_HYB,FR,2017,1013099
A,NR,DIE_X_HYB,FR,2018,856583
A,NR,DIE_X_HYB,FR,2019,761198
A,NR,DIE_X_HYB,FR,2020,513168
A,NR,DIE_X_HYB,FR,2021,354949
A,NR,DIE_X_HYB,FR,2022,241783
A,NR,DIE_X_HYB,FR,2023,196837
A,NR,DIE_X_HYB,FR,2024,152223
A,NR,DIE_X_HYB,HR,2020,12885
A,NR,DIE_X_HYB,HR,2021,8904
A,NR,DIE_X_HYB,HR,2022,7788
A,NR,DIE_X_HYB,HR,2023,9219
A,NR,DIE_X_HYB,HR,2024,10691
A,NR,DIE_X_HYB,HU,2015,32265
A,NR,DIE_X_HYB,HU,2016,34688
A,NR,DIE_X_HYB,HU,2017,37022
A,NR,DIE_X_HYB,HU,2018,32408
A,NR,DIE_X_HYB,HU,2019,31221
A,NR,DIE_X_HYB,HU,2020,27711
A,NR,DIE_X_HYB,HU,2021,19092
A,NR,DIE_X_HYB,HU,2022,14322
A,NR,DIE_X_HYB,HU,2023,13105
A,NR,DIE_X_HYB,HU,2024,14693
A,NR,DIE_X_HYB,IE,2017,87640
A,NR,DIE_X_HYB,IE,2018,70732
A,NR,DIE_X_HYB,IE,2019,59879
A,NR,DIE_X_HYB,IE,2020,41134
A,NR,DIE_X_HYB,IE,2021,37772
A,NR,DIE_X_HYB,IE,2022,29803
A,NR,DIE_X_HYB,IE,2023,29503
A,NR,DIE_X_HYB,IE,2024,30320
A,NR,DIE_X_HYB,IT,2015,887074
A,NR,DIE_X_HYB,IT,2016,1058886
A,NR,DIE_X_HYB,IT,2017,1130434
A,NR,DIE_X_HYB,IT,2018,1000494
A,NR,DIE_X_HYB,IT,2019,779857
A,NR,DIE_X_HYB,IT,2020,485245
A,NR,DIE_X_HYB,IT,2021,343952
A,NR,DIE_X_HYB,IT,2022,261466
A,NR,DIE_X_HYB,IT,2023,275753
A,NR,DIE_X_HYB,IT,2024,221402
A,NR,DIE_X_HYB,LT,2015,7690
A,NR,DIE_X_HYB,LT,2016,7587
A,NR,DIE_X_HYB,LT,2017,7865
A,NR,DIE_X_HYB,LT,2018,7210
A,NR,DIE_X_HYB,LT,2019,7260
A,NR,DIE_X_HYB,LT,2020,7037
A,NR,DIE_X_HYB,LT,2021,3806
A,NR,DIE_X_HYB,LT,2022,2389
A,NR,DIE_X_HYB,LT,2023,2739
A,NR,DIE_X_HYB,LT,2024,3868
A,NR,DIE_X_HYB,LU,2015,32867
A,NR,DIE_X_HYB,LU,2016,32713
A,NR,DIE_X_HYB,LU,2017,28461
A,NR,DIE_X_HYB,LU,2018,24761
A,NR,DIE_X_HYB,LU,2019,23022
A,NR,DIE_X_HYB,LU,2020,16628
A,NR,DIE_X_HYB,LU,2021,11194
A,NR,DIE_X_HYB,LU,2022,9236
A,NR,DIE_X_HYB,LU,2023,7482
A,NR,DIE_X_HYB,LU,2024,5749
A,NR,DIE_X_HYB,LV,2015,6923
A,NR,DIE_X_HYB,LV,2016,7287
A,NR,DIE_X_HYB,LV,2017,7445
A,NR,DIE_X_HYB,LV,2018,6807
A,NR,DIE_X_HYB,LV,2019,6893
A,NR,DIE_X_HYB,LV,2020,4870
A,NR,DIE_X_HYB,LV,2021,3923
A,NR,DIE_X_HYB,LV,2022,2606
A,NR,DIE_X_HYB,LV,2023,2700
A,NR,DIE_X_HYB,LV,2024,2518
A,NR,DIE_X_HYB,MT,2015,2709
A,NR,DIE_X_HYB,MT,2016,2601
A,NR,DIE_X_HYB,MT,2017,2613
A,NR,DIE_X_HYB,MT,2018,2409
A,NR,DIE_X_HYB,MT,2019,2074
A,NR,DIE_X_HYB,MT,2020,1036
A,NR,DIE_X_HYB,MT,2021,528
A,NR,DIE_X_HYB,MT,2022,406
A,NR,DIE_X_HYB,MT,2023,623
A,NR,DIE_X_HYB,MT,2024,301
A,NR,DIE_X_HYB,NL,2019,32685
A,NR,DIE_X_HYB,NL,2020,12963
A,NR,DIE_X_HYB,NL,2021,6920
A,NR,DIE_X_HYB,NL,2022,4638
A,NR,DIE_X_HYB,NL,2023,3966
A,NR,DIE_X_HYB,NL,2024,3765
A,NR,DIE_X_HYB,PL,2015,119613
A,NR,DIE_X_HYB,PL,2016,132663
A,NR,DIE_X_HYB,PL,2017,137213
A,NR,DIE_X_HYB,PL,2018,133738
A,NR,DIE_X_HYB,PL,2019,115838
A,NR,DIE_X_HYB,PL,2020,85610
A,NR,DIE_X_HYB,PL,2021,71053
A,NR,DIE_X_HYB,PL,2022,59875
A,NR,DIE_X_HYB,PL,2023,63610
A,NR,DIE_X_HYB,PL,2024,72510
A,NR,DIE_X_HYB,PT,2017,138712
A,NR,DIE_X_HYB,PT,2018,123326
A,NR,DIE_X_HYB,PT,2019,89376
A,NR,DIE_X_HYB,PT,2020,47564
A,NR,DIE_X_HYB,PT,2021,31766
A,NR,DIE_X_HYB,PT,2022,27881
A,NR,DIE_X_HYB,PT,2023,23900
A,NR,DIE_X_HYB,PT,2024,18261
A,NR,DIE_X_HYB,RO,2015,44861
A,NR,DIE_X_HYB,RO,2016,48591
A,NR,DIE_X_HYB,RO,2017,53979
A,NR,DIE_X_HYB,RO,2018,53239
A,NR,DIE_X_HYB,RO,2019,43365
A,NR,DIE_X_HYB,RO,2020,33826
A,NR,DIE_X_HYB,RO,2021,20393
A,NR,DIE_X_HYB,RO,2022,16413
A,NR,DIE_X_HYB,RO,2023,16322
A,NR,DIE_X_HYB,RO,2024,18435
A,NR,DIE_X_HYB,SE,2015,206377
A,NR,DIE_X_HYB,SE,2016,201040
A,NR,DIE_X_HYB,SE,2017,191059
A,NR,DIE_X_HYB,SE,2018,137387
A,NR,DIE_X_HYB,SE,2019,117760
A,NR,DIE_X_HYB,SE,2020,54132
A,NR,DIE_X_HYB,SE,2021,27184
A,NR,DIE_X_HYB,SE,2022,18379
A,NR,DIE_X_HYB,SE,2023,24115
A,NR,DIE_X_HYB,SE,2024,19917
A,NR,DIE_X_HYB,SI,2015,31031
A,NR,DIE_X_HYB,SI,2016,32589
A,NR,DIE_X_HYB,SI,2017,32410
A,NR,DIE_X_HYB,SI,2018,23877
A,NR,DIE_X_HYB,SI,2019,21499
A,NR,DIE_X_HYB,SI,2020,16918
A,NR,DIE_X_HYB,SI,2021,11743
A,NR,DIE_X_HYB,SI,2022,7739
A,NR,DIE_X_HYB,SI,2023,7355
A,NR,DIE_X_HYB,SI,2024,8113
A,NR,DIE_X_HYB,SK,2020,19082
A,NR,DIE_X_HYB,SK,2021,14909
A,NR,DIE_X_HYB,SK,2022,12938
A,NR,DIE_X_HYB,SK,2023,15253
A,NR,DIE_X_HYB,SK,2024,14808
A,NR,ELC,AT,2015,1677
A,NR,ELC,AT,2016,3826
A,NR,ELC,AT,2017,5433
A,NR,ELC,AT,2018,6757
A,NR,ELC,AT,2019,9242
A,NR,ELC,AT,2020,15972
A,NR,ELC,AT,2021,33366
A,NR,ELC,AT,2022,34165
A,NR,ELC,AT,2023,47621
A,NR,ELC,AT,2024,44622
A,NR,ELC,BE,2015,1360
A,NR,ELC,BE,2016,2061
A,NR,ELC,BE,2017,2717
A,NR,ELC,BE,2018,3763
A,NR,ELC,BE,2019,8892
A,NR,ELC,BE,2020,15044
A,NR,ELC,BE,2021,22774
A,NR,ELC,BE,2022,37760
A,NR,ELC,BE,2023,93482
A,NR,ELC,BE,2024,127915
A,NR,ELC,BG,2015,10
A,NR,ELC,BG,2016,11
A,NR,ELC,BG,2017,13
A,NR,ELC,BG,2018,145
A,NR,ELC,BG,2019,188
A,NR,ELC,BG,2020,139
A,NR,ELC,BG,2021,321
A,NR,ELC,BG,2022,1021
A,NR,ELC,BG,2023,1754
A,NR,ELC,BG,2024,1665
A,NR,ELC,CY,2015,4
A,NR,ELC,CY,2016,7
A,NR,ELC,CY,2017,18
A,NR,ELC,CY,2018,5
A,NR,ELC,CY,2019,58
A,NR,ELC,CY,2020,42
A,NR,ELC,CY,2021,78
A,NR,ELC,CY,2022,401
A,NR,ELC,CY,2023,788
A,NR,ELC,CY,2024,1193
A,NR,ELC,CZ,2015,312
A,NR,ELC,CZ,2016,210
A,NR,ELC,CZ,2017,376
A,NR,ELC,CZ,2018,731
A,NR,ELC,CZ,2019,778
A,NR,ELC,CZ,2020,3284
A,NR,ELC,CZ,2021,3172
A,NR,ELC,CZ,2022,3786
A,NR,ELC,CZ,2023,6567
A,NR,ELC,CZ,2024,10854
A,NR,ELC,DE,2015,12363
A,NR,ELC,DE,2016,11410
A,NR,ELC,DE,2017,25056
A,NR,ELC,DE,2018,36062
A,NR,ELC,DE,2019,63281
A,NR,ELC,DE,2020,194163
A,NR,ELC,DE,2021,355961
A,NR,ELC,DE,2022,470559
A,NR,ELC,DE,2023,524219
A,NR,ELC,DE,2024,380609
A,NR,ELC,DK,2015,1265
A,NR,ELC,DK,2016,1265
A,NR,ELC,DK,2017,691
A,NR,ELC,DK,2018,1544
A,NR,ELC,DK,2019,5501
A,NR,ELC,DK,2020,14218
A,NR,ELC,DK,2021,24876
A,NR,ELC,DK,2022,30799
A,NR,ELC,DK,2023,62576
A,NR,ELC,DK,2024,89058
A,NR,ELC,EE,2015,30
A,NR,ELC,EE,2016,32
A,NR,ELC,EE,2017,26
A,NR,ELC,EE,2018,83
A,NR,ELC,EE,2019,77
A,NR,ELC,EE,2020,344
A,NR,ELC,EE,2021,487
A,NR,ELC,EE,2022,693
A,NR,ELC,EE,2023,1448
A,NR,ELC,EE,2024,1323
A,NR,ELC,EL,2015,32
A,NR,ELC,EL,2016,20
A,NR,ELC,EL,2017,37
A,NR,ELC,EL,2018,77
A,NR,ELC,EL,2019,188
A,NR,ELC,EL,2020,678
A,NR,ELC,EL,2021,2174
A,NR,ELC,EL,2022,2826
A,NR,ELC,EL,2023,6377
A,NR,ELC,EL,2024,8708
A,NR,ELC,ES,2015,2620
A,NR,ELC,ES,2016,2085
A,NR,ELC,ES,2017,4038
A,NR,ELC,ES,2018,6238
A,NR,ELC,ES,2019,10415
A,NR,ELC,ES,2020,18217
A,NR,ELC,ES,2021,24400
A,NR,ELC,ES,2022,31737
A,NR,ELC,ES,2023,55388
A,NR,ELC,ES,2024,59383
A,NR,ELC,FI,2015,243
A,NR,ELC,FI,2016,223
A,NR,ELC,FI,2017,502
A,NR,ELC,FI,2018,776
A,NR,ELC,FI,2019,1897
A,NR,ELC,FI,2020,4245
A,NR,ELC,FI,2021,10153
A,NR,ELC,FI,2022,14531
A,NR,ELC,FI,2023,29537
A,NR,ELC,FI,2024,21870
A,NR,ELC,FR,2015,17269
A,NR,ELC,FR,2016,21758
A,NR,ELC,FR,2017,25368
A,NR,ELC,FR,2018,31687
A,NR,ELC,FR,2019,43564
A,NR,ELC,FR,2020,112499
A,NR,ELC,FR,2021,165566
A,NR,ELC,FR,2022,207171
A,NR,ELC,FR,2023,303590
A,NR,ELC,FR,2024,295053
A,NR,ELC,HR,2015,80
A,NR,ELC,HR,2016,66
A,NR,ELC,HR,2017,55
A,NR,ELC,HR,2018,182
A,NR,ELC,HR,2019,279
A,NR,ELC,HR,2020,639
A,NR,ELC,HR,2021,1121
A,NR,ELC,HR,2022,1062
A,NR,ELC,HR,2023,1125
A,NR,ELC,HR,2024,882
A,NR,ELC,HU,2015,116
A,NR,ELC,HU,2016,176
A,NR,ELC,HU,2017,749
A,NR,ELC,HU,2018,1300
A,NR,ELC,HU,2019,1834
A,NR,ELC,HU,2020,3047
A,NR,ELC,HU,2021,4313
A,NR,ELC,HU,2022,4707
A,NR,ELC,HU,2023,5807
A,NR,ELC,HU,2024,8569
A,NR,ELC,IE,2015,494
A,NR,ELC,IE,2016,402
A,NR,ELC,IE,2017,631
A,NR,ELC,IE,2018,1252
A,NR,ELC,IE,2019,3665
A,NR,ELC,IE,2020,4075
A,NR,ELC,IE,2021,9199
A,NR,ELC,IE,2022,15872
A,NR,ELC,IE,2023,23181
A,NR,ELC,IE,2024,17780
A,NR,ELC,IT,2015,1576
A,NR,ELC,IT,2016,1497
A,NR,ELC,IT,2017,2109
A,NR,ELC,IT,2018,5198
A,NR,ELC,IT,2019,10612
A,NR,ELC,IT,2020,30930
A,NR,ELC,IT,2021,69178
A,NR,ELC,IT,2022,48960
A,NR,ELC,IT,2023,65800
A,NR,ELC,IT,2024,66606
A,NR,ELC,LT,2015,26
A,NR,ELC,LT,2016,62
A,NR,ELC,LT,2017,43
A,NR,ELC,LT,2018,141
A,NR,ELC,LT,2019,175
A,NR,ELC,LT,2020,480
A,NR,ELC,LT,2021,1277
A,NR,ELC,LT,2022,1507
A,NR,ELC,LT,2023,2210
A,NR,ELC,LT,2024,1877
A,NR,ELC,LU,2015,73
A,NR,ELC,LU,2016,145
A,NR,ELC,LU,2017,386
A,NR,ELC,LU,2018,430
A,NR,ELC,LU,2019,986
A,NR,ELC,LU,2020,2473
A,NR,ELC,LU,2021,4649
A,NR,ELC,LU,2022,6391
A,NR,ELC,LU,2023,11048
A,NR,ELC,LU,2024,12777
A,NR,ELC,LV,2015,17
A,NR,ELC,LV,2016,19
A,NR,ELC,LV,2017,41
A,NR,ELC,LV,2018,78
A,NR,ELC,LV,2019,116
A,NR,ELC,LV,2020,351
A,NR,ELC,LV,2021,480
A,NR,ELC,LV,2022,1069
A,NR,ELC,LV,2023,1629
A,NR,ELC,LV,2024,1260
A,NR,ELC,MT,2015,23
A,NR,ELC,MT,2016,19
A,NR,ELC,MT,2017,24
A,NR,ELC,MT,2018,285
A,NR,ELC,MT,2019,281
A,NR,ELC,MT,2020,178
A,NR,ELC,MT,2021,416
A,NR,ELC,MT,2022,990
A,NR,ELC,MT,2023,1516
A,NR,ELC,MT,2024,2893
A,NR,ELC,NL,2015,3193
A,NR,ELC,NL,2016,3988
A,NR,ELC,NL,2017,7958
A,NR,ELC,NL,2018,23985
A,NR,ELC,NL,2019,61547
A,NR,ELC,NL,2020,72859
A,NR,ELC,NL,2021,63658
A,NR,ELC,NL,2022,73250
A,NR,ELC,NL,2023,113968
A,NR,ELC,NL,2024,132167
A,NR,ELC,PL,2015,112
A,NR,ELC,PL,2016,157
A,NR,ELC,PL,2017,508
A,NR,ELC,PL,2018,694
A,NR,ELC,PL,2019,1464
A,NR,ELC,PL,2020,3679
A,NR,ELC,PL,2021,7092
A,NR,ELC,PL,2022,11293
A,NR,ELC,PL,2023,17078
A,NR,ELC,PL,2024,16564
A,NR,ELC,PT,2015,692
A,NR,ELC,PT,2016,820
A,NR,ELC,PT,2017,1912
A,NR,ELC,PT,2018,4458
A,NR,ELC,PT,2019,6880
A,NR,ELC,PT,2020,7908
A,NR,ELC,PT,2021,13546
A,NR,ELC,PT,2022,18426
A,NR,ELC,PT,2023,36456
A,NR,ELC,PT,2024,41772
A,NR,ELC,RO,2015,28
A,NR,ELC,RO,2016,69
A,NR,ELC,RO,2017,232
A,NR,ELC,RO,2018,604
A,NR,ELC,RO,2019,1506
A,NR,ELC,RO,2020,2844
A,NR,ELC,RO,2021,6344
A,NR,ELC,RO,2022,11638
A,NR,ELC,RO,2023,15367
A,NR,ELC,RO,2024,9795
A,NR,ELC,SE,2015,2916
A,NR,ELC,SE,2016,2993
A,NR,ELC,SE,2017,4359
A,NR,ELC,SE,2018,7147
A,NR,ELC,SE,2019,15795
A,NR,ELC,SE,2020,27981
A,NR,ELC,SE,2021,57590
A,NR,ELC,SE,2022,95371
A,NR,ELC,SE,2023,112321
A,NR,ELC,SE,2024,94546
A,NR,ELC,SI,2015,123
A,NR,ELC,SI,2016,151
A,NR,ELC,SI,2017,297
A,NR,ELC,SI,2018,521
A,NR,ELC,SI,2019,695
A,NR,ELC,SI,2020,1720
A,NR,ELC,SI,2021,1742
A,NR,ELC,SI,2022,2293
A,NR,ELC,SI,2023,4306
A,NR,ELC,SI,2024,3154
A,NR,ELC,SK,2015,15
A,NR,ELC,SK,2016,55
A,NR,ELC,SK,2017,214
A,NR,ELC,SK,2018,301
A,NR,ELC,SK,2019,166
A,NR,ELC,SK,2020,918
A,NR,ELC,SK,2021,1105
A,NR,ELC,SK,2022,1508
A,NR,ELC,SK,2023,2517
A,NR,ELC,SK,2024,2227
A,NR,ELC_DIE_HYB,AT,2015,518
A,NR,ELC_DIE_HYB,AT,2016,169
A,NR,ELC_DIE_HYB,AT,2017,43
A,NR,ELC_DIE_HYB,AT,2018,1008
A,NR,ELC_DIE_HYB,AT,2019,4112
A,NR,ELC_DIE_HYB,AT,2020,7848
A,NR,ELC_DIE_HYB,AT,2021,12519
A,NR,ELC_DIE_HYB,AT,2022,12620
A,NR,ELC_DIE_HYB,AT,2023,13925
A,NR,ELC_DIE_HYB,AT,2024,12479
A,NR,ELC_DIE_HYB,BE,2015,2493
A,NR,ELC_DIE_HYB,BE,2016,1301
A,NR,ELC_DIE_HYB,BE,2017,834
A,NR,ELC_DIE_HYB,BE,2018,1249
A,NR,ELC_DIE_HYB,BE,2019,6012
A,NR,ELC_DIE_HYB,BE,2020,14955
A,NR,ELC_DIE_HYB,BE,2021,21348
A,NR,ELC_DIE_HYB,BE,2022,8769
A,NR,ELC_DIE_HYB,BE,2023,5540
A,NR,ELC_DIE_HYB,BE,2024,2703
A,NR,ELC_DIE_HYB,BG,2023,0
A,NR,ELC_DIE_HYB,BG,2024,0
A,NR,ELC_DIE_HYB,CY,2023,460
A,NR,ELC_DIE_HYB,CY,2024,450
A,NR,ELC_DIE_HYB,CZ,2021,822
A,NR,ELC_DIE_HYB,CZ,2022,806
A,NR,ELC_DIE_HYB,CZ,2023,4119
A,NR,ELC_DIE_HYB,CZ,2024,229
A,NR,ELC_DIE_HYB,DE,2017,1228
A,NR,ELC_DIE_HYB,DE,2018,17312
A,NR,ELC_DIE_HYB,DE,2019,70102
A,NR,ELC_DIE_HYB,DE,2020,107009
A,NR,ELC_DIE_HYB,DE,2021,143234
A,NR,ELC_DIE_HYB,DE,2022,153135
A,NR,ELC_DIE_HYB,DE,2023,208149
A,NR,ELC_DIE_HYB,DE,2024,183998
A,NR,ELC_DIE_HYB,DK,2020,1098
A,NR,ELC_DIE_HYB,DK,2021,1616
A,NR,ELC_DIE_HYB,DK,2022,6488
A,NR,ELC_DIE_HYB,DK,2023,6855
A,NR,ELC_DIE_HYB,DK,2024,5150
A,NR,ELC_DIE_HYB,EE,2015,0
A,NR,ELC_DIE_HYB,EE,2016,1
A,NR,ELC_DIE_HYB,EE,2017,1
A,NR,ELC_DIE_HYB,EE,2018,73
A,NR,ELC_DIE_HYB,EE,2019,234
A,NR,ELC_DIE_HYB,EE,2020,260
A,NR,ELC_DIE_HYB,EE,2021,973
A,NR,ELC_DIE_HYB,EE,2022,891
A,NR,ELC_DIE_HYB,EE,2023,1227
A,NR,ELC_DIE_HYB,EE,2024,1345
A,NR,ELC_DIE_HYB,EL,2021,1713
A,NR,ELC_DIE_HYB,EL,2022,1555
A,NR,ELC_DIE_HYB,EL,2023,1733
A,NR,ELC_DIE_HYB,EL,2024,1561
A,NR,ELC_DIE_HYB,ES,2015,23
A,NR,ELC_DIE_HYB,ES,2016,34
A,NR,ELC_DIE_HYB,ES,2017,129
A,NR,ELC_DIE_HYB,ES,2018,1210
A,NR,ELC_DIE_HYB,ES,2019,14943
A,NR,ELC_DIE_HYB,ES,2020,26157
A,NR,ELC_DIE_HYB,ES,2021,38766
A,NR,ELC_DIE_HYB,ES,2022,32589
A,NR,ELC_DIE_HYB,ES,2023,40815
A,NR,ELC_DIE_HYB,ES,2024,42115
A,NR,ELC_DIE_HYB,FI,2015,29
A,NR,ELC_DIE_HYB,FI,2016,11
A,NR,ELC_DIE_HYB,FI,2017,2
A,NR,ELC_DIE_HYB,FI,2018,224
A,NR,ELC_DIE_HYB,FI,2019,990
A,NR,ELC_DIE_HYB,FI,2020,1354
A,NR,ELC_DIE_HYB,FI,2021,2235
A,NR,ELC_DIE_HYB,FI,2022,1626
A,NR,ELC_DIE_HYB,FI,2023,1167
A,NR,ELC_DIE_HYB,FI,2024,411
A,NR,ELC_DIE_HYB,FR,2015,18870
A,NR,ELC_DIE_HYB,FR,2016,4522
A,NR,ELC_DIE_HYB,FR,2017,1031
A,NR,ELC_DIE_HYB,FR,2018,2794
A,NR,ELC_DIE_HYB,FR,2019,11434
A,NR,ELC_DIE_HYB,FR,2020,23578
A,NR,ELC_DIE_HYB,FR,2021,36979
A,NR,ELC_DIE_HYB,FR,2022,25547
A,NR,ELC_DIE_HYB,FR,2023,21958
A,NR,ELC_DIE_HYB,FR,2024,13871
A,NR,ELC_DIE_HYB,HR,2023,0
A,NR,ELC_DIE_HYB,HR,2024,0
A,NR,ELC_DIE_HYB,HU,2015,6
A,NR,ELC_DIE_HYB,HU,2016,12
A,NR,ELC_DIE_HYB,HU,2017,17
A,NR,ELC_DIE_HYB,HU,2018,247
A,NR,ELC_DIE_HYB,HU,2019,1078
A,NR,ELC_DIE_HYB,HU,2020,3559
A,NR,ELC_DIE_HYB,HU,2021,7328
A,NR,ELC_DIE_HYB,HU,2022,5602
A,NR,ELC_DIE_HYB,HU,2023,5993
A,NR,ELC_DIE_HYB,HU,2024,5070
A,NR,ELC_DIE_HYB,IE,2017,1
A,NR,ELC_DIE_HYB,IE,2018,1
A,NR,ELC_DIE_HYB,IE,2019,1
A,NR,ELC_DIE_HYB,IE,2020,520
A,NR,ELC_DIE_HYB,IE,2021,2249
A,NR,ELC_DIE_HYB,IE,2022,959
A,NR,ELC_DIE_HYB,IE,2023,2450
A,NR,ELC_DIE_HYB,IE,2024,1496
A,NR,ELC_DIE_HYB,IT,2021,50425
A,NR,ELC_DIE_HYB,IT,2022,54131
A,NR,ELC_DIE_HYB,IT,2023,72697
A,NR,ELC_DIE_HYB,IT,2024,82315
A,NR,ELC_DIE_HYB,LT,2017,0
A,NR,ELC_DIE_HYB,LT,2018,0
A,NR,ELC_DIE_HYB,LT,2019,2
A,NR,ELC_DIE_HYB,LT,2020,5
A,NR,ELC_DIE_HYB,LT,2021,900
A,NR,ELC_DIE_HYB,LT,2022,794
A,NR,ELC_DIE_HYB,LT,2023,945
A,NR,ELC_DIE_HYB,LT,2024,1605
A,NR,ELC_DIE_HYB,LU,2015,67
A,NR,ELC_DIE_HYB,LU,2016,67
A,NR,ELC_DIE_HYB,LU,2017,13
A,NR,ELC_DIE_HYB,LU,2018,144
A,NR,ELC_DIE_HYB,LU,2019,806
A,NR,ELC_DIE_HYB,LU,2020,1203
A,NR,ELC_DIE_HYB,LU,2021,2756
A,NR,ELC_DIE_HYB,LU,2022,2692
A,NR,ELC_DIE_HYB,LU,2023,2615
A,NR,ELC_DIE_HYB,LU,2024,2152
A,NR,ELC_DIE_HYB,LV,2015,0
A,NR,ELC_DIE_HYB,LV,2016,0
A,NR,ELC_DIE_HYB,LV,2017,1
A,NR,ELC_DIE_HYB,LV,2018,0
A,NR,ELC_DIE_HYB,LV,2019,0
A,NR,ELC_DIE_HYB,LV,2020,0
A,NR,ELC_DIE_HYB,LV,2022,839
A,NR,ELC_DIE_HYB,LV,2023,1029
A,NR,ELC_DIE_HYB,LV,2024,1202
A,NR,ELC_DIE_HYB,MT,2015,3
A,NR,ELC_DIE_HYB,MT,2016,2
A,NR,ELC_DIE_HYB,MT,2017,3
A,NR,ELC_DIE_HYB,MT,2018,3
A,NR,ELC_DIE_HYB,MT,2019,14
A,NR,ELC_DIE_HYB,MT,2020,26
A,NR,ELC_DIE_HYB,MT,2021,67
A,NR,ELC_DIE_HYB,MT,2022,81
A,NR,ELC_DIE_HYB,MT,2023,85
A,NR,ELC_DIE_HYB,MT,2024,70
A,NR,ELC_DIE_HYB,NL,2021,0
A,NR,ELC_DIE_HYB,NL,2022,0
A,NR,ELC_DIE_HYB,NL,2023,0
A,NR,ELC_DIE_HYB,NL,2024,0
A,NR,ELC_DIE_HYB,PL,2015,713
A,NR,ELC_DIE_HYB,PL,2016,1263
A,NR,ELC_DIE_HYB,PL,2017,2113
A,NR,ELC_DIE_HYB,PL,2018,3038
A,NR,ELC_DIE_HYB,PL,2019,5238
A,NR,ELC_DIE_HYB,PL,2020,8003
A,NR,ELC_DIE_HYB,PL,2021,13309
A,NR,ELC_DIE_HYB,PL,2022,12303
A,NR,ELC_DIE_HYB,PL,2023,17173
A,NR,ELC_DIE_HYB,PL,2024,22651
A,NR,ELC_DIE_HYB,PT,2017,394
A,NR,ELC_DIE_HYB,PT,2018,637
A,NR,ELC_DIE_HYB,PT,2019,910
A,NR,ELC_DIE_HYB,PT,2020,2403
A,NR,ELC_DIE_HYB,PT,2021,4151
A,NR,ELC_DIE_HYB,PT,2022,4192
A,NR,ELC_DIE_HYB,PT,2023,3790
A,NR,ELC_DIE_HYB,PT,2024,3336
A,NR,ELC_DIE_HYB,RO,2015,43
A,NR,ELC_DIE_HYB,RO,2016,105
A,NR,ELC_DIE_HYB,RO,2017,199
A,NR,ELC_DIE_HYB,RO,2018,132
A,NR,ELC_DIE_HYB,RO,2019,713
A,NR,ELC_DIE_HYB,RO,2020,1054
A,NR,ELC_DIE_HYB,RO,2021,3350
A,NR,ELC_DIE_HYB,RO,2022,2499
A,NR,ELC_DIE_HYB,RO,2023,3860
A,NR,ELC_DIE_HYB,RO,2024,3725
A,NR,ELC_DIE_HYB,SE,2015,135
A,NR,ELC_DIE_HYB,SE,2016,17
A,NR,ELC_DIE_HYB,SE,2017,17
A,NR,ELC_DIE_HYB,SE,2018,9
A,NR,ELC_DIE_HYB,SE,2019,56
A,NR,ELC_DIE_HYB,SE,2020,10879
A,NR,ELC_DIE_HYB,SE,2021,22825
A,NR,ELC_DIE_HYB,SE,2022,15433
A,NR,ELC_DIE_HYB,SE,2023,0
A,NR,ELC_DIE_HYB,SE,2024,0
A,NR,ELC_DIE_HYB,SI,2022,0
A,NR,ELC_DIE_HYB,SI,2023,0
A,NR,ELC_DIE_HYB,SI,2024,0
A,NR,ELC_DIE_HYB,SK,2022,2742
A,NR,ELC_DIE_HYB,SK,2023,3821
A,NR,ELC_DIE_HYB,SK,2024,4445
A,NR,ELC_DIE_PI,AT,2015,170
A,NR,ELC_DIE_PI,AT,2016,150
A,NR,ELC_DIE_PI,AT,2017,89
A,NR,ELC_DIE_PI,AT,2018,40
A,NR,ELC_DIE_PI,AT,2019,45
A,NR,ELC_DIE_PI,AT,2020,439
A,NR,ELC_DIE_PI,AT,2021,1026
A,NR,ELC_DIE_PI,AT,2022,802
A,NR,ELC_DIE_PI,AT,2023,694
A,NR,ELC_DIE_PI,AT,2024,1867
A,NR,ELC_DIE_PI,BE,2022,7031
A,NR,ELC_DIE_PI,BE,2023,6040
A,NR,ELC_DIE_PI,BE,2024,4036
A,NR,ELC_DIE_PI,BG,2023,0
A,NR,ELC_DIE_PI,BG,2024,0
A,NR,ELC_DIE_PI,CY,2023,6
A,NR,ELC_DIE_PI,CY,2024,13
A,NR,ELC_DIE_PI,CZ,2022,281
A,NR,ELC_DIE_PI,CZ,2023,470
A,NR,ELC_DIE_PI,CZ,2024,432
A,NR,ELC_DIE_PI,DE,2017,1191
A,NR,ELC_DIE_PI,DE,2018,583
A,NR,ELC_DIE_PI,DE,2019,7432
A,NR,ELC_DIE_PI,DE,2020,22431
A,NR,ELC_DIE_PI,DE,2021,23581
A,NR,ELC_DIE_PI,DE,2022,17009
A,NR,ELC_DIE_PI,DE,2023,9109
A,NR,ELC_DIE_PI,DE,2024,17250
A,NR,ELC_DIE_PI,DK,2015,0
A,NR,ELC_DIE_PI,DK,2016,5
A,NR,ELC_DIE_PI,DK,2017,1
A,NR,ELC_DIE_PI,DK,2018,1
A,NR,ELC_DIE_PI,DK,2019,113
A,NR,ELC_DIE_PI,DK,2020,488
A,NR,ELC_DIE_PI,DK,2021,1128
A,NR,ELC_DIE_PI,DK,2022,849
A,NR,ELC_DIE_PI,DK,2023,273
A,NR,ELC_DIE_PI,DK,2024,110
A,NR,ELC_DIE_PI,EE,2021,18
A,NR,ELC_DIE_PI,EE,2022,29
A,NR,ELC_DIE_PI,EE,2023,20
A,NR,ELC_DIE_PI,EE,2024,26
A,NR,ELC_DIE_PI,EL,2022,0
A,NR,ELC_DIE_PI,EL,2023,361
A,NR,ELC_DIE_PI,EL,2024,223
A,NR,ELC_DIE_PI,ES,2015,9
A,NR,ELC_DIE_PI,ES,2016,10
A,NR,ELC_DIE_PI,ES,2017,8
A,NR,ELC_DIE_PI,ES,2018,6
A,NR,ELC_DIE_PI,ES,2019,77
A,NR,ELC_DIE_PI,ES,2020,1252
A,NR,ELC_DIE_PI,ES,2021,2169
A,NR,ELC_DIE_PI,ES,2022,2129
A,NR,ELC_DIE_PI,ES,2023,1742
A,NR,ELC_DIE_PI,ES,2024,4528
A,NR,ELC_DIE_PI,FI,2015,15
A,NR,ELC_DIE_PI,FI,2016,93
A,NR,ELC_DIE_PI,FI,2017,152
A,NR,ELC_DIE_PI,FI,2018,135
A,NR,ELC_DIE_PI,FI,2019,159
A,NR,ELC_DIE_PI,FI,2020,435
A,NR,ELC_DIE_PI,FI,2021,620
A,NR,ELC_DIE_PI,FI,2022,401
A,NR,ELC_DIE_PI,FI,2023,220
A,NR,ELC_DIE_PI,FI,2024,196
A,NR,ELC_DIE_PI,FR,2015,90
A,NR,ELC_DIE_PI,FR,2016,261
A,NR,ELC_DIE_PI,FR,2017,288
A,NR,ELC_DIE_PI,FR,2018,246
A,NR,ELC_DIE_PI,FR,2019,779
A,NR,ELC_DIE_PI,FR,2020,2396
A,NR,ELC_DIE_PI,FR,2021,7236
A,NR,ELC_DIE_PI,FR,2022,6240
A,NR,ELC_DIE_PI,FR,2023,4463
A,NR,ELC_DIE_PI,FR,2024,7020
A,NR,ELC_DIE_PI,HR,2023,0
A,NR,ELC_DIE_PI,HR,2024,0
A,NR,ELC_DIE_PI,HU,2020,336
A,NR,ELC_DIE_PI,HU,2021,645
A,NR,ELC_DIE_PI,HU,2022,643
A,NR,ELC_DIE_PI,HU,2023,738
A,NR,ELC_DIE_PI,HU,2024,758
A,NR,ELC_DIE_PI,IE,2017,3
A,NR,ELC_DIE_PI,IE,2018,10
A,NR,ELC_DIE_PI,IE,2019,4
A,NR,ELC_DIE_PI,IE,2020,34
A,NR,ELC_DIE_PI,IE,2021,271
A,NR,ELC_DIE_PI,IE,2022,574
A,NR,ELC_DIE_PI,IE,2023,302
A,NR,ELC_DIE_PI,IE,2024,404
A,NR,ELC_DIE_PI,IT,2021,8894
A,NR,ELC_DIE_PI,IT,2022,8232
A,NR,ELC_DIE_PI,IT,2023,8789
A,NR,ELC_DIE_PI,IT,2024,6595
A,NR,ELC_DIE_PI,LT,2023,0
A,NR,ELC_DIE_PI,LT,2024,0
A,NR,ELC_DIE_PI,LU,2015,0
A,NR,ELC_DIE_PI,LU,2016,0
A,NR,ELC_DIE_PI,LU,2017,14
A,NR,ELC_DIE_PI,LU,2018,10
A,NR,ELC_DIE_PI,LU,2019,69
A,NR,ELC_DIE_PI,LU,2020,320
A,NR,ELC_DIE_PI,LU,2021,619
A,NR,ELC_DIE_PI,LU,2022,410
A,NR,ELC_DIE_PI,LU,2023,168
A,NR,ELC_DIE_PI,LU,2024,184
A,NR,ELC_DIE_PI,LV,2015,0
A,NR,ELC_DIE_PI,LV,2016,0
A,NR,ELC_DIE_PI,LV,2018,0
A,NR,ELC_DIE_PI,LV,2019,0
A,NR,ELC_DIE_PI,LV,2020,0
A,NR,ELC_DIE_PI,LV,2023,0
A,NR,ELC_DIE_PI,LV,2024,0
A,NR,ELC_DIE_PI,MT,2019,0
A,NR,ELC_DIE_PI,MT,2020,0
A,NR,ELC_DIE_PI,MT,2021,5
A,NR,ELC_DIE_PI,MT,2022,10
A,NR,ELC_DIE_PI,MT,2023,16
A,NR,ELC_DIE_PI,MT,2024,16
A,NR,ELC_DIE_PI,NL,2021,0
A,NR,ELC_DIE_PI,NL,2022,0
A,NR,ELC_DIE_PI,NL,2023,0
A,NR,ELC_DIE_PI,NL,2024,0
A,NR,ELC_DIE_PI,PL,2015,47
A,NR,ELC_DIE_PI,PL,2016,111
A,NR,ELC_DIE_PI,PL,2017,148
A,NR,ELC_DIE_PI,PL,2018,176
A,NR,ELC_DIE_PI,PL,2019,309
A,NR,ELC_DIE_PI,PL,2020,979
A,NR,ELC_DIE_PI,PL,2021,2093
A,NR,ELC_DIE_PI,PL,2022,1812
A,NR,ELC_DIE_PI,PL,2023,2451
A,NR,ELC_DIE_PI,PL,2024,2792
A,NR,ELC_DIE_PI,PT,2017,135
A,NR,ELC_DIE_PI,PT,2018,96
A,NR,ELC_DIE_PI,PT,2019,1151
A,NR,ELC_DIE_PI,PT,2020,1920
A,NR,ELC_DIE_PI,PT,2021,2134
A,NR,ELC_DIE_PI,PT,2022,1289
A,NR,ELC_DIE_PI,PT,2023,1320
A,NR,ELC_DIE_PI,PT,2024,2475
A,NR,ELC_DIE_PI,RO,2020,83
A,NR,ELC_DIE_PI,RO,2021,314
A,NR,ELC_DIE_PI,RO,2022,266
A,NR,ELC_DIE_PI,RO,2023,273
A,NR,ELC_DIE_PI,RO,2024,636
A,NR,ELC_DIE_PI,SE,2015,579
A,NR,ELC_DIE_PI,SE,2016,1326
A,NR,ELC_DIE_PI,SE,2017,1115
A,NR,ELC_DIE_PI,SE,2018,1270
A,NR,ELC_DIE_PI,SE,2019,913
A,NR,ELC_DIE_PI,SE,2020,2970
A,NR,ELC_DIE_PI,SE,2021,3979
A,NR,ELC_DIE_PI,SE,2022,2620
A,NR,ELC_DIE_PI,SE,2023,1705
A,NR,ELC_DIE_PI,SE,2024,3373
A,NR,ELC_DIE_PI,SI,2022,0
A,NR,ELC_DIE_PI,SI,2023,0
A,NR,ELC_DIE_PI,SI,2024,0
A,NR,ELC_DIE_PI,SK,2022,100
A,NR,ELC_DIE_PI,SK,2023,0
A,NR,ELC_DIE_PI,SK,2024,143
A,NR,ELC_PET_HYB,AT,2015,1893
A,NR,ELC_PET_HYB,AT,2016,3305
A,NR,ELC_PET_HYB,AT,2017,6529
A,NR,ELC_PET_HYB,AT,2018,6135
A,NR,ELC_PET_HYB,AT,2019,10237
A,NR,ELC_PET_HYB,AT,2020,18178
A,NR,ELC_PET_HYB,AT,2021,29451
A,NR,ELC_PET_HYB,AT,2022,28238
A,NR,ELC_PET_HYB,AT,2023,36705
A,NR,ELC_PET_HYB,AT,2024,51611
A,NR,ELC_PET_HYB,BE,2015,8352
A,NR,ELC_PET_HYB,BE,2016,15692
A,NR,ELC_PET_HYB,BE,2017,23458
A,NR,ELC_PET_HYB,BE,2018,23510
A,NR,ELC_PET_HYB,BE,2019,28998
A,NR,ELC_PET_HYB,BE,2020,56502
A,NR,ELC_PET_HYB,BE,2021,93969
A,NR,ELC_PET_HYB,BE,2022,65146
A,NR,ELC_PET_HYB,BE,2023,86480
A,NR,ELC_PET_HYB,BE,2024,103003
A,NR,ELC_PET_HYB,BG,2020,429
A,NR,ELC_PET_HYB,BG,2021,636
A,NR,ELC_PET_HYB,BG,2022,386
A,NR,ELC_PET_HYB,BG,2023,693
A,NR,ELC_PET_HYB,BG,2024,1005
A,NR,ELC_PET_HYB,CY,2015,202
A,NR,ELC_PET_HYB,CY,2016,381
A,NR,ELC_PET_HYB,CY,2017,759
A,NR,ELC_PET_HYB,CY,2018,983
A,NR,ELC_PET_HYB,CY,2019,1052
A,NR,ELC_PET_HYB,CY,2020,1424
A,NR,ELC_PET_HYB,CY,2021,2990
A,NR,ELC_PET_HYB,CY,2022,4022
A,NR,ELC_PET_HYB,CY,2023,5157
A,NR,ELC_PET_HYB,CY,2024,5987
A,NR,ELC_PET_HYB,CZ,2020,12769
A,NR,ELC_PET_HYB,CZ,2021,3078
A,NR,ELC_PET_HYB,CZ,2022,13191
A,NR,ELC_PET_HYB,CZ,2023,27412
A,NR,ELC_PET_HYB,CZ,2024,2624
A,NR,ELC_PET_HYB,DE,2017,54009
A,NR,ELC_PET_HYB,DE,2018,81503
A,NR,ELC_PET_HYB,DE,2019,123799
A,NR,ELC_PET_HYB,DE,2020,220385
A,NR,ELC_PET_HYB,DE,2021,285898
A,NR,ELC_PET_HYB,DE,2022,312090
A,NR,ELC_PET_HYB,DE,2023,456426
A,NR,ELC_PET_HYB,DE,2024,571488
A,NR,ELC_PET_HYB,DK,2020,9415
A,NR,ELC_PET_HYB,DK,2021,8539
A,NR,ELC_PET_HYB,DK,2022,22790
A,NR,ELC_PET_HYB,DK,2023,24237
A,NR,ELC_PET_HYB,DK,2024,25631
A,NR,ELC_PET_HYB,EE,2015,351
A,NR,ELC_PET_HYB,EE,2016,771
A,NR,ELC_PET_HYB,EE,2017,1186
A,NR,ELC_PET_HYB,EE,2018,1512
A,NR,ELC_PET_HYB,EE,2019,2582
A,NR,ELC_PET_HYB,EE,2020,2582
A,NR,ELC_PET_HYB,EE,2021,5376
A,NR,ELC_PET_HYB,EE,2022,5933
A,NR,ELC_PET_HYB,EE,2023,7908
A,NR,ELC_PET_HYB,EE,2024,10369
A,NR,ELC_PET_HYB,EL,2021,26319
A,NR,ELC_PET_HYB,EL,2022,27607
A,NR,ELC_PET_HYB,EL,2023,39792
A,NR,ELC_PET_HYB,EL,2024,56254
A,NR,ELC_PET_HYB,ES,2015,7156
A,NR,ELC_PET_HYB,ES,2016,30431
A,NR,ELC_PET_HYB,ES,2017,55236
A,NR,ELC_PET_HYB,ES,2018,73544
A,NR,ELC_PET_HYB,ES,2019,92605
A,NR,ELC_PET_HYB,ES,2020,112546
A,NR,ELC_PET_HYB,ES,2021,182089
A,NR,ELC_PET_HYB,ES,2022,207950
A,NR,ELC_PET_HYB,ES,2023,263300
A,NR,ELC_PET_HYB,ES,2024,350144
A,NR,ELC_PET_HYB,FI,2015,2817
A,NR,ELC_PET_HYB,FI,2016,4668
A,NR,ELC_PET_HYB,FI,2017,8512
A,NR,ELC_PET_HYB,FI,2018,11631
A,NR,ELC_PET_HYB,FI,2019,14582
A,NR,ELC_PET_HYB,FI,2020,17373
A,NR,ELC_PET_HYB,FI,2021,25874
A,NR,ELC_PET_HYB,FI,2022,24083
A,NR,ELC_PET_HYB,FI,2023,19097
A,NR,ELC_PET_HYB,FI,2024,22114
A,NR,ELC_PET_HYB,FR,2015,35950
A,NR,ELC_PET_HYB,FR,2016,46301
A,NR,ELC_PET_HYB,FR,2017,70320
A,NR,ELC_PET_HYB,FR,2018,90727
A,NR,ELC_PET_HYB,FR,2019,97951
A,NR,ELC_PET_HYB,FR,2020,149738
A,NR,ELC_PET_HYB,FR,2021,262497
A,NR,ELC_PET_HYB,FR,2022,316690
A,NR,ELC_PET_HYB,FR,2023,420146
A,NR,ELC_PET_HYB,FR,2024,585851
A,NR,ELC_PET_HYB,HR,2020,2180
A,NR,ELC_PET_HYB,HR,2022,6780
A,NR,ELC_PET_HYB,HR,2023,10411
A,NR,ELC_PET_HYB,HR,2024,5248
A,NR,ELC_PET_HYB,HU,2015,829
A,NR,ELC_PET_HYB,HU,2016,1810
A,NR,ELC_PET_HYB,HU,2017,3960
A,NR,ELC_PET_HYB,HU,2018,6163
A,NR,ELC_PET_HYB,HU,2019,9197
A,NR,ELC_PET_HYB,HU,2020,28216
A,NR,ELC_PET_HYB,HU,2021,40823
A,NR,ELC_PET_HYB,HU,2022,36898
A,NR,ELC_PET_HYB,HU,2023,39039
A,NR,ELC_PET_HYB,HU,2024,50963
A,NR,ELC_PET_HYB,IE,2017,4482
A,NR,ELC_PET_HYB,IE,2018,6977
A,NR,ELC_PET_HYB,IE,2019,10789
A,NR,ELC_PET_HYB,IE,2020,10553
A,NR,ELC_PET_HYB,IE,2021,17110
A,NR,ELC_PET_HYB,IE,2022,20331
A,NR,ELC_PET_HYB,IE,2023,19541
A,NR,ELC_PET_HYB,IE,2024,26025
A,NR,ELC_PET_HYB,IT,2021,363948
A,NR,ELC_PET_HYB,IT,2022,400850
A,NR,ELC_PET_HYB,IT,2023,498069
A,NR,ELC_PET_HYB,IT,2024,553291
A,NR,ELC_PET_HYB,LT,2015,94
A,NR,ELC_PET_HYB,LT,2016,235
A,NR,ELC_PET_HYB,LT,2017,501
A,NR,ELC_PET_HYB,LT,2018,2304
A,NR,ELC_PET_HYB,LT,2019,3200
A,NR,ELC_PET_HYB,LT,2020,7998
A,NR,ELC_PET_HYB,LT,2021,9085
A,NR,ELC_PET_HYB,LT,2022,8009
A,NR,ELC_PET_HYB,LT,2023,9767
A,NR,ELC_PET_HYB,LT,2024,11514
A,NR,ELC_PET_HYB,LU,2015,401
A,NR,ELC_PET_HYB,LU,2016,615
A,NR,ELC_PET_HYB,LU,2017,850
A,NR,ELC_PET_HYB,LU,2018,941
A,NR,ELC_PET_HYB,LU,2019,1439
A,NR,ELC_PET_HYB,LU,2020,2594
A,NR,ELC_PET_HYB,LU,2021,4468
A,NR,ELC_PET_HYB,LU,2022,5336
A,NR,ELC_PET_HYB,LU,2023,6859
A,NR,ELC_PET_HYB,LU,2024,8264
A,NR,ELC_PET_HYB,LV,2015,9
A,NR,ELC_PET_HYB,LV,2016,18
A,NR,ELC_PET_HYB,LV,2017,17
A,NR,ELC_PET_HYB,LV,2018,18
A,NR,ELC_PET_HYB,LV,2019,14
A,NR,ELC_PET_HYB,LV,2020,78
A,NR,ELC_PET_HYB,LV,2021,147
A,NR,ELC_PET_HYB,LV,2022,4532
A,NR,ELC_PET_HYB,LV,2023,5509
A,NR,ELC_PET_HYB,LV,2024,6393
A,NR,ELC_PET_HYB,MT,2015,48
A,NR,ELC_PET_HYB,MT,2016,119
A,NR,ELC_PET_HYB,MT,2017,225
A,NR,ELC_PET_HYB,MT,2018,522
A,NR,ELC_PET_HYB,MT,2019,715
A,NR,ELC_PET_HYB,MT,2020,426
A,NR,ELC_PET_HYB,MT,2021,872
A,NR,ELC_PET_HYB,MT,2022,1316
A,NR,ELC_PET_HYB,MT,2023,1731
A,NR,ELC_PET_HYB,MT,2024,1458
A,NR,ELC_PET_HYB,NL,2015,56219
A,NR,ELC_PET_HYB,NL,2016,29916
A,NR,ELC_PET_HYB,NL,2017,20732
A,NR,ELC_PET_HYB,NL,2018,26173
A,NR,ELC_PET_HYB,NL,2019,33741
A,NR,ELC_PET_HYB,NL,2020,62474
A,NR,ELC_PET_HYB,NL,2021,71538
A,NR,ELC_PET_HYB,NL,2022,77648
A,NR,ELC_PET_HYB,NL,2023,89982
A,NR,ELC_PET_HYB,NL,2024,107350
A,NR,ELC_PET_HYB,PL,2015,2138
A,NR,ELC_PET_HYB,PL,2016,3788
A,NR,ELC_PET_HYB,PL,2017,6338
A,NR,ELC_PET_HYB,PL,2018,9113
A,NR,ELC_PET_HYB,PL,2019,15713
A,NR,ELC_PET_HYB,PL,2020,28785
A,NR,ELC_PET_HYB,PL,2021,44788
A,NR,ELC_PET_HYB,PL,2022,53314
A,NR,ELC_PET_HYB,PL,2023,75674
A,NR,ELC_PET_HYB,PL,2024,98947
A,NR,ELC_PET_HYB,PT,2017,4317
A,NR,ELC_PET_HYB,PT,2018,6726
A,NR,ELC_PET_HYB,PT,2019,8546
A,NR,ELC_PET_HYB,PT,2020,9635
A,NR,ELC_PET_HYB,PT,2021,14969
A,NR,ELC_PET_HYB,PT,2022,19822
A,NR,ELC_PET_HYB,PT,2023,25199
A,NR,ELC_PET_HYB,PT,2024,31965
A,NR,ELC_PET_HYB,RO,2015,43
A,NR,ELC_PET_HYB,RO,2016,955
A,NR,ELC_PET_HYB,RO,2017,1890
A,NR,ELC_PET_HYB,RO,2018,3713
A,NR,ELC_PET_HYB,RO,2019,6754
A,NR,ELC_PET_HYB,RO,2020,12181
A,NR,ELC_PET_HYB,RO,2021,24728
A,NR,ELC_PET_HYB,RO,2022,28602
A,NR,ELC_PET_HYB,RO,2023,37436
A,NR,ELC_PET_HYB,RO,2024,47943
A,NR,ELC_PET_HYB,SE,2015,8634
A,NR,ELC_PET_HYB,SE,2016,13621
A,NR,ELC_PET_HYB,SE,2017,18380
A,NR,ELC_PET_HYB,SE,2018,21006
A,NR,ELC_PET_HYB,SE,2019,28089
A,NR,ELC_PET_HYB,SE,2020,36863
A,NR,ELC_PET_HYB,SE,2021,47249
A,NR,ELC_PET_HYB,SE,2022,42514
A,NR,ELC_PET_HYB,SE,2023,26466
A,NR,ELC_PET_HYB,SE,2024,25414
A,NR,ELC_PET_HYB,SI,2020,1719
A,NR,ELC_PET_HYB,SI,2021,5783
A,NR,ELC_PET_HYB,SI,2022,6275
A,NR,ELC_PET_HYB,SI,2023,10018
A,NR,ELC_PET_HYB,SI,2024,12479
A,NR,ELC_PET_HYB,SK,2020,7263
A,NR,ELC_PET_HYB,SK,2021,15148
A,NR,ELC_PET_HYB,SK,2022,14613
A,NR,ELC_PET_HYB,SK,2023,20362
A,NR,ELC_PET_HYB,SK,2024,23761
A,NR,ELC_PET_PI,AT,2015,931
A,NR,ELC_PET_PI,AT,2016,1087
A,NR,ELC_PET_PI,AT,2017,1632
A,NR,ELC_PET_PI,AT,2018,2218
A,NR,ELC_PET_PI,AT,2019,2111
A,NR,ELC_PET_PI,AT,2020,7202
A,NR,ELC_PET_PI,AT,2021,13600
A,NR,ELC_PET_PI,AT,2022,12466
A,NR,ELC_PET_PI,AT,2023,16262
A,NR,ELC_PET_PI,AT,2024,15061
A,NR,ELC_PET_PI,BE,2022,52238
A,NR,ELC_PET_PI,BE,2023,94268
A,NR,ELC_PET_PI,BE,2024,62998
A,NR,ELC_PET_PI,BG,2020,41
A,NR,ELC_PET_PI,BG,2021,97
A,NR,ELC_PET_PI,BG,2022,141
A,NR,ELC_PET_PI,BG,2023,355
A,NR,ELC_PET_PI,BG,2024,467
A,NR,ELC_PET_PI,CY,2021,84
A,NR,ELC_PET_PI,CY,2022,231
A,NR,ELC_PET_PI,CY,2023,504
A,NR,ELC_PET_PI,CY,2024,651
A,NR,ELC_PET_PI,CZ,2020,1981
A,NR,ELC_PET_PI,CZ,2022,3166
A,NR,ELC_PET_PI,CZ,2023,4781
A,NR,ELC_PET_PI,CZ,2024,4394
A,NR,ELC_PET_PI,DE,2017,28244
A,NR,ELC_PET_PI,DE,2018,30839
A,NR,ELC_PET_PI,DE,2019,37814
A,NR,ELC_PET_PI,DE,2020,177963
A,NR,ELC_PET_PI,DE,2021,301856
A,NR,ELC_PET_PI,DE,2022,345083
A,NR,ELC_PET_PI,DE,2023,166614
A,NR,ELC_PET_PI,DE,2024,174653
A,NR,ELC_PET_PI,DK,2015,406
A,NR,ELC_PET_PI,DK,2016,567
A,NR,ELC_PET_PI,DK,2017,620
A,NR,ELC_PET_PI,DK,2018,3125
A,NR,ELC_PET_PI,DK,2019,3767
A,NR,ELC_PET_PI,DK,2020,17747
A,NR,ELC_PET_PI,DK,2021,39317
A,NR,ELC_PET_PI,DK,2022,25594
A,NR,ELC_PET_PI,DK,2023,16945
A,NR,ELC_PET_PI,DK,2024,6958
A,NR,ELC_PET_PI,EE,2021,222
A,NR,ELC_PET_PI,EE,2022,362
A,NR,ELC_PET_PI,EE,2023,535
A,NR,ELC_PET_PI,EE,2024,1243
A,NR,ELC_PET_PI,EL,2022,5322
A,NR,ELC_PET_PI,EL,2023,8475
A,NR,ELC_PET_PI,EL,2024,8039
A,NR,ELC_PET_PI,ES,2015,57
A,NR,ELC_PET_PI,ES,2016,142
A,NR,ELC_PET_PI,ES,2017,509
A,NR,ELC_PET_PI,ES,2018,1909
A,NR,ELC_PET_PI,ES,2019,5511
A,NR,ELC_PET_PI,ES,2020,21350
A,NR,ELC_PET_PI,ES,2021,40927
A,NR,ELC_PET_PI,ES,2022,45948
A,NR,ELC_PET_PI,ES,2023,61038
A,NR,ELC_PET_PI,ES,2024,54931
A,NR,ELC_PET_PI,FI,2015,400
A,NR,ELC_PET_PI,FI,2016,1116
A,NR,ELC_PET_PI,FI,2017,2401
A,NR,ELC_PET_PI,FI,2018,4797
A,NR,ELC_PET_PI,FI,2019,5808
A,NR,ELC_PET_PI,FI,2020,12796
A,NR,ELC_PET_PI,FI,2021,19524
A,NR,ELC_PET_PI,FI,2022,15770
A,NR,ELC_PET_PI,FI,2023,17867
A,NR,ELC_PET_PI,FI,2024,14667
A,NR,ELC_PET_PI,FR,2015,5587
A,NR,ELC_PET_PI,FR,2016,7218
A,NR,ELC_PET_PI,FR,2017,11801
A,NR,ELC_PET_PI,FR,2018,14507
A,NR,ELC_PET_PI,FR,2019,18010
A,NR,ELC_PET_PI,FR,2020,72565
A,NR,ELC_PET_PI,FR,2021,134006
A,NR,ELC_PET_PI,FR,2022,121196
A,NR,ELC_PET_PI,FR,2023,158373
A,NR,ELC_PET_PI,FR,2024,140074
A,NR,ELC_PET_PI,HR,2020,143
A,NR,ELC_PET_PI,HR,2022,689
A,NR,ELC_PET_PI,HR,2023,783
A,NR,ELC_PET_PI,HR,2024,350
A,NR,ELC_PET_PI,HU,2020,2660
A,NR,ELC_PET_PI,HU,2021,3591
A,NR,ELC_PET_PI,HU,2022,4233
A,NR,ELC_PET_PI,HU,2023,4804
A,NR,ELC_PET_PI,HU,2024,4937
A,NR,ELC_PET_PI,IE,2017,327
A,NR,ELC_PET_PI,IE,2018,737
A,NR,ELC_PET_PI,IE,2019,1447
A,NR,ELC_PET_PI,IE,2020,2482
A,NR,ELC_PET_PI,IE,2021,7698
A,NR,ELC_PET_PI,IE,2022,7261
A,NR,ELC_PET_PI,IE,2023,10183
A,NR,ELC_PET_PI,IE,2024,11148
A,NR,ELC_PET_PI,IT,2021,60940
A,NR,ELC_PET_PI,IT,2022,56400
A,NR,ELC_PET_PI,IT,2023,60219
A,NR,ELC_PET_PI,IT,2024,45189
A,NR,ELC_PET_PI,LT,2021,400
A,NR,ELC_PET_PI,LT,2022,740
A,NR,ELC_PET_PI,LT,2023,787
A,NR,ELC_PET_PI,LT,2024,1674
A,NR,ELC_PET_PI,LU,2015,25
A,NR,ELC_PET_PI,LU,2016,108
A,NR,ELC_PET_PI,LU,2017,673
A,NR,ELC_PET_PI,LU,2018,703
A,NR,ELC_PET_PI,LU,2019,844
A,NR,ELC_PET_PI,LU,2020,2365
A,NR,ELC_PET_PI,LU,2021,3825
A,NR,ELC_PET_PI,LU,2022,3444
A,NR,ELC_PET_PI,LU,2023,4638
A,NR,ELC_PET_PI,LU,2024,3636
A,NR,ELC_PET_PI,LV,2022,301
A,NR,ELC_PET_PI,LV,2023,352
A,NR,ELC_PET_PI,LV,2024,765
A,NR,ELC_PET_PI,MT,2019,0
A,NR,ELC_PET_PI,MT,2020,215
A,NR,ELC_PET_PI,MT,2021,668
A,NR,ELC_PET_PI,MT,2022,1206
A,NR,ELC_PET_PI,MT,2023,962
A,NR,ELC_PET_PI,MT,2024,492
A,NR,ELC_PET_PI,NL,2021,30991
A,NR,ELC_PET_PI,NL,2022,34742
A,NR,ELC_PET_PI,NL,2023,47096
A,NR,ELC_PET_PI,NL,2024,52757
A,NR,ELC_PET_PI,PL,2015,141
A,NR,ELC_PET_PI,PL,2016,332
A,NR,ELC_PET_PI,PL,2017,444
A,NR,ELC_PET_PI,PL,2018,530
A,NR,ELC_PET_PI,PL,2019,927
A,NR,ELC_PET_PI,PL,2020,3520
A,NR,ELC_PET_PI,PL,2021,7045
A,NR,ELC_PET_PI,PL,2022,7852
A,NR,ELC_PET_PI,PL,2023,10800
A,NR,ELC_PET_PI,PL,2024,12198
A,NR,ELC_PET_PI,PT,2017,2399
A,NR,ELC_PET_PI,PT,2018,3888
A,NR,ELC_PET_PI,PT,2019,4671
A,NR,ELC_PET_PI,PT,2020,10010
A,NR,ELC_PET_PI,PT,2021,13543
A,NR,ELC_PET_PI,PT,2022,14878
A,NR,ELC_PET_PI,PT,2023,25942
A,NR,ELC_PET_PI,PT,2024,25935
A,NR,ELC_PET_PI,RO,2020,953
A,NR,ELC_PET_PI,RO,2021,2316
A,NR,ELC_PET_PI,RO,2022,3043
A,NR,ELC_PET_PI,RO,2023,2648
A,NR,ELC_PET_PI,RO,2024,6165
A,NR,ELC_PET_PI,SE,2015,5173
A,NR,ELC_PET_PI,SE,2016,8964
A,NR,ELC_PET_PI,SE,2017,14874
A,NR,ELC_PET_PI,SE,2018,20541
A,NR,ELC_PET_PI,SE,2019,23992
A,NR,ELC_PET_PI,SE,2020,62954
A,NR,ELC_PET_PI,SE,2021,73848
A,NR,ELC_PET_PI,SE,2022,63911
A,NR,ELC_PET_PI,SE,2023,59364
A,NR,ELC_PET_PI,SE,2024,59734
A,NR,ELC_PET_PI,SI,2020,39
A,NR,ELC_PET_PI,SI,2021,191
A,NR,ELC_PET_PI,SI,2022,602
A,NR,ELC_PET_PI,SI,2023,1074
A,NR,ELC_PET_PI,SI,2024,1143
A,NR,ELC_PET_PI,SK,2020,863
A,NR,ELC_PET_PI,SK,2021,1166
A,NR,ELC_PET_PI,SK,2022,1456
A,NR,ELC_PET_PI,SK,2023,2997
A,NR,ELC_PET_PI,SK,2024,2100
A,NR,GAS,AT,2015,167
A,NR,GAS,AT,2016,119
A,NR,GAS,AT,2017,114
A,NR,GAS,AT,2018,110
A,NR,GAS,AT,2019,421
A,NR,GAS,AT,2020,386
A,NR,GAS,AT,2021,70
A,NR,GAS,AT,2022,51
A,NR,GAS,AT,2023,6
A,NR,GAS,AT,2024,11
A,NR,GAS,BE,2015,135
A,NR,GAS,BE,2016,790
A,NR,GAS,BE,2017,741
A,NR,GAS,BE,2018,950
A,NR,GAS,BE,2019,3147
A,NR,GAS,BE,2020,2796
A,NR,GAS,BE,2021,913
A,NR,GAS,BE,2022,400
A,NR,GAS,BE,2023,91
A,NR,GAS,BE,2024,11
A,NR,GAS,BG,2015,215
A,NR,GAS,BG,2016,56
A,NR,GAS,BG,2017,215
A,NR,GAS,BG,2018,292
A,NR,GAS,BG,2019,450
A,NR,GAS,BG,2020,161
A,NR,GAS,BG,2021,93
A,NR,GAS,BG,2022,0
A,NR,GAS,BG,2023,0
A,NR,GAS,BG,2024,0
A,NR,GAS,CY,2015,0
A,NR,GAS,CY,2016,0
A,NR,GAS,CY,2017,0
A,NR,GAS,CY,2018,0
A,NR,GAS,CY,2019,0
A,NR,GAS,CY,2020,0
A,NR,GAS,CY,2021,0
A,NR,GAS,CY,2022,0
A,NR,GAS,CY,2023,0
A,NR,GAS,CY,2024,0
A,NR,GAS,CZ,2020,1306
A,NR,GAS,CZ,2021,840
A,NR,GAS,CZ,2022,804
A,NR,GAS,CZ,2023,455
A,NR,GAS,CZ,2024,216
A,NR,GAS,DE,2015,5285
A,NR,GAS,DE,2016,3240
A,NR,GAS,DE,2017,3723
A,NR,GAS,DE,2018,10804
A,NR,GAS,DE,2019,7623
A,NR,GAS,DE,2020,7159
A,NR,GAS,DE,2021,3916
A,NR,GAS,DE,2022,1846
A,NR,GAS,DE,2023,1327
A,NR,GAS,DE,2024,137
A,NR,GAS,DK,2015,36
A,NR,GAS,DK,2016,36
A,NR,GAS,DK,2017,47
A,NR,GAS,DK,2018,7
A,NR,GAS,DK,2019,6
A,NR,GAS,DK,2020,0
A,NR,GAS,DK,2021,0
A,NR,GAS,DK,2022,0
A,NR,GAS,DK,2023,0
A,NR,GAS,DK,2024,0
A,NR,GAS,EE,2015,16
A,NR,GAS,EE,2016,3
A,NR,GAS,EE,2017,9
A,NR,GAS,EE,2018,3
A,NR,GAS,EE,2019,578
A,NR,GAS,EE,2020,664
A,NR,GAS,EE,2021,466
A,NR,GAS,EE,2022,285
A,NR,GAS,EE,2023,66
A,NR,GAS,EE,2024,146
A,NR,GAS,EL,2021,1099
A,NR,GAS,EL,2022,644
A,NR,GAS,EL,2023,397
A,NR,GAS,EL,2024,39
A,NR,GAS,ES,2015,160
A,NR,GAS,ES,2016,70
A,NR,GAS,ES,2017,119
A,NR,GAS,ES,2018,429
A,NR,GAS,ES,2019,5914
A,NR,GAS,ES,2020,3782
A,NR,GAS,ES,2021,1195
A,NR,GAS,ES,2022,403
A,NR,GAS,ES,2023,148
A,NR,GAS,ES,2024,101
A,NR,GAS,FI,2015,18
A,NR,GAS,FI,2016,38
A,NR,GAS,FI,2017,65
A,NR,GAS,FI,2018,182
A,NR,GAS,FI,2019,2135
A,NR,GAS,FI,2020,1841
A,NR,GAS,FI,2021,909
A,NR,GAS,FI,2022,595
A,NR,GAS,FI,2023,453
A,NR,GAS,FI,2024,114
A,NR,GAS,FR,2015,46
A,NR,GAS,FR,2016,10
A,NR,GAS,FR,2017,26
A,NR,GAS,FR,2018,20
A,NR,GAS,FR,2019,230
A,NR,GAS,FR,2020,320
A,NR,GAS,FR,2021,170
A,NR,GAS,FR,2022,109
A,NR,GAS,FR,2023,98
A,NR,GAS,FR,2024,81
A,NR,GAS,HR,2016,2
A,NR,GAS,HR,2017,1
A,NR,GAS,HR,2018,2
A,NR,GAS,HR,2019,3
A,NR,GAS,HR,2020,1
A,NR,GAS,HU,2015,1
A,NR,GAS,HU,2016,4
A,NR,GAS,HU,2017,5
A,NR,GAS,HU,2018,9
A,NR,GAS,HU,2019,3
A,NR,GAS,HU,2020,2
A,NR,GAS,HU,2021,5
A,NR,GAS,HU,2022,4
A,NR,GAS,HU,2023,0
A,NR,GAS,HU,2024,0
A,NR,GAS,IT,2015,62939
A,NR,GAS,IT,2016,43787
A,NR,GAS,IT,2017,32659
A,NR,GAS,IT,2018,37416
A,NR,GAS,IT,2019,38159
A,NR,GAS,IT,2020,32455
A,NR,GAS,IT,2021,31695
A,NR,GAS,IT,2022,10740
A,NR,GAS,IT,2023,1855
A,NR,GAS,IT,2024,1268
A,NR,GAS,LT,2015,0
A,NR,GAS,LT,2017,0
A,NR,GAS,LT,2022,0
A,NR,GAS,LT,2023,0
A,NR,GAS,LT,2024,0
A,NR,GAS,LU,2021,3
A,NR,GAS,LU,2022,2
A,NR,GAS,LU,2023,0
A,NR,GAS,LU,2024,1
A,NR,GAS,LV,2016,4
A,NR,GAS,LV,2017,11
A,NR,GAS,LV,2018,4
A,NR,GAS,LV,2019,15
A,NR,GAS,LV,2020,35
A,NR,GAS,LV,2021,19
A,NR,GAS,LV,2022,24
A,NR,GAS,LV,2023,3
A,NR,GAS,LV,2024,0
A,NR,GAS,MT,2015,0
A,NR,GAS,MT,2016,0
A,NR,GAS,MT,2017,0
A,NR,GAS,MT,2018,0
A,NR,GAS,MT,2019,0
A,NR,GAS,MT,2020,0
A,NR,GAS,MT,2021,0
A,NR,GAS,MT,2022,0
A,NR,GAS,MT,2023,0
A,NR,GAS,MT,2024,0
A,NR,GAS,NL,2015,678
A,NR,GAS,NL,2016,658
A,NR,GAS,NL,2017,1268
A,NR,GAS,NL,2018,990
A,NR,GAS,NL,2019,295
A,NR,GAS,NL,2020,60
A,NR,GAS,NL,2021,39
A,NR,GAS,NL,2022,16
A,NR,GAS,NL,2023,6
A,NR,GAS,NL,2024,0
A,NR,GAS,PL,2020,27
A,NR,GAS,PL,2021,5
A,NR,GAS,PL,2022,0
A,NR,GAS,PL,2023,0
A,NR,GAS,PL,2024,0
A,NR,GAS,PT,2017,7
A,NR,GAS,PT,2018,1
A,NR,GAS,PT,2019,42
A,NR,GAS,PT,2020,30
A,NR,GAS,PT,2021,31
A,NR,GAS,PT,2022,10
A,NR,GAS,PT,2023,2
A,NR,GAS,PT,2024,0
A,NR,GAS,SE,2015,886
A,NR,GAS,SE,2016,499
A,NR,GAS,SE,2017,781
A,NR,GAS,SE,2018,592
A,NR,GAS,SE,2019,4535
A,NR,GAS,SE,2020,3248
A,NR,GAS,SE,2021,1484
A,NR,GAS,SE,2022,1879
A,NR,GAS,SE,2023,2004
A,NR,GAS,SE,2024,1083
A,NR,GAS,SI,2015,40
A,NR,GAS,SI,2016,9
A,NR,GAS,SI,2017,43
A,NR,GAS,SI,2018,13
A,NR,GAS,SI,2019,27
A,NR,GAS,SI,2020,46
A,NR,GAS,SI,2021,16
A,NR,GAS,SI,2022,6
A,NR,GAS,SI,2023,0
A,NR,GAS,SI,2024,0
A,NR,GAS,SK,2015,121
A,NR,GAS,SK,2016,188
A,NR,GAS,SK,2017,119
A,NR,GAS,SK,2018,189
A,NR,GAS,SK,2019,152
A,NR,GAS,SK,2020,404
A,NR,GAS,SK,2021,234
A,NR,GAS,SK,2022,291
A,NR,GAS,SK,2023,122
A,NR,GAS,SK,2024,120
A,NR,HYD_FCELL,AT,2015,9
A,NR,HYD_FCELL,AT,2016,5
A,NR,HYD_FCELL,AT,2017,0
A,NR,HYD_FCELL,AT,2018,7
A,NR,HYD_FCELL,AT,2019,19
A,NR,HYD_FCELL,AT,2020,14
A,NR,HYD_FCELL,AT,2021,14
A,NR,HYD_FCELL,AT,2022,14
A,NR,HYD_FCELL,AT,2023,10
A,NR,HYD_FCELL,AT,2024,1
A,NR,HYD_FCELL,BE,2015,0
A,NR,HYD_FCELL,BE,2016,0
A,NR,HYD_FCELL,BE,2017,0
A,NR,HYD_FCELL,BE,2018,0
A,NR,HYD_FCELL,BE,2019,4
A,NR,HYD_FCELL,BE,2020,2
A,NR,HYD_FCELL,BE,2021,1
A,NR,HYD_FCELL,BE,2022,2
A,NR,HYD_FCELL,BE,2023,1
A,NR,HYD_FCELL,BE,2024,4
A,NR,HYD_FCELL,BG,2015,0
A,NR,HYD_FCELL,BG,2016,0
A,NR,HYD_FCELL,BG,2017,0
A,NR,HYD_FCELL,BG,2018,0
A,NR,HYD_FCELL,BG,2019,0
A,NR,HYD_FCELL,BG,2020,0
A,NR,HYD_FCELL,BG,2021,0
A,NR,HYD_FCELL,BG,2022,0
A,NR,HYD_FCELL,BG,2023,1
A,NR,HYD_FCELL,BG,2024,0
A,NR,HYD_FCELL,CY,2015,0
A,NR,HYD_FCELL,CY,2016,0
A,NR,HYD_FCELL,CY,2017,0
A,NR,HYD_FCELL,CY,2018,0
A,NR,HYD_FCELL,CY,2019,0
A,NR,HYD_FCELL,CY,2020,0
A,NR,HYD_FCELL,CY,2021,0
A,NR,HYD_FCELL,CY,2022,0
A,NR,HYD_FCELL,CY,2023,0
A,NR,HYD_FCELL,CY,2024,0
A,NR,HYD_FCELL,CZ,2015,0
A,NR,HYD_FCELL,CZ,2016,0
A,NR,HYD_FCELL,CZ,2017,0
A,NR,HYD_FCELL,CZ,2018,0
A,NR,HYD_FCELL,CZ,2019,0
A,NR,HYD_FCELL,CZ,2020,2
A,NR,HYD_FCELL,CZ,2021,9
A,NR,HYD_FCELL,CZ,2022,3
A,NR,HYD_FCELL,CZ,2023,16
A,NR,HYD_FCELL,CZ,2024,0
A,NR,HYD_FCELL,DE,2015,72
A,NR,HYD_FCELL,DE,2016,49
A,NR,HYD_FCELL,DE,2017,122
A,NR,HYD_FCELL,DE,2018,154
A,NR,HYD_FCELL,DE,2019,210
A,NR,HYD_FCELL,DE,2020,311
A,NR,HYD_FCELL,DE,2021,466
A,NR,HYD_FCELL,DE,2022,836
A,NR,HYD_FCELL,DE,2023,267
A,NR,HYD_FCELL,DE,2024,179
A,NR,HYD_FCELL,DK,2015,14
A,NR,HYD_FCELL,DK,2016,14
A,NR,HYD_FCELL,DK,2017,15
A,NR,HYD_FCELL,DK,2018,6
A,NR,HYD_FCELL,DK,2019,8
A,NR,HYD_FCELL,DK,2020,45
A,NR,HYD_FCELL,DK,2021,75
A,NR,HYD_FCELL,DK,2022,6
A,NR,HYD_FCELL,DK,2023,1
A,NR,HYD_FCELL,DK,2024,0
A,NR,HYD_FCELL,EE,2015,0
A,NR,HYD_FCELL,EE,2016,0
A,NR,HYD_FCELL,EE,2017,0
A,NR,HYD_FCELL,EE,2018,0
A,NR,HYD_FCELL,EE,2019,0
A,NR,HYD_FCELL,EE,2020,0
A,NR,HYD_FCELL,EE,2021,1
A,NR,HYD_FCELL,EE,2022,1
A,NR,HYD_FCELL,EE,2023,1
A,NR,HYD_FCELL,EE,2024,0
A,NR,HYD_FCELL,EL,2015,0
A,NR,HYD_FCELL,EL,2016,0
A,NR,HYD_FCELL,EL,2017,0
A,NR,HYD_FCELL,EL,2018,0
A,NR,HYD_FCELL,EL,2019,0
A,NR,HYD_FCELL,EL,2020,0
A,NR,HYD_FCELL,EL,2021,0
A,NR,HYD_FCELL,EL,2022,0
A,NR,HYD_FCELL,EL,2023,0
A,NR,HYD_FCELL,EL,2024,0
A,NR,HYD_FCELL,ES,2015,0
A,NR,HYD_FCELL,ES,2016,0
A,NR,HYD_FCELL,ES,2017,0
A,NR,HYD_FCELL,ES,2018,1
A,NR,HYD_FCELL,ES,2019,1
A,NR,HYD_FCELL,ES,2020,7
A,NR,HYD_FCELL,ES,2021,9
A,NR,HYD_FCELL,ES,2022,4
A,NR,HYD_FCELL,ES,2023,8
A,NR,HYD_FCELL,ES,2024,7
A,NR,HYD_FCELL,FI,2015,0
A,NR,HYD_FCELL,FI,2016,0
A,NR,HYD_FCELL,FI,2017,0
A,NR,HYD_FCELL,FI,2018,0
A,NR,HYD_FCELL,FI,2019,0
A,NR,HYD_FCELL,FI,2020,0
A,NR,HYD_FCELL,FI,2021,1
A,NR,HYD_FCELL,FI,2022,0
A,NR,HYD_FCELL,FI,2023,0
A,NR,HYD_FCELL,FI,2024,0
A,NR,HYD_FCELL,FR,2015,10
A,NR,HYD_FCELL,FR,2016,9
A,NR,HYD_FCELL,FR,2017,57
A,NR,HYD_FCELL,FR,2018,36
A,NR,HYD_FCELL,FR,2019,63
A,NR,HYD_FCELL,FR,2020,211
A,NR,HYD_FCELL,FR,2021,61
A,NR,HYD_FCELL,FR,2022,193
A,NR,HYD_FCELL,FR,2023,306
A,NR,HYD_FCELL,FR,2024,531
A,NR,HYD_FCELL,HR,2015,0
A,NR,HYD_FCELL,HR,2016,0
A,NR,HYD_FCELL,HR,2017,0
A,NR,HYD_FCELL,HR,2018,0
A,NR,HYD_FCELL,HR,2019,0
A,NR,HYD_FCELL,HR,2020,0
A,NR,HYD_FCELL,HR,2021,0
A,NR,HYD_FCELL,HR,2022,0
A,NR,HYD_FCELL,HR,2023,0
A,NR,HYD_FCELL,HR,2024,0
A,NR,HYD_FCELL,HU,2015,0
A,NR,HYD_FCELL,HU,2016,0
A,NR,HYD_FCELL,HU,2017,0
A,NR,HYD_FCELL,HU,2018,0
A,NR,HYD_FCELL,HU,2019,0
A,NR,HYD_FCELL,HU,2020,0
A,NR,HYD_FCELL,HU,2021,1
A,NR,HYD_FCELL,HU,2022,1
A,NR,HYD_FCELL,HU,2023,0
A,NR,HYD_FCELL,HU,2024,1
A,NR,HYD_FCELL,IE,2015,0
A,NR,HYD_FCELL,IE,2016,1
A,NR,HYD_FCELL,IE,2017,0
A,NR,HYD_FCELL,IE,2018,0
A,NR,HYD_FCELL,IE,2019,0
A,NR,HYD_FCELL,IE,2020,0
A,NR,HYD_FCELL,IE,2021,0
A,NR,HYD_FCELL,IE,2022,0
A,NR,HYD_FCELL,IE,2023,0
A,NR,HYD_FCELL,IE,2024,0
A,NR,HYD_FCELL,IT,2015,1
A,NR,HYD_FCELL,IT,2016,0
A,NR,HYD_FCELL,IT,2017,0
A,NR,HYD_FCELL,IT,2018,1
A,NR,HYD_FCELL,IT,2019,17
A,NR,HYD_FCELL,IT,2020,7
A,NR,HYD_FCELL,IT,2021,10
A,NR,HYD_FCELL,IT,2022,11
A,NR,HYD_FCELL,IT,2023,2
A,NR,HYD_FCELL,IT,2024,1
A,NR,HYD_FCELL,LT,2015,0
A,NR,HYD_FCELL,LT,2016,0
A,NR,HYD_FCELL,LT,2017,0
A,NR,HYD_FCELL,LT,2018,0
A,NR,HYD_FCELL,LT,2019,0
A,NR,HYD_FCELL,LT,2020,0
A,NR,HYD_FCELL,LT,2021,0
A,NR,HYD_FCELL,LT,2022,0
A,NR,HYD_FCELL,LT,2023,0
A,NR,HYD_FCELL,LT,2024,0
A,NR,HYD_FCELL,LU,2015,0
A,NR,HYD_FCELL,LU,2016,0
A,NR,HYD_FCELL,LU,2017,0
A,NR,HYD_FCELL,LU,2018,0
A,NR,HYD_FCELL,LU,2019,0
A,NR,HYD_FCELL,LU,2020,0
A,NR,HYD_FCELL,LU,2021,1
A,NR,HYD_FCELL,LU,2022,2
A,NR,HYD_FCELL,LU,2023,0
A,NR,HYD_FCELL,LU,2024,10
A,NR,HYD_FCELL,LV,2015,0
A,NR,HYD_FCELL,LV,2016,0
A,NR,HYD_FCELL,LV,2017,0
A,NR,HYD_FCELL,LV,2018,0
A,NR,HYD_FCELL,LV,2019,0
A,NR,HYD_FCELL,LV,2020,0
A,NR,HYD_FCELL,LV,2021,0
A,NR,HYD_FCELL,LV,2022,0
A,NR,HYD_FCELL,LV,2023,0
A,NR,HYD_FCELL,LV,2024,0
A,NR,HYD_FCELL,MT,2015,0
A,NR,HYD_FCELL,MT,2016,0
A,NR,HYD_FCELL,MT,2017,0
A,NR,HYD_FCELL,MT,2018,0
A,NR,HYD_FCELL,MT,2019,0
A,NR,HYD_FCELL,MT,2020,0
A,NR,HYD_FCELL,MT,2021,0
A,NR,HYD_FCELL,MT,2022,0
A,NR,HYD_FCELL,MT,2023,0
A,NR,HYD_FCELL,MT,2024,0
A,NR,HYD_FCELL,NL,2015,19
A,NR,HYD_FCELL,NL,2016,7
A,NR,HYD_FCELL,NL,2017,6
A,NR,HYD_FCELL,NL,2018,13
A,NR,HYD_FCELL,NL,2019,156
A,NR,HYD_FCELL,NL,2020,147
A,NR,HYD_FCELL,NL,2021,122
A,NR,HYD_FCELL,NL,2022,89
A,NR,HYD_FCELL,NL,2023,39
A,NR,HYD_FCELL,NL,2024,0
A,NR,HYD_FCELL,PL,2015,0
A,NR,HYD_FCELL,PL,2016,0
A,NR,HYD_FCELL,PL,2017,0
A,NR,HYD_FCELL,PL,2018,0
A,NR,HYD_FCELL,PL,2019,0
A,NR,HYD_FCELL,PL,2020,0
A,NR,HYD_FCELL,PL,2021,74
A,NR,HYD_FCELL,PL,2022,41
A,NR,HYD_FCELL,PL,2023,83
A,NR,HYD_FCELL,PL,2024,12
A,NR,HYD_FCELL,PT,2015,0
A,NR,HYD_FCELL,PT,2016,0
A,NR,HYD_FCELL,PT,2017,0
A,NR,HYD_FCELL,PT,2018,0
A,NR,HYD_FCELL,PT,2019,0
A,NR,HYD_FCELL,PT,2020,0
A,NR,HYD_FCELL,PT,2021,3
A,NR,HYD_FCELL,PT,2022,0
A,NR,HYD_FCELL,PT,2023,0
A,NR,HYD_FCELL,PT,2024,0
A,NR,HYD_FCELL,RO,2015,0
A,NR,HYD_FCELL,RO,2016,0
A,NR,HYD_FCELL,RO,2017,0
A,NR,HYD_FCELL,RO,2018,0
A,NR,HYD_FCELL,RO,2019,0
A,NR,HYD_FCELL,RO,2020,0
A,NR,HYD_FCELL,RO,2021,0
A,NR,HYD_FCELL,RO,2022,0
A,NR,HYD_FCELL,RO,2023,0
A,NR,HYD_FCELL,RO,2024,0
A,NR,HYD_FCELL,SE,2015,1
A,NR,HYD_FCELL,SE,2016,19
A,NR,HYD_FCELL,SE,2017,14
A,NR,HYD_FCELL,SE,2018,5
A,NR,HYD_FCELL,SE,2019,2
A,NR,HYD_FCELL,SE,2020,5
A,NR,HYD_FCELL,SE,2021,16
A,NR,HYD_FCELL,SE,2022,2
A,NR,HYD_FCELL,SE,2023,2
A,NR,HYD_FCELL,SE,2024,7
A,NR,HYD_FCELL,SI,2015,0
A,NR,HYD_FCELL,SI,2016,0
A,NR,HYD_FCELL,SI,2017,0
A,NR,HYD_FCELL,SI,2018,0
A,NR,HYD_FCELL,SI,2019,0
A,NR,HYD_FCELL,SI,2020,0
A,NR,HYD_FCELL,SI,2021,0
A,NR,HYD_FCELL,SI,2022,0
A,NR,HYD_FCELL,SI,2023,0
A,NR,HYD_FCELL,SI,2024,0
A,NR,HYD_FCELL,SK,2015,0
A,NR,HYD_FCELL,SK,2016,0
A,NR,HYD_FCELL,SK,2017,0
A,NR,HYD_FCELL,SK,2018,0
A,NR,HYD_FCELL,SK,2019,0
A,NR,HYD_FCELL,SK,2020,0
A,NR,HYD_FCELL,SK,2021,2
A,NR,HYD_FCELL,SK,2022,1
A,NR,HYD_FCELL,SK,2023,1
A,NR,HYD_FCELL,SK,2024,0
A,NR,LPG,AT,2015,0
A,NR,LPG,AT,2016,0
A,NR,LPG,AT,2018,0
A,NR,LPG,AT,2019,0
A,NR,LPG,AT,2020,0
A,NR,LPG,AT,2021,0
A,NR,LPG,AT,2022,0
A,NR,LPG,AT,2023,0
A,NR,LPG,AT,2024,0
A,NR,LPG,BE,2015,5
A,NR,LPG,BE,2016,4
A,NR,LPG,BE,2017,2
A,NR,LPG,BE,2018,1
A,NR,LPG,BE,2019,0
A,NR,LPG,BE,2020,0
A,NR,LPG,BE,2021,1
A,NR,LPG,BE,2022,0
A,NR,LPG,BE,2023,0
A,NR,LPG,BE,2024,0
A,NR,LPG,BG,2015,116
A,NR,LPG,BG,2016,502
A,NR,LPG,BG,2017,465
A,NR,LPG,BG,2019,1769
A,NR,LPG,BG,2020,3
A,NR,LPG,BG,2021,2
A,NR,LPG,BG,2022,4
A,NR,LPG,BG,2023,28
A,NR,LPG,BG,2024,121
A,NR,LPG,CY,2015,0
A,NR,LPG,CY,2016,0
A,NR,LPG,CY,2017,0
A,NR,LPG,CY,2018,0
A,NR,LPG,CY,2019,0
A,NR,LPG,CY,2020,0
A,NR,LPG,CY,2021,0
A,NR,LPG,CY,2022,0
A,NR,LPG,CY,2023,0
A,NR,LPG,CY,2024,0
A,NR,LPG,CZ,2020,1278
A,NR,LPG,CZ,2021,0
A,NR,LPG,CZ,2022,3991
A,NR,LPG,CZ,2023,3622
A,NR,LPG,CZ,2024,4451
A,NR,LPG,DE,2015,4716
A,NR,LPG,DE,2016,2990
A,NR,LPG,DE,2017,4400
A,NR,LPG,DE,2018,4663
A,NR,LPG,DE,2019,7256
A,NR,LPG,DE,2020,6543
A,NR,LPG,DE,2021,10118
A,NR,LPG,DE,2022,15006
A,NR,LPG,DE,2023,13147
A,NR,LPG,DE,2024,13711
A,NR,LPG,DK,2015,0
A,NR,LPG,DK,2016,0
A,NR,LPG,DK,2017,0
A,NR,LPG,DK,2018,0
A,NR,LPG,DK,2019,0
A,NR,LPG,DK,2020,0
A,NR,LPG,DK,2021,0
A,NR,LPG,DK,2022,0
A,NR,LPG,DK,2023,0
A,NR,LPG,DK,2024,0
A,NR,LPG,EE,2015,0
A,NR,LPG,EE,2016,0
A,NR,LPG,EE,2017,0
A,NR,LPG,EE,2018,0
A,NR,LPG,EE,2019,0
A,NR,LPG,EE,2020,0
A,NR,LPG,EE,2021,0
A,NR,LPG,EE,2022,0
A,NR,LPG,EE,2023,0
A,NR,LPG,EE,2024,0
A,NR,LPG,EL,2023,0
A,NR,LPG,EL,2024,0
A,NR,LPG,ES,2015,2317
A,NR,LPG,ES,2016,133
A,NR,LPG,ES,2017,136
A,NR,LPG,ES,2018,269
A,NR,LPG,ES,2019,717
A,NR,LPG,ES,2020,232
A,NR,LPG,ES,2021,139
A,NR,LPG,ES,2022,271
A,NR,LPG,ES,2023,452
A,NR,LPG,ES,2024,616
A,NR,LPG,FI,2015,0
A,NR,LPG,FI,2016,0
A,NR,LPG,FI,2017,0
A,NR,LPG,FI,2018,0
A,NR,LPG,FI,2019,0
A,NR,LPG,FI,2020,0
A,NR,LPG,FI,2021,0
A,NR,LPG,FI,2022,0
A,NR,LPG,FI,2023,0
A,NR,LPG,FI,2024,0
A,NR,LPG,FR,2015,0
A,NR,LPG,FR,2016,47
A,NR,LPG,FR,2017,0
A,NR,LPG,FR,2018,1
A,NR,LPG,FR,2019,1
A,NR,LPG,FR,2020,0
A,NR,LPG,FR,2021,0
A,NR,LPG,FR,2022,0
A,NR,LPG,FR,2023,0
A,NR,LPG,HR,2016,2
A,NR,LPG,HR,2020,1
A,NR,LPG,HR,2021,1
A,NR,LPG,HR,2022,1
A,NR,LPG,HR,2023,1
A,NR,LPG,HR,2024,0
A,NR,LPG,HU,2015,0
A,NR,LPG,HU,2016,0
A,NR,LPG,HU,2017,0
A,NR,LPG,HU,2018,0
A,NR,LPG,HU,2019,0
A,NR,LPG,HU,2020,0
A,NR,LPG,HU,2021,0
A,NR,LPG,HU,2022,0
A,NR,LPG,HU,2023,0
A,NR,LPG,HU,2024,0
A,NR,LPG,IE,2022,140
A,NR,LPG,IT,2015,120728
A,NR,LPG,IT,2016,101619
A,NR,LPG,IT,2017,128765
A,NR,LPG,IT,2018,126778
A,NR,LPG,IT,2019,137096
A,NR,LPG,IT,2020,94989
A,NR,LPG,IT,2021,108090
A,NR,LPG,IT,2022,118415
A,NR,LPG,IT,2023,141624
A,NR,LPG,IT,2024,146654
A,NR,LPG,LT,2015,0
A,NR,LPG,LT,2016,0
A,NR,LPG,LT,2017,0
A,NR,LPG,LT,2018,1
A,NR,LPG,LT,2019,1
A,NR,LPG,LT,2020,1
A,NR,LPG,LT,2021,0
A,NR,LPG,LT,2022,1
A,NR,LPG,LT,2023,1
A,NR,LPG,LT,2024,1
A,NR,LPG,LU,2021,0
A,NR,LPG,LU,2022,0
A,NR,LPG,LU,2023,0
A,NR,LPG,LU,2024,1
A,NR,LPG,LV,2016,77
A,NR,LPG,LV,2017,78
A,NR,LPG,LV,2018,56
A,NR,LPG,LV,2019,120
A,NR,LPG,LV,2020,106
A,NR,LPG,LV,2021,264
A,NR,LPG,LV,2022,320
A,NR,LPG,LV,2023,388
A,NR,LPG,LV,2024,378
A,NR,LPG,MT,2015,0
A,NR,LPG,MT,2016,0
A,NR,LPG,MT,2017,0
A,NR,LPG,MT,2018,0
A,NR,LPG,MT,2019,0
A,NR,LPG,MT,2020,0
A,NR,LPG,MT,2021,0
A,NR,LPG,MT,2022,0
A,NR,LPG,MT,2023,0
A,NR,LPG,MT,2024,0
A,NR,LPG,NL,2015,362
A,NR,LPG,NL,2016,860
A,NR,LPG,NL,2017,1200
A,NR,LPG,NL,2018,969
A,NR,LPG,NL,2019,520
A,NR,LPG,NL,2020,1921
A,NR,LPG,NL,2021,2229
A,NR,LPG,NL,2022,2285
A,NR,LPG,NL,2023,2362
A,NR,LPG,NL,2024,2189
A,NR,LPG,PL,2015,5500
A,NR,LPG,PL,2016,6500
A,NR,LPG,PL,2017,10100
A,NR,LPG,PL,2018,7500
A,NR,LPG,PL,2019,8100
A,NR,LPG,PL,2020,9100
A,NR,LPG,PL,2021,13500
A,NR,LPG,PL,2022,12200
A,NR,LPG,PL,2023,12513
A,NR,LPG,PL,2024,16550
A,NR,LPG,PT,2017,1795
A,NR,LPG,PT,2018,1894
A,NR,LPG,PT,2019,2239
A,NR,LPG,PT,2020,1878
A,NR,LPG,PT,2021,3614
A,NR,LPG,PT,2022,5521
A,NR,LPG,PT,2023,11321
A,NR,LPG,PT,2024,15121
A,NR,LPG,SE,2015,0
A,NR,LPG,SE,2016,0
A,NR,LPG,SE,2017,0
A,NR,LPG,SE,2018,0
A,NR,LPG,SE,2019,0
A,NR,LPG,SE,2020,0
A,NR,LPG,SE,2021,0
A,NR,LPG,SE,2022,0
A,NR,LPG,SE,2023,0
A,NR,LPG,SE,2024,0
A,NR,LPG,SI,2015,199
A,NR,LPG,SI,2016,290
A,NR,LPG,SI,2017,335
A,NR,LPG,SI,2018,148
A,NR,LPG,SI,2019,90
A,NR,LPG,SI,2020,137
A,NR,LPG,SI,2021,557
A,NR,LPG,SI,2022,689
A,NR,LPG,SI,2023,504
A,NR,LPG,SI,2024,833
A,NR,LPG,SK,2015,0
A,NR,LPG,SK,2016,293
A,NR,LPG,SK,2017,646
A,NR,LPG,SK,2018,561
A,NR,LPG,SK,2019,239
A,NR,LPG,SK,2020,540
A,NR,LPG,SK,2021,651
A,NR,LPG,SK,2022,1407
A,NR,LPG,SK,2023,1568
A,NR,LPG,SK,2024,1810
A,NR,OTH,AT,2015,0
A,NR,OTH,AT,2016,0
A,NR,OTH,AT,2017,0
A,NR,OTH,AT,2018,0
A,NR,OTH,AT,2019,0
A,NR,OTH,AT,2020,0
A,NR,OTH,AT,2021,0
A,NR,OTH,AT,2022,0
A,NR,OTH,AT,2023,0
A,NR,OTH,AT,2024,0
A,NR,OTH,BE,2015,0
A,NR,OTH,BE,2016,0
A,NR,OTH,BE,2017,0
A,NR,OTH,BE,2018,0
A,NR,OTH,BE,2019,4
A,NR,OTH,BE,2020,3
A,NR,OTH,BE,2021,0
A,NR,OTH,BE,2022,0
A,NR,OTH,BE,2023,1
A,NR,OTH,BE,2024,0
A,NR,OTH,BG,2022,17
A,NR,OTH,BG,2024,0
A,NR,OTH,CY,2015,0
A,NR,OTH,CY,2016,0
A,NR,OTH,CY,2017,0
A,NR,OTH,CY,2018,0
A,NR,OTH,CY,2019,0
A,NR,OTH,CY,2020,0
A,NR,OTH,CY,2021,2
A,NR,OTH,CY,2022,2
A,NR,OTH,CY,2023,0
A,NR,OTH,CY,2024,0
A,NR,OTH,CZ,2021,0
A,NR,OTH,DE,2015,33838
A,NR,OTH,DE,2016,48063
A,NR,OTH,DE,2017,25
A,NR,OTH,DE,2018,28
A,NR,OTH,DE,2019,117
A,NR,OTH,DE,2020,95
A,NR,OTH,DE,2021,68
A,NR,OTH,DE,2022,74
A,NR,OTH,DE,2023,110
A,NR,OTH,DE,2024,97
A,NR,OTH,DK,2019,0
A,NR,OTH,DK,2020,0
A,NR,OTH,DK,2021,0
A,NR,OTH,DK,2022,0
A,NR,OTH,DK,2023,0
A,NR,OTH,DK,2024,0
A,NR,OTH,EL,2023,0
A,NR,OTH,EL,2024,0
A,NR,OTH,ES,2015,19
A,NR,OTH,ES,2016,771
A,NR,OTH,ES,2017,1635
A,NR,OTH,ES,2018,2631
A,NR,OTH,ES,2019,1570
A,NR,OTH,ES,2020,250
A,NR,OTH,ES,2021,121
A,NR,OTH,ES,2022,13
A,NR,OTH,ES,2023,7
A,NR,OTH,ES,2024,5
A,NR,OTH,FI,2015,0
A,NR,OTH,FI,2016,0
A,NR,OTH,FI,2017,0
A,NR,OTH,FI,2018,0
A,NR,OTH,FI,2019,0
A,NR,OTH,FI,2021,0
A,NR,OTH,FI,2022,0
A,NR,OTH,FI,2023,0
A,NR,OTH,FI,2024,0
A,NR,OTH,FR,2015,46
A,NR,OTH,FR,2016,83
A,NR,OTH,FR,2017,113
A,NR,OTH,FR,2018,11
A,NR,OTH,FR,2019,3
A,NR,OTH,FR,2020,2
A,NR,OTH,FR,2021,1
A,NR,OTH,FR,2022,1
A,NR,OTH,FR,2023,4
A,NR,OTH,FR,2024,2
A,NR,OTH,HR,2015,466
A,NR,OTH,HR,2016,501
A,NR,OTH,HR,2017,664
A,NR,OTH,HR,2018,1085
A,NR,OTH,HR,2019,1922
A,NR,OTH,HR,2020,607
A,NR,OTH,HR,2023,0
A,NR,OTH,HR,2024,0
A,NR,OTH,HU,2015,10
A,NR,OTH,HU,2016,11
A,NR,OTH,HU,2017,9
A,NR,OTH,HU,2018,0
A,NR,OTH,HU,2019,1
A,NR,OTH,HU,2020,1
A,NR,OTH,HU,2021,0
A,NR,OTH,HU,2022,2
A,NR,OTH,HU,2023,40
A,NR,OTH,HU,2024,110
A,NR,OTH,IE,2015,1718
A,NR,OTH,IE,2016,2943
A,NR,OTH,IE,2018,0
A,NR,OTH,IE,2019,1
A,NR,OTH,IE,2021,316
A,NR,OTH,IE,2022,585
A,NR,OTH,IE,2023,0
A,NR,OTH,IE,2024,1
A,NR,OTH,IT,2015,89
A,NR,OTH,IT,2017,1896
A,NR,OTH,IT,2023,52
A,NR,OTH,IT,2024,4
A,NR,OTH,LT,2015,39
A,NR,OTH,LT,2016,19
A,NR,OTH,LT,2017,13
A,NR,OTH,LT,2018,102
A,NR,OTH,LT,2019,254
A,NR,OTH,LT,2020,433
A,NR,OTH,LT,2021,334
A,NR,OTH,LT,2022,369
A,NR,OTH,LT,2023,4
A,NR,OTH,LT,2024,575
A,NR,OTH,LU,2019,5
A,NR,OTH,LU,2020,17
A,NR,OTH,LU,2021,0
A,NR,OTH,LU,2022,0
A,NR,OTH,LU,2023,1
A,NR,OTH,LU,2024,37
A,NR,OTH,LV,2015,140
A,NR,OTH,LV,2016,0
A,NR,OTH,LV,2017,0
A,NR,OTH,LV,2018,0
A,NR,OTH,LV,2019,0
A,NR,OTH,LV,2020,0
A,NR,OTH,LV,2021,0
A,NR,OTH,LV,2022,0
A,NR,OTH,LV,2023,0
A,NR,OTH,LV,2024,0
A,NR,OTH,MT,2015,4
A,NR,OTH,MT,2016,0
A,NR,OTH,MT,2017,0
A,NR,OTH,MT,2018,0
A,NR,OTH,MT,2019,0
A,NR,OTH,MT,2020,0
A,NR,OTH,MT,2021,0
A,NR,OTH,MT,2022,0
A,NR,OTH,MT,2023,0
A,NR,OTH,MT,2024,0
A,NR,OTH,NL,2015,4
A,NR,OTH,NL,2016,1
A,NR,OTH,NL,2017,0
A,NR,OTH,NL,2018,2
A,NR,OTH,NL,2019,0
A,NR,OTH,NL,2020,0
A,NR,OTH,NL,2021,0
A,NR,OTH,NL,2022,1
A,NR,OTH,NL,2023,0
A,NR,OTH,NL,2024,0
A,NR,OTH,PL,2018,0
A,NR,OTH,PL,2019,324
A,NR,OTH,PL,2020,146
A,NR,OTH,PL,2021,0
A,NR,OTH,PL,2022,0
A,NR,OTH,PL,2023,0
A,NR,OTH,PL,2024,0
A,NR,OTH,PT,2017,0
A,NR,OTH,PT,2018,0
A,NR,OTH,PT,2019,0
A,NR,OTH,PT,2020,0
A,NR,OTH,PT,2021,0
A,NR,OTH,PT,2022,0
A,NR,OTH,PT,2023,0
A,NR,OTH,PT,2024,6
A,NR,OTH,RO,2017,1
A,NR,OTH,RO,2024,9
A,NR,OTH,SE,2015,1396
A,NR,OTH,SE,2016,888
A,NR,OTH,SE,2017,1133
A,NR,OTH,SE,2018,1043
A,NR,OTH,SE,2019,1187
A,NR,OTH,SE,2020,28
A,NR,OTH,SE,2021,1265
A,NR,OTH,SE,2022,2679
A,NR,OTH,SE,2023,0
A,NR,OTH,SE,2024,0
A,NR,OTH,SI,2015,237
A,NR,OTH,SI,2016,431
A,NR,OTH,SI,2017,1163
A,NR,OTH,SI,2018,1719
A,NR,OTH,SI,2019,2462
A,NR,OTH,SI,2020,1259
A,NR,OTH,SI,2021,2151
A,NR,OTH,SI,2022,2086
A,NR,OTH,SI,2023,0
A,NR,OTH,SI,2024,0
A,NR,OTH,SK,2020,2
A,NR,OTH,SK,2021,301
A,NR,OTH,SK,2023,121
A,NR,OTH,SK,2024,0
A,NR,PET,AT,2015,125656
A,NR,PET,AT,2016,136148
A,NR,PET,AT,2017,171862
A,NR,PET,AT,2018,192503
A,NR,PET,AT,2019,189054
A,NR,PET,AT,2020,133151
A,NR,PET,AT,2021,134529
A,NR,PET,AT,2022,119271
A,NR,PET,AT,2023,130321
A,NR,PET,AT,2024,150676
A,NR,PET,BE,2015,198299
A,NR,PET,BE,2016,256076
A,NR,PET,BE,2017,288484
A,NR,PET,BE,2018,347284
A,NR,PET,BE,2019,365729
A,NR,PET,BE,2020,268148
A,NR,PET,BE,2021,262988
A,NR,PET,BE,2022,263382
A,NR,PET,BE,2023,336741
A,NR,PET,BE,2024,294584
A,NR,PET,BG,2020,17491
A,NR,PET,BG,2021,21519
A,NR,PET,BG,2022,22196
A,NR,PET,BG,2023,29661
A,NR,PET,BG,2024,34027
A,NR,PET,CY,2015,5917
A,NR,PET,CY,2016,7134
A,NR,PET,CY,2017,7650
A,NR,PET,CY,2018,7857
A,NR,PET,CY,2019,8011
A,NR,PET,CY,2020,7130
A,NR,PET,CY,2021,9071
A,NR,PET,CY,2022,10633
A,NR,PET,CY,2023,12940
A,NR,PET,CY,2024,13032
A,NR,PET,CZ,2020,137334
A,NR,PET,CZ,2021,141738
A,NR,PET,CZ,2022,122954
A,NR,PET,CZ,2023,147244
A,NR,PET,CZ,2024,146875
A,NR,PET,DE,2015,1611389
A,NR,PET,DE,2016,1746291
A,NR,PET,DE,2017,2068741
A,NR,PET,DE,2018,2255042
A,NR,PET,DE,2019,2298504
A,NR,PET,DE,2020,1760071
A,NR,PET,DE,2021,1560342
A,NR,PET,DE,2022,1520618
A,NR,PET,DE,2023,1601700
A,NR,PET,DE,2024,1738089
A,NR,PET,DK,2015,138104
A,NR,PET,DK,2016,140938
A,NR,PET,DK,2017,143227
A,NR,PET,DK,2018,144443
A,NR,PET,DK,2019,159630
A,NR,PET,DK,2020,138421
A,NR,PET,DK,2021,134993
A,NR,PET,DK,2022,101039
A,NR,PET,DK,2023,95539
A,NR,PET,DK,2024,72095
A,NR,PET,EE,2015,14069
A,NR,PET,EE,2016,16592
A,NR,PET,EE,2017,19177
A,NR,PET,EE,2018,19686
A,NR,PET,EE,2019,20510
A,NR,PET,EE,2020,13164
A,NR,PET,EE,2021,16415
A,NR,PET,EE,2022,15324
A,NR,PET,EE,2023,17357
A,NR,PET,EE,2024,18397
A,NR,PET,EL,2021,75989
A,NR,PET,EL,2022,80081
A,NR,PET,EL,2023,104526
A,NR,PET,EL,2024,113230
A,NR,PET,ES,2015,383904
A,NR,PET,ES,2016,496893
A,NR,PET,ES,2017,636041
A,NR,PET,ES,2018,831810
A,NR,PET,ES,2019,874489
A,NR,PET,ES,2020,561541
A,NR,PET,ES,2021,613097
A,NR,PET,ES,2022,598239
A,NR,PET,ES,2023,714633
A,NR,PET,ES,2024,788727
A,NR,PET,FI,2015,69469
A,NR,PET,FI,2016,79042
A,NR,PET,FI,2017,81435
A,NR,PET,FI,2018,89497
A,NR,PET,FI,2019,88141
A,NR,PET,FI,2020,75765
A,NR,PET,FI,2021,76158
A,NR,PET,FI,2022,59099
A,NR,PET,FI,2023,52225
A,NR,PET,FI,2024,48039
A,NR,PET,FR,2015,777645
A,NR,PET,FR,2016,928357
A,NR,PET,FR,2017,1116655
A,NR,PET,FR,2018,1329928
A,NR,PET,FR,2019,1438898
A,NR,PET,FR,2020,1025021
A,NR,PET,FR,2021,1097422
A,NR,PET,FR,2022,1049065
A,NR,PET,FR,2023,1251289
A,NR,PET,FR,2024,1256157
A,NR,PET,HR,2020,22126
A,NR,PET,HR,2021,23426
A,NR,PET,HR,2022,26618
A,NR,PET,HR,2023,32234
A,NR,PET,HR,2024,35439
A,NR,PET,HU,2015,44873
A,NR,PET,HU,2016,61753
A,NR,PET,HU,2017,78458
A,NR,PET,HU,2018,102718
A,NR,PET,HU,2019,123906
A,NR,PET,HU,2020,93177
A,NR,PET,HU,2021,89975
A,NR,PET,HU,2022,85461
A,NR,PET,HU,2023,81654
A,NR,PET,HU,2024,92220
A,NR,PET,IE,2015,35311
A,NR,PET,IE,2016,41160
A,NR,PET,IE,2017,45304
A,NR,PET,IE,2018,56554
A,NR,PET,IE,2019,62554
A,NR,PET,IE,2020,46630
A,NR,PET,IE,2021,58808
A,NR,PET,IE,2022,59687
A,NR,PET,IE,2023,70094
A,NR,PET,IE,2024,75137
A,NR,PET,IT,2015,521450
A,NR,PET,IT,2016,643165
A,NR,PET,IT,2017,700072
A,NR,PET,IT,2018,774685
A,NR,PET,IT,2019,969245
A,NR,PET,IT,2020,773479
A,NR,PET,IT,2021,906634
A,NR,PET,IT,2022,833735
A,NR,PET,IT,2023,1014551
A,NR,PET,IT,2024,1067243
A,NR,PET,LT,2015,6002
A,NR,PET,LT,2016,8734
A,NR,PET,LT,2017,11162
A,NR,PET,LT,2018,14224
A,NR,PET,LT,2019,17917
A,NR,PET,LT,2020,32922
A,NR,PET,LT,2021,21892
A,NR,PET,LT,2022,19072
A,NR,PET,LT,2023,20520
A,NR,PET,LT,2024,19931
A,NR,PET,LU,2015,13447
A,NR,PET,LU,2016,17623
A,NR,PET,LU,2017,23891
A,NR,PET,LU,2018,27455
A,NR,PET,LU,2019,30120
A,NR,PET,LU,2020,24548
A,NR,PET,LU,2021,25132
A,NR,PET,LU,2022,23339
A,NR,PET,LU,2023,27804
A,NR,PET,LU,2024,25683
A,NR,PET,LV,2015,7211
A,NR,PET,LV,2016,9381
A,NR,PET,LV,2017,9488
A,NR,PET,LV,2018,10240
A,NR,PET,LV,2019,11393
A,NR,PET,LV,2020,8363
A,NR,PET,LV,2021,9935
A,NR,PET,LV,2022,11857
A,NR,PET,LV,2023,12702
A,NR,PET,LV,2024,11777
A,NR,PET,MT,2015,4418
A,NR,PET,MT,2016,4679
A,NR,PET,MT,2017,5133
A,NR,PET,MT,2018,5477
A,NR,PET,MT,2019,5327
A,NR,PET,MT,2020,3342
A,NR,PET,MT,2021,4226
A,NR,PET,MT,2022,4933
A,NR,PET,MT,2023,5218
A,NR,PET,MT,2024,4403
A,NR,PET,NL,2015,314882
A,NR,PET,NL,2016,304643
A,NR,PET,NL,2017,331608
A,NR,PET,NL,2018,360573
A,NR,PET,NL,2019,350015
A,NR,PET,NL,2020,267482
A,NR,PET,NL,2021,249350
A,NR,PET,NL,2022,231791
A,NR,PET,NL,2023,249294
A,NR,PET,NL,2024,243342
A,NR,PET,PL,2015,228917
A,NR,PET,PL,2016,275508
A,NR,PET,PL,2017,336320
A,NR,PET,PL,2018,386756
A,NR,PET,PL,2019,424253
A,NR,PET,PL,2020,324792
A,NR,PET,PL,2021,343705
A,NR,PET,PL,2022,324041
A,NR,PET,PL,2023,364350
A,NR,PET,PL,2024,423169
A,NR,PET,PT,2017,81073
A,NR,PET,PT,2018,97697
A,NR,PET,PT,2019,123064
A,NR,PET,PT,2020,83561
A,NR,PET,PT,2021,91395
A,NR,PET,PT,2022,100758
A,NR,PET,PT,2023,123422
A,NR,PET,PT,2024,129437
A,NR,PET,RO,2015,35509
A,NR,PET,RO,2016,45417
A,NR,PET,RO,2017,51554
A,NR,PET,RO,2018,75586
A,NR,PET,RO,2019,114564
A,NR,PET,RO,2020,79244
A,NR,PET,RO,2021,74857
A,NR,PET,RO,2022,84943
A,NR,PET,RO,2023,91118
A,NR,PET,RO,2024,103113
A,NR,PET,SE,2015,145383
A,NR,PET,SE,2016,177903
A,NR,PET,SE,2017,191048
A,NR,PET,SE,2018,215360
A,NR,PET,SE,2019,221280
A,NR,PET,SE,2020,194265
A,NR,PET,SE,2021,189502
A,NR,PET,SE,2022,153387
A,NR,PET,SE,2023,146412
A,NR,PET,SE,2024,147825
A,NR,PET,SI,2015,29038
A,NR,PET,SI,2016,31429
A,NR,PET,SI,2017,38229
A,NR,PET,SI,2018,48240
A,NR,PET,SI,2019,47937
A,NR,PET,SI,2020,33287
A,NR,PET,SI,2021,37219
A,NR,PET,SI,2022,32866
A,NR,PET,SI,2023,36290
A,NR,PET,SI,2024,40433
A,NR,PET,SK,2020,55389
A,NR,PET,SK,2021,58498
A,NR,PET,SK,2022,59972
A,NR,PET,SK,2023,64771
A,NR,PET,SK,2024,67991
A,NR,PET_X_HYB,AT,2015,122832
A,NR,PET_X_HYB,AT,2016,131756
A,NR,PET_X_HYB,AT,2017,163701
A,NR,PET_X_HYB,AT,2018,184150
A,NR,PET_X_HYB,AT,2019,176706
A,NR,PET_X_HYB,AT,2020,107771
A,NR,PET_X_HYB,AT,2021,91478
A,NR,PET_X_HYB,AT,2022,78567
A,NR,PET_X_HYB,AT,2023,77354
A,NR,PET_X_HYB,AT,2024,84004
A,NR,PET_X_HYB,BE,2015,189947
A,NR,PET_X_HYB,BE,2016,240384
A,NR,PET_X_HYB,BE,2017,265026
A,NR,PET_X_HYB,BE,2018,323774
A,NR,PET_X_HYB,BE,2019,336731
A,NR,PET_X_HYB,BE,2020,211646
A,NR,PET_X_HYB,BE,2021,169019
A,NR,PET_X_HYB,BE,2022,145998
A,NR,PET_X_HYB,BE,2023,155993
A,NR,PET_X_HYB,BE,2024,128583
A,NR,PET_X_HYB,BG,2020,17021
A,NR,PET_X_HYB,BG,2021,20786
A,NR,PET_X_HYB,BG,2022,21669
A,NR,PET_X_HYB,BG,2023,28613
A,NR,PET_X_HYB,BG,2024,32555
A,NR,PET_X_HYB,CY,2015,5715
A,NR,PET_X_HYB,CY,2016,6753
A,NR,PET_X_HYB,CY,2017,6891
A,NR,PET_X_HYB,CY,2018,6874
A,NR,PET_X_HYB,CY,2019,6959
A,NR,PET_X_HYB,CY,2020,5706
A,NR,PET_X_HYB,CY,2021,5997
A,NR,PET_X_HYB,CY,2022,6380
A,NR,PET_X_HYB,CY,2023,7279
A,NR,PET_X_HYB,CY,2024,6394
A,NR,PET_X_HYB,CZ,2020,122584
A,NR,PET_X_HYB,CZ,2021,138660
A,NR,PET_X_HYB,CZ,2022,106597
A,NR,PET_X_HYB,CZ,2023,115051
A,NR,PET_X_HYB,CZ,2024,139857
A,NR,PET_X_HYB,DE,2017,1986488
A,NR,PET_X_HYB,DE,2018,2142700
A,NR,PET_X_HYB,DE,2019,2136891
A,NR,PET_X_HYB,DE,2020,1361723
A,NR,PET_X_HYB,DE,2021,972588
A,NR,PET_X_HYB,DE,2022,863445
A,NR,PET_X_HYB,DE,2023,978660
A,NR,PET_X_HYB,DE,2024,991948
A,NR,PET_X_HYB,DK,2015,137698
A,NR,PET_X_HYB,DK,2016,140371
A,NR,PET_X_HYB,DK,2017,142607
A,NR,PET_X_HYB,DK,2018,141318
A,NR,PET_X_HYB,DK,2019,155863
A,NR,PET_X_HYB,DK,2020,111259
A,NR,PET_X_HYB,DK,2021,87137
A,NR,PET_X_HYB,DK,2022,52655
A,NR,PET_X_HYB,DK,2023,54357
A,NR,PET_X_HYB,DK,2024,39506
A,NR,PET_X_HYB,EE,2015,13718
A,NR,PET_X_HYB,EE,2016,15821
A,NR,PET_X_HYB,EE,2017,17991
A,NR,PET_X_HYB,EE,2018,18174
A,NR,PET_X_HYB,EE,2019,17928
A,NR,PET_X_HYB,EE,2020,10582
A,NR,PET_X_HYB,EE,2021,10817
A,NR,PET_X_HYB,EE,2022,9029
A,NR,PET_X_HYB,EE,2023,8914
A,NR,PET_X_HYB,EE,2024,6785
A,NR,PET_X_HYB,EL,2021,49670
A,NR,PET_X_HYB,EL,2022,47152
A,NR,PET_X_HYB,EL,2023,56259
A,NR,PET_X_HYB,EL,2024,48937
A,NR,PET_X_HYB,ES,2015,376691
A,NR,PET_X_HYB,ES,2016,466320
A,NR,PET_X_HYB,ES,2017,580296
A,NR,PET_X_HYB,ES,2018,756357
A,NR,PET_X_HYB,ES,2019,776373
A,NR,PET_X_HYB,ES,2020,427645
A,NR,PET_X_HYB,ES,2021,390081
A,NR,PET_X_HYB,ES,2022,344341
A,NR,PET_X_HYB,ES,2023,390295
A,NR,PET_X_HYB,ES,2024,383652
A,NR,PET_X_HYB,FI,2015,66252
A,NR,PET_X_HYB,FI,2016,73258
A,NR,PET_X_HYB,FI,2017,70522
A,NR,PET_X_HYB,FI,2018,73069
A,NR,PET_X_HYB,FI,2019,67751
A,NR,PET_X_HYB,FI,2020,45596
A,NR,PET_X_HYB,FI,2021,30760
A,NR,PET_X_HYB,FI,2022,19246
A,NR,PET_X_HYB,FI,2023,15261
A,NR,PET_X_HYB,FI,2024,11258
A,NR,PET_X_HYB,FR,2015,736108
A,NR,PET_X_HYB,FR,2016,874838
A,NR,PET_X_HYB,FR,2017,1034534
A,NR,PET_X_HYB,FR,2018,1224694
A,NR,PET_X_HYB,FR,2019,1322937
A,NR,PET_X_HYB,FR,2020,802718
A,NR,PET_X_HYB,FR,2021,700919
A,NR,PET_X_HYB,FR,2022,611179
A,NR,PET_X_HYB,FR,2023,672770
A,NR,PET_X_HYB,FR,2024,530232
A,NR,PET_X_HYB,HR,2020,19803
A,NR,PET_X_HYB,HR,2021,23426
A,NR,PET_X_HYB,HR,2022,19149
A,NR,PET_X_HYB,HR,2023,21040
A,NR,PET_X_HYB,HR,2024,29841
A,NR,PET_X_HYB,HU,2015,44044
A,NR,PET_X_HYB,HU,2016,59943
A,NR,PET_X_HYB,HU,2017,74498
A,NR,PET_X_HYB,HU,2018,96555
A,NR,PET_X_HYB,HU,2019,114709
A,NR,PET_X_HYB,HU,2020,62301
A,NR,PET_X_HYB,HU,2021,45561
A,NR,PET_X_HYB,HU,2022,44330
A,NR,PET_X_HYB,HU,2023,37811
A,NR,PET_X_HYB,HU,2024,36320
A,NR,PET_X_HYB,IE,2017,40495
A,NR,PET_X_HYB,IE,2018,48840
A,NR,PET_X_HYB,IE,2019,50318
A,NR,PET_X_HYB,IE,2020,33595
A,NR,PET_X_HYB,IE,2021,34000
A,NR,PET_X_HYB,IE,2022,32095
A,NR,PET_X_HYB,IE,2023,40370
A,NR,PET_X_HYB,IE,2024,37964
A,NR,PET_X_HYB,IT,2015,521450
A,NR,PET_X_HYB,IT,2016,643165
A,NR,PET_X_HYB,IT,2017,700072
A,NR,PET_X_HYB,IT,2018,774685
A,NR,PET_X_HYB,IT,2019,889685
A,NR,PET_X_HYB,IT,2020,585470
A,NR,PET_X_HYB,IT,2021,481746
A,NR,PET_X_HYB,IT,2022,376485
A,NR,PET_X_HYB,IT,2023,456263
A,NR,PET_X_HYB,IT,2024,468763
A,NR,PET_X_HYB,LT,2015,5908
A,NR,PET_X_HYB,LT,2016,8499
A,NR,PET_X_HYB,LT,2017,10661
A,NR,PET_X_HYB,LT,2018,11920
A,NR,PET_X_HYB,LT,2019,14717
A,NR,PET_X_HYB,LT,2020,24924
A,NR,PET_X_HYB,LT,2021,12407
A,NR,PET_X_HYB,LT,2022,10323
A,NR,PET_X_HYB,LT,2023,9966
A,NR,PET_X_HYB,LT,2024,6743
A,NR,PET_X_HYB,LU,2015,13021
A,NR,PET_X_HYB,LU,2016,16900
A,NR,PET_X_HYB,LU,2017,22368
A,NR,PET_X_HYB,LU,2018,25811
A,NR,PET_X_HYB,LU,2019,27837
A,NR,PET_X_HYB,LU,2020,19589
A,NR,PET_X_HYB,LU,2021,16839
A,NR,PET_X_HYB,LU,2022,14559
A,NR,PET_X_HYB,LU,2023,16307
A,NR,PET_X_HYB,LU,2024,13783
A,NR,PET_X_HYB,LV,2015,7202
A,NR,PET_X_HYB,LV,2016,9363
A,NR,PET_X_HYB,LV,2017,9471
A,NR,PET_X_HYB,LV,2018,10222
A,NR,PET_X_HYB,LV,2019,11379
A,NR,PET_X_HYB,LV,2020,8285
A,NR,PET_X_HYB,LV,2021,9788
A,NR,PET_X_HYB,LV,2022,7024
A,NR,PET_X_HYB,LV,2023,6841
A,NR,PET_X_HYB,LV,2024,4619
A,NR,PET_X_HYB,MT,2015,4370
A,NR,PET_X_HYB,MT,2016,4560
A,NR,PET_X_HYB,MT,2017,4908
A,NR,PET_X_HYB,MT,2018,4955
A,NR,PET_X_HYB,MT,2019,4612
A,NR,PET_X_HYB,MT,2020,2701
A,NR,PET_X_HYB,MT,2021,2686
A,NR,PET_X_HYB,MT,2022,2411
A,NR,PET_X_HYB,MT,2023,2525
A,NR,PET_X_HYB,MT,2024,2453
A,NR,PET_X_HYB,NL,2019,316274
A,NR,PET_X_HYB,NL,2020,205008
A,NR,PET_X_HYB,NL,2021,146821
A,NR,PET_X_HYB,NL,2022,119401
A,NR,PET_X_HYB,NL,2023,112216
A,NR,PET_X_HYB,NL,2024,83235
A,NR,PET_X_HYB,PL,2015,226638
A,NR,PET_X_HYB,PL,2016,271388
A,NR,PET_X_HYB,PL,2017,329538
A,NR,PET_X_HYB,PL,2018,377113
A,NR,PET_X_HYB,PL,2019,407613
A,NR,PET_X_HYB,PL,2020,292487
A,NR,PET_X_HYB,PL,2021,291872
A,NR,PET_X_HYB,PL,2022,262875
A,NR,PET_X_HYB,PL,2023,277876
A,NR,PET_X_HYB,PL,2024,312024
A,NR,PET_X_HYB,PT,2017,74357
A,NR,PET_X_HYB,PT,2018,87083
A,NR,PET_X_HYB,PT,2019,109847
A,NR,PET_X_HYB,PT,2020,63916
A,NR,PET_X_HYB,PT,2021,62883
A,NR,PET_X_HYB,PT,2022,66058
A,NR,PET_X_HYB,PT,2023,72281
A,NR,PET_X_HYB,PT,2024,71537
A,NR,PET_X_HYB,RO,2015,408
A,NR,PET_X_HYB,RO,2016,44422
A,NR,PET_X_HYB,RO,2017,49664
A,NR,PET_X_HYB,RO,2018,71873
A,NR,PET_X_HYB,RO,2019,107810
A,NR,PET_X_HYB,RO,2020,66110
A,NR,PET_X_HYB,RO,2021,47813
A,NR,PET_X_HYB,RO,2022,53298
A,NR,PET_X_HYB,RO,2023,51034
A,NR,PET_X_HYB,RO,2024,49005
A,NR,PET_X_HYB,SE,2015,131576
A,NR,PET_X_HYB,SE,2016,155318
A,NR,PET_X_HYB,SE,2017,157794
A,NR,PET_X_HYB,SE,2018,173813
A,NR,PET_X_HYB,SE,2019,169199
A,NR,PET_X_HYB,SE,2020,94448
A,NR,PET_X_HYB,SE,2021,68405
A,NR,PET_X_HYB,SE,2022,46962
A,NR,PET_X_HYB,SE,2023,60582
A,NR,PET_X_HYB,SE,2024,62677
A,NR,PET_X_HYB,SI,2015,29038
A,NR,PET_X_HYB,SI,2016,31429
A,NR,PET_X_HYB,SI,2017,38229
A,NR,PET_X_HYB,SI,2018,48240
A,NR,PET_X_HYB,SI,2019,47937
A,NR,PET_X_HYB,SI,2020,31529
A,NR,PET_X_HYB,SI,2021,31245
A,NR,PET_X_HYB,SI,2022,25989
A,NR,PET_X_HYB,SI,2023,25198
A,NR,PET_X_HYB,SI,2024,26811
A,NR,PET_X_HYB,SK,2020,47263
A,NR,PET_X_HYB,SK,2021,42184
A,NR,PET_X_HYB,SK,2022,43903
A,NR,PET_X_HYB,SK,2023,41412
A,NR,PET_X_HYB,SK,2024,42130
A,NR,REN_OTH,AT,2015,0
A,NR,REN_OTH,AT,2016,0
A,NR,REN_OTH,AT,2017,0
A,NR,REN_OTH,AT,2018,0
A,NR,REN_OTH,AT,2019,0
A,NR,REN_OTH,AT,2020,0
A,NR,REN_OTH,AT,2021,0
A,NR,REN_OTH,AT,2022,0
A,NR,REN_OTH,AT,2023,0
A,NR,REN_OTH,AT,2024,0
A,NR,REN_OTH,BE,2015,1
A,NR,REN_OTH,BE,2016,6
A,NR,REN_OTH,BE,2017,0
A,NR,REN_OTH,BE,2018,2
A,NR,REN_OTH,BE,2019,1
A,NR,REN_OTH,BE,2020,1
A,NR,REN_OTH,BE,2021,0
A,NR,REN_OTH,BE,2022,2
A,NR,REN_OTH,BE,2023,0
A,NR,REN_OTH,BE,2024,1
A,NR,REN_OTH,BG,2015,0
A,NR,REN_OTH,BG,2016,0
A,NR,REN_OTH,BG,2017,0
A,NR,REN_OTH,BG,2018,0
A,NR,REN_OTH,BG,2019,0
A,NR,REN_OTH,BG,2020,0
A,NR,REN_OTH,BG,2021,0
A,NR,REN_OTH,BG,2022,0
A,NR,REN_OTH,BG,2023,0
A,NR,REN_OTH,BG,2024,0
A,NR,REN_OTH,CY,2015,0
A,NR,REN_OTH,CY,2016,0
A,NR,REN_OTH,CY,2017,0
A,NR,REN_OTH,CY,2018,0
A,NR,REN_OTH,CY,2019,0
A,NR,REN_OTH,CY,2020,0
A,NR,REN_OTH,CY,2021,0
A,NR,REN_OTH,CY,2022,0
A,NR,REN_OTH,CY,2023,0
A,NR,REN_OTH,CY,2024,0
A,NR,REN_OTH,CZ,2015,0
A,NR,REN_OTH,CZ,2016,0
A,NR,REN_OTH,CZ,2017,0
A,NR,REN_OTH,CZ,2018,0
A,NR,REN_OTH,CZ,2019,0
A,NR,REN_OTH,CZ,2020,0
A,NR,REN_OTH,CZ,2021,1
A,NR,REN_OTH,CZ,2022,0
A,NR,REN_OTH,CZ,2023,1
A,NR,REN_OTH,CZ,2024,2
A,NR,REN_OTH,DE,2015,0
A,NR,REN_OTH,DE,2016,0
A,NR,REN_OTH,DE,2017,0
A,NR,REN_OTH,DE,2018,0
A,NR,REN_OTH,DE,2019,0
A,NR,REN_OTH,DE,2020,0
A,NR,REN_OTH,DE,2021,0
A,NR,REN_OTH,DE,2022,0
A,NR,REN_OTH,DE,2023,0
A,NR,REN_OTH,DE,2024,0
A,NR,REN_OTH,DK,2015,0
A,NR,REN_OTH,DK,2016,0
A,NR,REN_OTH,DK,2017,0
A,NR,REN_OTH,DK,2018,0
A,NR,REN_OTH,DK,2019,0
A,NR,REN_OTH,DK,2020,0
A,NR,REN_OTH,DK,2021,0
A,NR,REN_OTH,DK,2022,0
A,NR,REN_OTH,DK,2023,0
A,NR,REN_OTH,DK,2024,0
A,NR,REN_OTH,EE,2015,0
A,NR,REN_OTH,EE,2016,0
A,NR,REN_OTH,EE,2017,0
A,NR,REN_OTH,EE,2018,0
A,NR,REN_OTH,EE,2019,0
A,NR,REN_OTH,EE,2020,0
A,NR,REN_OTH,EE,2021,0
A,NR,REN_OTH,EE,2022,0
A,NR,REN_OTH,EE,2023,0
A,NR,REN_OTH,EE,2024,0
A,NR,REN_OTH,EL,2015,0
A,NR,REN_OTH,EL,2016,0
A,NR,REN_OTH,EL,2017,0
A,NR,REN_OTH,EL,2018,0
A,NR,REN_OTH,EL,2019,0
A,NR,REN_OTH,EL,2020,0
A,NR,REN_OTH,EL,2021,0
A,NR,REN_OTH,EL,2022,0
A,NR,REN_OTH,EL,2023,0
A,NR,REN_OTH,EL,2024,0
A,NR,REN_OTH,ES,2015,5
A,NR,REN_OTH,ES,2016,1
A,NR,REN_OTH,ES,2017,0
A,NR,REN_OTH,ES,2018,0
A,NR,REN_OTH,ES,2019,0
A,NR,REN_OTH,ES,2020,0
A,NR,REN_OTH,ES,2021,1
A,NR,REN_OTH,ES,2022,0
A,NR,REN_OTH,ES,2023,0
A,NR,REN_OTH,ES,2024,0
A,NR,REN_OTH,FI,2015,105
A,NR,REN_OTH,FI,2016,14
A,NR,REN_OTH,FI,2017,1
A,NR,REN_OTH,FI,2018,0
A,NR,REN_OTH,FI,2019,0
A,NR,REN_OTH,FI,2020,0
A,NR,REN_OTH,FI,2021,12
A,NR,REN_OTH,FI,2022,27
A,NR,REN_OTH,FI,2023,17
A,NR,REN_OTH,FI,2024,43
A,NR,REN_OTH,FR,2015,231
A,NR,REN_OTH,FR,2016,1062
A,NR,REN_OTH,FR,2017,0
A,NR,REN_OTH,FR,2018,0
A,NR,REN_OTH,FR,2019,0
A,NR,REN_OTH,FR,2020,0
A,NR,REN_OTH,FR,2021,0
A,NR,REN_OTH,FR,2022,0
A,NR,REN_OTH,FR,2023,0
A,NR,REN_OTH,FR,2024,0
A,NR,REN_OTH,HR,2015,0
A,NR,REN_OTH,HR,2016,0
A,NR,REN_OTH,HR,2017,0
A,NR,REN_OTH,HR,2018,0
A,NR,REN_OTH,HR,2019,0
A,NR,REN_OTH,HR,2020,0
A,NR,REN_OTH,HR,2021,0
A,NR,REN_OTH,HR,2022,0
A,NR,REN_OTH,HR,2023,0
A,NR,REN_OTH,HR,2024,0
A,NR,REN_OTH,HU,2015,0
A,NR,REN_OTH,HU,2016,0
A,NR,REN_OTH,HU,2017,0
A,NR,REN_OTH,HU,2018,0
A,NR,REN_OTH,HU,2019,0
A,NR,REN_OTH,HU,2020,0
A,NR,REN_OTH,HU,2021,0
A,NR,REN_OTH,HU,2022,0
A,NR,REN_OTH,HU,2023,0
A,NR,REN_OTH,HU,2024,0
A,NR,REN_OTH,IE,2015,0
A,NR,REN_OTH,IE,2016,0
A,NR,REN_OTH,IE,2017,0
A,NR,REN_OTH,IE,2018,0
A,NR,REN_OTH,IE,2019,0
A,NR,REN_OTH,IE,2020,0
A,NR,REN_OTH,IE,2021,0
A,NR,REN_OTH,IE,2022,0
A,NR,REN_OTH,IE,2023,0
A,NR,REN_OTH,IE,2024,0
A,NR,REN_OTH,IT,2015,0
A,NR,REN_OTH,IT,2016,0
A,NR,REN_OTH,IT,2017,0
A,NR,REN_OTH,IT,2018,0
A,NR,REN_OTH,IT,2019,0
A,NR,REN_OTH,IT,2020,0
A,NR,REN_OTH,IT,2021,0
A,NR,REN_OTH,IT,2022,0
A,NR,REN_OTH,IT,2023,33
A,NR,REN_OTH,IT,2024,0
A,NR,REN_OTH,LT,2015,0
A,NR,REN_OTH,LT,2016,0
A,NR,REN_OTH,LT,2017,0
A,NR,REN_OTH,LT,2018,0
A,NR,REN_OTH,LT,2019,0
A,NR,REN_OTH,LT,2020,0
A,NR,REN_OTH,LT,2021,0
A,NR,REN_OTH,LT,2022,0
A,NR,REN_OTH,LT,2023,0
A,NR,REN_OTH,LT,2024,0
A,NR,REN_OTH,LU,2015,0
A,NR,REN_OTH,LU,2016,0
A,NR,REN_OTH,LU,2017,0
A,NR,REN_OTH,LU,2018,0
A,NR,REN_OTH,LU,2019,0
A,NR,REN_OTH,LU,2020,0
A,NR,REN_OTH,LU,2021,0
A,NR,REN_OTH,LU,2022,0
A,NR,REN_OTH,LU,2023,0
A,NR,REN_OTH,LU,2024,0
A,NR,REN_OTH,LV,2015,0
A,NR,REN_OTH,LV,2016,0
A,NR,REN_OTH,LV,2017,0
A,NR,REN_OTH,LV,2018,0
A,NR,REN_OTH,LV,2019,0
A,NR,REN_OTH,LV,2020,0
A,NR,REN_OTH,LV,2021,0
A,NR,REN_OTH,LV,2022,0
A,NR,REN_OTH,LV,2023,0
A,NR,REN_OTH,LV,2024,0
A,NR,REN_OTH,MT,2015,0
A,NR,REN_OTH,MT,2016,0
A,NR,REN_OTH,MT,2017,0
A,NR,REN_OTH,MT,2018,0
A,NR,REN_OTH,MT,2019,0
A,NR,REN_OTH,MT,2020,0
A,NR,REN_OTH,MT,2021,0
A,NR,REN_OTH,MT,2022,0
A,NR,REN_OTH,MT,2023,0
A,NR,REN_OTH,MT,2024,0
A,NR,REN_OTH,NL,2015,0
A,NR,REN_OTH,NL,2016,0
A,NR,REN_OTH,NL,2017,0
A,NR,REN_OTH,NL,2018,0
A,NR,REN_OTH,NL,2019,0
A,NR,REN_OTH,NL,2020,0
A,NR,REN_OTH,NL,2021,0
A,NR,REN_OTH,NL,2022,0
A,NR,REN_OTH,NL,2023,0
A,NR,REN_OTH,NL,2024,0
A,NR,REN_OTH,PL,2015,2
A,NR,REN_OTH,PL,2016,2
A,NR,REN_OTH,PL,2017,11
A,NR,REN_OTH,PL,2018,49
A,NR,REN_OTH,PL,2019,76
A,NR,REN_OTH,PL,2020,58
A,NR,REN_OTH,PL,2021,0
A,NR,REN_OTH,PL,2022,0
A,NR,REN_OTH,PL,2023,0
A,NR,REN_OTH,PL,2024,0
A,NR,REN_OTH,PT,2015,0
A,NR,REN_OTH,PT,2016,0
A,NR,REN_OTH,PT,2017,0
A,NR,REN_OTH,PT,2018,0
A,NR,REN_OTH,PT,2019,0
A,NR,REN_OTH,PT,2020,0
A,NR,REN_OTH,PT,2021,0
A,NR,REN_OTH,PT,2022,0
A,NR,REN_OTH,PT,2023,0
A,NR,REN_OTH,PT,2024,0
A,NR,REN_OTH,RO,2015,0
A,NR,REN_OTH,RO,2016,0
A,NR,REN_OTH,RO,2017,0
A,NR,REN_OTH,RO,2018,0
A,NR,REN_OTH,RO,2019,0
A,NR,REN_OTH,RO,2020,0
A,NR,REN_OTH,RO,2021,0
A,NR,REN_OTH,RO,2022,0
A,NR,REN_OTH,RO,2023,0
A,NR,REN_OTH,RO,2024,0
A,NR,REN_OTH,SE,2015,4
A,NR,REN_OTH,SE,2016,1
A,NR,REN_OTH,SE,2017,0
A,NR,REN_OTH,SE,2018,4
A,NR,REN_OTH,SE,2019,3
A,NR,REN_OTH,SE,2020,2
A,NR,REN_OTH,SE,2021,7
A,NR,REN_OTH,SE,2022,5
A,NR,REN_OTH,SE,2023,4191
A,NR,REN_OTH,SE,2024,3981
A,NR,REN_OTH,SI,2015,0
A,NR,REN_OTH,SI,2016,0
A,NR,REN_OTH,SI,2017,0
A,NR,REN_OTH,SI,2018,0
A,NR,REN_OTH,SI,2019,0
A,NR,REN_OTH,SI,2020,0
A,NR,REN_OTH,SI,2021,0
A,NR,REN_OTH,SI,2022,0
A,NR,REN_OTH,SI,2023,0
A,NR,REN_OTH,SI,2024,0
A,NR,REN_OTH,SK,2015,0
A,NR,REN_OTH,SK,2016,0
A,NR,REN_OTH,SK,2017,0
A,NR,REN_OTH,SK,2018,0
A,NR,REN_OTH,SK,2019,0
A,NR,REN_OTH,SK,2020,0
A,NR,REN_OTH,SK,2021,0
A,NR,REN_OTH,SK,2022,0
A,NR,REN_OTH,SK,2023,0
A,NR,REN_OTH,SK,2024,0
A,NR,TOTAL,AT,2015,308555
A,NR,TOTAL,AT,2016,329604
A,NR,TOTAL,AT,2017,353320
A,NR,TOTAL,AT,2018,341068
A,NR,TOTAL,AT,2019,329363
A,NR,TOTAL,AT,2020,248740
A,NR,TOTAL,AT,2021,239803
A,NR,TOTAL,AT,2022,215050
A,NR,TOTAL,AT,2023,239150
A,NR,TOTAL,AT,2024,253789
A,NR,TOTAL,BE,2015,506284
A,NR,TOTAL,BE,2016,546142
A,NR,TOTAL,BE,2017,553692
A,NR,TOTAL,BE,2018,557487
A,NR,TOTAL,BE,2019,558003
A,NR,TOTAL,BE,2020,439038
A,NR,TOTAL,BE,2021,392769
A,NR,TOTAL,BE,2022,374597
A,NR,TOTAL,BE,2023,484639
A,NR,TOTAL,BE,2024,456303
A,NR,TOTAL,BG,2015,17271
A,NR,TOTAL,BG,2016,20386
A,NR,TOTAL,BG,2017,25995
A,NR,TOTAL,BG,2018,28584
A,NR,TOTAL,BG,2019,32885
A,NR,TOTAL,BG,2020,20429
A,NR,TOTAL,BG,2021,24467
A,NR,TOTAL,BG,2022,28568
A,NR,TOTAL,BG,2023,37476
A,NR,TOTAL,BG,2024,42799
A,NR,TOTAL,CY,2015,10078
A,NR,TOTAL,CY,2016,12468
A,NR,TOTAL,CY,2017,13118
A,NR,TOTAL,CY,2018,13126
A,NR,TOTAL,CY,2019,12601
A,NR,TOTAL,CY,2020,10237
A,NR,TOTAL,CY,2021,10611
A,NR,TOTAL,CY,2022,11577
A,NR,TOTAL,CY,2023,14637
A,NR,TOTAL,CY,2024,15061
A,NR,TOTAL,CZ,2015,229731
A,NR,TOTAL,CZ,2016,257854
A,NR,TOTAL,CZ,2017,269622
A,NR,TOTAL,CZ,2018,259525
A,NR,TOTAL,CZ,2019,247567
A,NR,TOTAL,CZ,2020,198400
A,NR,TOTAL,CZ,2021,205397
A,NR,TOTAL,CZ,2022,177644
A,NR,TOTAL,CZ,2023,212662
A,NR,TOTAL,CZ,2024,217520
A,NR,TOTAL,DE,2015,3206042
A,NR,TOTAL,DE,2016,3285904
A,NR,TOTAL,DE,2017,3441262
A,NR,TOTAL,DE,2018,3435778
A,NR,TOTAL,DE,2019,3607258
A,NR,TOTAL,DE,2020,2917678
A,NR,TOTAL,DE,2021,2622132
A,NR,TOTAL,DE,2022,2651357
A,NR,TOTAL,DE,2023,2844609
A,NR,TOTAL,DE,2024,2817331
A,NR,TOTAL,DK,2015,206653
A,NR,TOTAL,DK,2016,222469
A,NR,TOTAL,DK,2017,221473
A,NR,TOTAL,DK,2018,218475
A,NR,TOTAL,DK,2019,225620
A,NR,TOTAL,DK,2020,198979
A,NR,TOTAL,DK,2021,186592
A,NR,TOTAL,DK,2022,149285
A,NR,TOTAL,DK,2023,173374
A,NR,TOTAL,DK,2024,173461
A,NR,TOTAL,EE,2015,21064
A,NR,TOTAL,EE,2016,23020
A,NR,TOTAL,EE,2017,25621
A,NR,TOTAL,EE,2018,26299
A,NR,TOTAL,EE,2019,27579
A,NR,TOTAL,EE,2020,19295
A,NR,TOTAL,EE,2021,22610
A,NR,TOTAL,EE,2022,20558
A,NR,TOTAL,EE,2023,22986
A,NR,TOTAL,EE,2024,25744
A,NR,TOTAL,EL,2015,75497
A,NR,TOTAL,EL,2016,78790
A,NR,TOTAL,EL,2017,88001
A,NR,TOTAL,EL,2018,103322
A,NR,TOTAL,EL,2019,114007
A,NR,TOTAL,EL,2020,79597
A,NR,TOTAL,EL,2021,100274
A,NR,TOTAL,EL,2022,105219
A,NR,TOTAL,EL,2023,134465
A,NR,TOTAL,EL,2024,136984
A,NR,TOTAL,ES,2015,1047782
A,NR,TOTAL,ES,2016,1228412
A,NR,TOTAL,ES,2017,1339232
A,NR,TOTAL,ES,2018,1439270
A,NR,TOTAL,ES,2019,1372821
A,NR,TOTAL,ES,2020,927523
A,NR,TOTAL,ES,2021,918831
A,NR,TOTAL,ES,2022,851525
A,NR,TOTAL,ES,2023,983721
A,NR,TOTAL,ES,2024,1067172
A,NR,TOTAL,FI,2015,108819
A,NR,TOTAL,FI,2016,119000
A,NR,TOTAL,FI,2017,118587
A,NR,TOTAL,FI,2018,120505
A,NR,TOTAL,FI,2019,114202
A,NR,TOTAL,FI,2020,96418
A,NR,TOTAL,FI,2021,98485
A,NR,TOTAL,FI,2022,81700
A,NR,TOTAL,FI,2023,87509
A,NR,TOTAL,FI,2024,74075
A,NR,TOTAL,FR,2015,1886229
A,NR,TOTAL,FR,2016,1984471
A,NR,TOTAL,FR,2017,2157670
A,NR,TOTAL,FR,2018,2223581
A,NR,TOTAL,FR,2019,2258277
A,NR,TOTAL,FR,2020,1693530
A,NR,TOTAL,FR,2021,1708675
A,NR,TOTAL,FR,2022,1576950
A,NR,TOTAL,FR,2023,1841326
A,NR,TOTAL,FR,2024,1781580
A,NR,TOTAL,HR,2015,34820
A,NR,TOTAL,HR,2016,43015
A,NR,TOTAL,HR,2017,50412
A,NR,TOTAL,HR,2018,59856
A,NR,TOTAL,HR,2019,62975
A,NR,TOTAL,HR,2020,36047
A,NR,TOTAL,HR,2021,35246
A,NR,TOTAL,HR,2022,37044
A,NR,TOTAL,HR,2023,43866
A,NR,TOTAL,HR,2024,47806
A,NR,TOTAL,HU,2015,77414
A,NR,TOTAL,HU,2016,96735
A,NR,TOTAL,HU,2017,116305
A,NR,TOTAL,HU,2018,136755
A,NR,TOTAL,HU,2019,158167
A,NR,TOTAL,HU,2020,128196
A,NR,TOTAL,HU,2021,122080
A,NR,TOTAL,HU,2022,111631
A,NR,TOTAL,HU,2023,107860
A,NR,TOTAL,HU,2024,121674
A,NR,TOTAL,IE,2015,129959
A,NR,TOTAL,IE,2016,149763
A,NR,TOTAL,IE,2017,133579
A,NR,TOTAL,IE,2018,128549
A,NR,TOTAL,IE,2019,126104
A,NR,TOTAL,IE,2020,92393
A,NR,TOTAL,IE,2021,108615
A,NR,TOTAL,IE,2022,107620
A,NR,TOTAL,IE,2023,125530
A,NR,TOTAL,IE,2024,125138
A,NR,TOTAL,IT,2015,1593857
A,NR,TOTAL,IT,2016,1848841
A,NR,TOTAL,IT,2017,1993826
A,NR,TOTAL,IT,2018,1944312
A,NR,TOTAL,IT,2019,1948479
A,NR,TOTAL,IT,2020,1437259
A,NR,TOTAL,IT,2021,1518876
A,NR,TOTAL,IT,2022,1335690
A,NR,TOTAL,IT,2023,1581156
A,NR,TOTAL,IT,2024,1592098
A,NR,TOTAL,LT,2015,13757
A,NR,TOTAL,LT,2016,16402
A,NR,TOTAL,LT,2017,19083
A,NR,TOTAL,LT,2018,21678
A,NR,TOTAL,LT,2019,25609
A,NR,TOTAL,LT,2020,40878
A,NR,TOTAL,LT,2021,28209
A,NR,TOTAL,LT,2022,24115
A,NR,TOTAL,LT,2023,26866
A,NR,TOTAL,LT,2024,27857
A,NR,TOTAL,LU,2015,46473
A,NR,TOTAL,LU,2016,50561
A,NR,TOTAL,LU,2017,52775
A,NR,TOTAL,LU,2018,52811
A,NR,TOTAL,LU,2019,55008
A,NR,TOTAL,LU,2020,45189
A,NR,TOTAL,LU,2021,44372
A,NR,TOTAL,LU,2022,42094
A,NR,TOTAL,LU,2023,49155
A,NR,TOTAL,LU,2024,46635
A,NR,TOTAL,LV,2015,14291
A,NR,TOTAL,LV,2016,16768
A,NR,TOTAL,LV,2017,17064
A,NR,TOTAL,LV,2018,17185
A,NR,TOTAL,LV,2019,18537
A,NR,TOTAL,LV,2020,13725
A,NR,TOTAL,LV,2021,14621
A,NR,TOTAL,LV,2022,16715
A,NR,TOTAL,LV,2023,18451
A,NR,TOTAL,LV,2024,17135
A,NR,TOTAL,MT,2015,7168
A,NR,TOTAL,MT,2016,7306
A,NR,TOTAL,MT,2017,7776
A,NR,TOTAL,MT,2018,8175
A,NR,TOTAL,MT,2019,7698
A,NR,TOTAL,MT,2020,4602
A,NR,TOTAL,MT,2021,5250
A,NR,TOTAL,MT,2022,6429
A,NR,TOTAL,MT,2023,7464
A,NR,TOTAL,MT,2024,7683
A,NR,TOTAL,NL,2015,448906
A,NR,TOTAL,NL,2016,382512
A,NR,TOTAL,NL,2017,414306
A,NR,TOTAL,NL,2018,443529
A,NR,TOTAL,NL,2019,445218
A,NR,TOTAL,NL,2020,355432
A,NR,TOTAL,NL,2021,322318
A,NR,TOTAL,NL,2022,312070
A,NR,TOTAL,NL,2023,369635
A,NR,TOTAL,NL,2024,381463
A,NR,TOTAL,PL,2015,356337
A,NR,TOTAL,PL,2016,418058
A,NR,TOTAL,PL,2017,490651
A,NR,TOTAL,PL,2018,540396
A,NR,TOTAL,PL,2019,561153
A,NR,TOTAL,PL,2020,432394
A,NR,TOTAL,PL,2021,450831
A,NR,TOTAL,PL,2022,421565
A,NR,TOTAL,PL,2023,477258
A,NR,TOTAL,PL,2024,554248
A,NR,TOTAL,PT,2015,178495
A,NR,TOTAL,PT,2016,207330
A,NR,TOTAL,PT,2017,224037
A,NR,TOTAL,PT,2018,228139
A,NR,TOTAL,PT,2019,223674
A,NR,TOTAL,PT,2020,145270
A,NR,TOTAL,PT,2021,146641
A,NR,TOTAL,PT,2022,158258
A,NR,TOTAL,PT,2023,200237
A,NR,TOTAL,PT,2024,210411
A,NR,TOTAL,RO,2015,81175
A,NR,TOTAL,RO,2016,95181
A,NR,TOTAL,RO,2017,106873
A,NR,TOTAL,RO,2018,130921
A,NR,TOTAL,RO,2019,161564
A,NR,TOTAL,RO,2020,126329
A,NR,TOTAL,RO,2021,121210
A,NR,TOTAL,RO,2022,129324
A,NR,TOTAL,RO,2023,144609
A,NR,TOTAL,RO,2024,151105
A,NR,TOTAL,SE,2015,361908
A,NR,TOTAL,SE,2016,387997
A,NR,TOTAL,SE,2017,392717
A,NR,TOTAL,SE,2018,365513
A,NR,TOTAL,SE,2019,366946
A,NR,TOTAL,SE,2020,293771
A,NR,TOTAL,SE,2021,303906
A,NR,TOTAL,SE,2022,289779
A,NR,TOTAL,SE,2023,290768
A,NR,TOTAL,SE,2024,270744
A,NR,TOTAL,SI,2015,60668
A,NR,TOTAL,SI,2016,64899
A,NR,TOTAL,SI,2017,72477
A,NR,TOTAL,SI,2018,74518
A,NR,TOTAL,SI,2019,72710
A,NR,TOTAL,SI,2020,53367
A,NR,TOTAL,SI,2021,53428
A,NR,TOTAL,SI,2022,45679
A,NR,TOTAL,SI,2023,48455
A,NR,TOTAL,SI,2024,52533
A,NR,TOTAL,SK,2015,78180
A,NR,TOTAL,SK,2016,88504
A,NR,TOTAL,SK,2017,96312
A,NR,TOTAL,SK,2018,98602
A,NR,TOTAL,SK,2019,101743
A,NR,TOTAL,SK,2020,76300
A,NR,TOTAL,SK,2021,75608
A,NR,TOTAL,SK,2022,78659
A,NR,TOTAL,SK,2023,86812
A,NR,TOTAL,SK,2024,91544
